{"type":"FeatureCollection","features":[{"type":"Feature","properties":{"mode":"bus","n":21,"arr":["A","B","E","4","21","36","75","137","268","273","274","531","536","565","627","686","M10","M15","M18","M108","1N"],"lines":"A, B, E, 4, 21, 36, 75, 137, 268, 273, 274, 531, 536, 565, 627, 686, M10, M15, M18, M108, 1N"},"geometry":{"type":"LineString","coordinates":[[18.995469,50.103381],[18.995466,50.103431]]}},{"type":"Feature","properties":{"mode":"bus","n":21,"arr":["A","B","E","4","21","36","75","137","268","273","274","531","536","565","627","686","M10","M15","M18","M108","1N"],"lines":"A, B, E, 4, 21, 36, 75, 137, 268, 273, 274, 531, 536, 565, 627, 686, M10, M15, M18, M108, 1N"},"geometry":{"type":"LineString","coordinates":[[18.995136,50.103201],[18.995246,50.103208]]}},{"type":"Feature","properties":{"mode":"bus","n":6,"arr":["A","36","268","531","M15","M18"],"lines":"A, 36, 268, 531, M15, M18"},"geometry":{"type":"LineString","coordinates":[[18.995466,50.103431],[18.995439,50.103486],[18.995319,50.103569],[18.995148,50.103596]]}},{"type":"Feature","properties":{"mode":"bus","n":21,"arr":["A","B","G","4","21","36","75","137","268","273","274","531","536","565","627","686","M10","M15","M18","M108","1N"],"lines":"A, B, G, 4, 21, 36, 75, 137, 268, 273, 274, 531, 536, 565, 627, 686, M10, M15, M18, M108, 1N"},"geometry":{"type":"LineString","coordinates":[[18.995095,50.103591],[18.995148,50.103596]]}},{"type":"Feature","properties":{"mode":"bus","n":21,"arr":["A","B","G","4","21","36","75","137","268","273","274","531","536","565","627","686","M10","M15","M18","M108","1N"],"lines":"A, B, G, 4, 21, 36, 75, 137, 268, 273, 274, 531, 536, 565, 627, 686, M10, M15, M18, M108, 1N"},"geometry":{"type":"LineString","coordinates":[[18.99487,50.103338],[18.994856,50.103389]]}},{"type":"Feature","properties":{"mode":"bus","n":16,"arr":["A","H","1","31","36","157","254","268","531","688","696","788","M10","M15","M18","1N"],"lines":"A, H, 1, 31, 36, 157, 254, 268, 531, 688, 696, 788, M10, M15, M18, 1N"},"geometry":{"type":"LineString","coordinates":[[18.982386,50.109308],[18.982392,50.10926]]}},{"type":"Feature","properties":{"mode":"bus","n":16,"arr":["A","H","1","31","36","157","254","268","531","688","696","788","M10","M15","M18","1N"],"lines":"A, H, 1, 31, 36, 157, 254, 268, 531, 688, 696, 788, M10, M15, M18, 1N"},"geometry":{"type":"LineString","coordinates":[[18.9822,50.109108],[18.982136,50.109104]]}},{"type":"Feature","properties":{"mode":"bus","n":5,"arr":["A","36","268","M10","M18"],"lines":"A, 36, 268, M10, M18"},"geometry":{"type":"LineString","coordinates":[[18.982109,50.10944],[18.982255,50.10942],[18.982386,50.109308]]}},{"type":"Feature","properties":{"mode":"bus","n":14,"arr":["A","H","1","2","31","36","157","268","531","696","M10","M15","M18","1N"],"lines":"A, H, 1, 2, 31, 36, 157, 268, 531, 696, M10, M15, M18, 1N"},"geometry":{"type":"LineString","coordinates":[[18.982109,50.10944],[18.982024,50.109426]]}},{"type":"Feature","properties":{"mode":"bus","n":8,"arr":["A","1","2","31","36","268","M18","1N"],"lines":"A, 1, 2, 31, 36, 268, M18, 1N"},"geometry":{"type":"LineString","coordinates":[[18.978658,50.11061],[18.978632,50.110519],[18.978633,50.110486],[18.978656,50.110455],[18.978806,50.11033],[18.98116,50.109614],[18.981772,50.109464],[18.982024,50.109426]]}},{"type":"Feature","properties":{"mode":"bus","n":8,"arr":["A","1","2","31","36","268","M18","1N"],"lines":"A, 1, 2, 31, 36, 268, M18, 1N"},"geometry":{"type":"LineString","coordinates":[[18.978432,50.1106],[18.978393,50.11055],[18.978312,50.110527],[18.978159,50.110535]]}},{"type":"Feature","properties":{"mode":"bus","n":7,"arr":["A","1","2","31","268","M18","1N"],"lines":"A, 1, 2, 31, 268, M18, 1N"},"geometry":{"type":"LineString","coordinates":[[18.978622,50.110484],[18.978524,50.110541],[18.978393,50.11055]]}},{"type":"Feature","properties":{"mode":"bus","n":7,"arr":["A","1","2","31","268","M18","1N"],"lines":"A, 1, 2, 31, 268, M18, 1N"},"geometry":{"type":"LineString","coordinates":[[18.978159,50.110535],[18.977213,50.110799],[18.976399,50.110956],[18.97555,50.111028],[18.974935,50.11107],[18.974317,50.111081],[18.9706,50.111076]]}},{"type":"Feature","properties":{"mode":"bus","n":10,"arr":["A","G","H","1","2","31","268","271","M18","1N"],"lines":"A, G, H, 1, 2, 31, 268, 271, M18, 1N"},"geometry":{"type":"LineString","coordinates":[[18.969424,50.117845],[18.969329,50.117756]]}},{"type":"Feature","properties":{"mode":"bus","n":10,"arr":["A","G","H","1","2","31","268","271","M18","1N"],"lines":"A, G, H, 1, 2, 31, 268, 271, M18, 1N"},"geometry":{"type":"LineString","coordinates":[[18.974584,50.119984],[18.974641,50.119928]]}},{"type":"Feature","properties":{"mode":"bus","n":11,"arr":["A","G","H","1","2","31","137","268","271","M18","1N"],"lines":"A, G, H, 1, 2, 31, 137, 268, 271, M18, 1N"},"geometry":{"type":"LineString","coordinates":[[18.974366,50.119799],[18.974468,50.119779]]}},{"type":"Feature","properties":{"mode":"bus","n":11,"arr":["A","G","H","1","2","31","137","268","271","M18","1N"],"lines":"A, G, H, 1, 2, 31, 137, 268, 271, M18, 1N"},"geometry":{"type":"LineString","coordinates":[[18.974641,50.119928],[18.974631,50.119846]]}},{"type":"Feature","properties":{"mode":"bus","n":9,"arr":["A","G","1","2","31","268","271","M18","1N"],"lines":"A, G, 1, 2, 31, 268, 271, M18, 1N"},"geometry":{"type":"LineString","coordinates":[[18.974631,50.119846],[18.974565,50.119797],[18.974468,50.119779]]}},{"type":"Feature","properties":{"mode":"bus","n":12,"arr":["A","G","H","1","2","31","137","268","271","514","M18","1N"],"lines":"A, G, H, 1, 2, 31, 137, 268, 271, 514, M18, 1N"},"geometry":{"type":"LineString","coordinates":[[18.97975,50.122286],[18.979843,50.1223]]}},{"type":"Feature","properties":{"mode":"bus","n":12,"arr":["A","G","H","1","2","31","137","268","271","514","M18","1N"],"lines":"A, G, H, 1, 2, 31, 137, 268, 271, 514, M18, 1N"},"geometry":{"type":"LineString","coordinates":[[18.979985,50.122526],[18.97981,50.122839]]}},{"type":"Feature","properties":{"mode":"bus","n":10,"arr":["A","G","1","2","31","137","268","271","M18","1N"],"lines":"A, G, 1, 2, 31, 137, 268, 271, M18, 1N"},"geometry":{"type":"LineString","coordinates":[[18.979843,50.1223],[18.97998,50.12242],[18.979985,50.122526]]}},{"type":"Feature","properties":{"mode":"bus","n":10,"arr":["A","G","1","2","31","137","268","271","M18","1N"],"lines":"A, G, 1, 2, 31, 137, 268, 271, M18, 1N"},"geometry":{"type":"LineString","coordinates":[[18.978928,50.122127],[18.979405,50.122247],[18.97975,50.122286]]}},{"type":"Feature","properties":{"mode":"bus","n":11,"arr":["A","B","21","75","131","137","268","272","273","696","M18"],"lines":"A, B, 21, 75, 131, 137, 268, 272, 273, 696, M18"},"geometry":{"type":"LineString","coordinates":[[18.966266,50.135751],[18.966257,50.135838],[18.96622,50.135876]]}},{"type":"Feature","properties":{"mode":"bus","n":11,"arr":["A","B","21","75","131","137","268","272","273","696","M18"],"lines":"A, B, 21, 75, 131, 137, 268, 272, 273, 696, M18"},"geometry":{"type":"LineString","coordinates":[[18.965848,50.136355],[18.966141,50.136292],[18.96627,50.136226]]}},{"type":"Feature","properties":{"mode":"bus","n":9,"arr":["A","B","21","75","131","137","268","273","696"],"lines":"A, B, 21, 75, 131, 137, 268, 273, 696"},"geometry":{"type":"LineString","coordinates":[[18.96627,50.136226],[18.966045,50.13595],[18.966038,50.135937],[18.96604,50.135927],[18.966051,50.13592],[18.966072,50.135916],[18.966164,50.135906],[18.96622,50.135876]]}},{"type":"Feature","properties":{"mode":"bus","n":9,"arr":["A","B","21","75","131","137","268","273","696"],"lines":"A, B, 21, 75, 131, 137, 268, 273, 696"},"geometry":{"type":"LineString","coordinates":[[18.966785,50.135502],[18.966266,50.135751]]}},{"type":"Feature","properties":{"mode":"bus","n":9,"arr":["A","B","21","75","131","137","268","273","696"],"lines":"A, B, 21, 75, 131, 137, 268, 273, 696"},"geometry":{"type":"LineString","coordinates":[[18.965848,50.136355],[18.965697,50.136384]]}},{"type":"Feature","properties":{"mode":"bus","n":15,"arr":["A","B","H","21","31","75","131","137","262","268","272","273","536","696","M18"],"lines":"A, B, H, 21, 31, 75, 131, 137, 262, 268, 272, 273, 536, 696, M18"},"geometry":{"type":"LineString","coordinates":[[18.965889,50.135703],[18.965846,50.135773],[18.965556,50.135901]]}},{"type":"Feature","properties":{"mode":"bus","n":15,"arr":["A","B","H","21","31","75","131","137","262","268","272","273","536","696","M18"],"lines":"A, B, H, 21, 31, 75, 131, 137, 262, 268, 272, 273, 536, 696, M18"},"geometry":{"type":"LineString","coordinates":[[18.981248,50.125156],[18.979067,50.1259],[18.972241,50.127997],[18.970848,50.128404]]}},{"type":"Feature","properties":{"mode":"bus","n":13,"arr":["A","E","H","1","31","137","254","268","271","688","788","M18","1N"],"lines":"A, E, H, 1, 31, 137, 254, 268, 271, 688, 788, M18, 1N"},"geometry":{"type":"LineString","coordinates":[[18.974584,50.119984],[18.974468,50.120012],[18.974363,50.119991],[18.974297,50.119936],[18.97429,50.119869]]}},{"type":"Feature","properties":{"mode":"bus","n":12,"arr":["A","E","H","1","31","254","268","271","688","788","M18","1N"],"lines":"A, E, H, 1, 31, 254, 268, 271, 688, 788, M18, 1N"},"geometry":{"type":"LineString","coordinates":[[18.969879,50.118082],[18.969356,50.117993],[18.969159,50.117998],[18.969045,50.117946]]}},{"type":"Feature","properties":{"mode":"bus","n":12,"arr":["A","E","H","1","31","254","268","271","688","788","M18","1N"],"lines":"A, E, H, 1, 31, 254, 268, 271, 688, 788, M18, 1N"},"geometry":{"type":"LineString","coordinates":[[18.969024,50.117825],[18.969074,50.117775]]}},{"type":"Feature","properties":{"mode":"bus","n":10,"arr":["A","E","1","31","254","268","688","788","M18","1N"],"lines":"A, E, 1, 31, 254, 268, 688, 788, M18, 1N"},"geometry":{"type":"LineString","coordinates":[[18.969045,50.117946],[18.969013,50.117885],[18.969024,50.117825]]}},{"type":"Feature","properties":{"mode":"bus","n":10,"arr":["A","E","1","31","254","268","688","788","M18","1N"],"lines":"A, E, 1, 31, 254, 268, 688, 788, M18, 1N"},"geometry":{"type":"LineString","coordinates":[[18.969074,50.117775],[18.969379,50.116839],[18.96953,50.116106],[18.969836,50.112404],[18.969882,50.111303]]}},{"type":"Feature","properties":{"mode":"bus","n":11,"arr":["A","E","H","1","2","31","268","688","788","M18","1N"],"lines":"A, E, H, 1, 2, 31, 268, 688, 788, M18, 1N"},"geometry":{"type":"LineString","coordinates":[[18.969878,50.111135],[18.969785,50.111067]]}},{"type":"Feature","properties":{"mode":"bus","n":9,"arr":["A","E","1","31","268","688","788","M18","1N"],"lines":"A, E, 1, 31, 268, 688, 788, M18, 1N"},"geometry":{"type":"LineString","coordinates":[[18.969785,50.111067],[18.969789,50.110998],[18.9698,50.110967],[18.969831,50.110941],[18.969905,50.110899]]}},{"type":"Feature","properties":{"mode":"bus","n":9,"arr":["A","E","1","31","268","688","788","M18","1N"],"lines":"A, E, 1, 31, 268, 688, 788, M18, 1N"},"geometry":{"type":"LineString","coordinates":[[18.969882,50.111303],[18.969878,50.111135]]}},{"type":"Feature","properties":{"mode":"bus","n":8,"arr":["A","1","31","268","688","788","M18","1N"],"lines":"A, 1, 31, 268, 688, 788, M18, 1N"},"geometry":{"type":"LineString","coordinates":[[18.970065,50.110908],[18.969905,50.110899]]}},{"type":"Feature","properties":{"mode":"bus","n":8,"arr":["A","1","31","268","688","788","M18","1N"],"lines":"A, 1, 31, 268, 688, 788, M18, 1N"},"geometry":{"type":"LineString","coordinates":[[18.970328,50.110971],[18.974753,50.11099],[18.975559,50.11094],[18.976372,50.110864],[18.977181,50.110718],[18.978047,50.110491],[18.978224,50.110415]]}},{"type":"Feature","properties":{"mode":"bus","n":11,"arr":["A","G","H","1","2","31","268","688","788","M18","1N"],"lines":"A, G, H, 1, 2, 31, 268, 688, 788, M18, 1N"},"geometry":{"type":"LineString","coordinates":[[18.970148,50.110964],[18.970065,50.110908]]}},{"type":"Feature","properties":{"mode":"bus","n":9,"arr":["A","1","31","36","268","688","788","M18","1N"],"lines":"A, 1, 31, 36, 268, 688, 788, M18, 1N"},"geometry":{"type":"LineString","coordinates":[[18.978224,50.110415],[18.978263,50.110337],[18.978358,50.110288],[18.978479,50.110281],[18.978564,50.110306],[18.978755,50.110281],[18.981107,50.109528],[18.98187,50.109247]]}},{"type":"Feature","properties":{"mode":"bus","n":15,"arr":["A","H","1","31","36","157","268","531","688","696","788","M10","M15","M18","1N"],"lines":"A, H, 1, 31, 36, 157, 268, 531, 688, 696, 788, M10, M15, M18, 1N"},"geometry":{"type":"LineString","coordinates":[[18.98187,50.109247],[18.981894,50.109196]]}},{"type":"Feature","properties":{"mode":"bus","n":11,"arr":["A","1","31","36","268","531","688","788","M15","M18","1N"],"lines":"A, 1, 31, 36, 268, 531, 688, 788, M15, M18, 1N"},"geometry":{"type":"LineString","coordinates":[[18.982136,50.109104],[18.981995,50.109126],[18.981894,50.109196]]}},{"type":"Feature","properties":{"mode":"bus","n":12,"arr":["A","21","36","273","274","531","536","627","686","M10","M15","M108"],"lines":"A, 21, 36, 273, 274, 531, 536, 627, 686, M10, M15, M108"},"geometry":{"type":"LineString","coordinates":[[18.99487,50.103338],[18.994971,50.103244],[18.995136,50.103201]]}},{"type":"Feature","properties":{"mode":"bus","n":11,"arr":["A","21","36","273","274","531","536","627","686","M15","M108"],"lines":"A, 21, 36, 273, 274, 531, 536, 627, 686, M15, M108"},"geometry":{"type":"LineString","coordinates":[[18.995246,50.103208],[18.996411,50.10263],[18.996871,50.102327],[18.997524,50.101696],[18.997715,50.10157],[18.998012,50.101428],[18.998753,50.101135],[18.999194,50.101012],[18.999727,50.100915],[19.000535,50.100847],[19.004255,50.100739],[19.009705,50.100022],[19.010218,50.099907],[19.010322,50.099786],[19.010463,50.099729],[19.01068,50.099748],[19.010767,50.099813],[19.010809,50.099833],[19.01086,50.099841],[19.011111,50.099845],[19.013757,50.099518],[19.014364,50.099498],[19.015222,50.099565],[19.01592,50.099688],[19.016895,50.099949]]}},{"type":"Feature","properties":{"mode":"bus","n":11,"arr":["A","21","36","273","274","531","536","627","686","M15","M108"],"lines":"A, 21, 36, 273, 274, 531, 536, 627, 686, M15, M108"},"geometry":{"type":"LineString","coordinates":[[19.016765,50.100038],[19.015853,50.099791],[19.015223,50.099674],[19.014374,50.099608],[19.013963,50.099614],[19.013142,50.099687],[19.011584,50.099894],[19.01097,50.100019],[19.010622,50.100128],[19.0105,50.100137],[19.010254,50.100114],[19.009315,50.100188],[19.004177,50.10085],[19.003561,50.100879],[19.00035,50.100932],[18.999573,50.101007],[18.998809,50.101191],[18.99783,50.101594],[18.997542,50.101786],[18.99695,50.102368],[18.996591,50.102642],[18.995649,50.103296],[18.995469,50.103381]]}},{"type":"Feature","properties":{"mode":"bus","n":8,"arr":["A","21","274","531","536","627","686","696"],"lines":"A, 21, 274, 531, 536, 627, 686, 696"},"geometry":{"type":"LineString","coordinates":[[19.021686,50.101216],[19.022735,50.101362],[19.023602,50.101416],[19.027347,50.101407],[19.027705,50.101395],[19.027755,50.101386],[19.027793,50.101363],[19.027854,50.101307],[19.027987,50.101278],[19.028168,50.101329],[19.028224,50.101402]]}},{"type":"Feature","properties":{"mode":"bus","n":7,"arr":["A","21","531","536","627","686","696"],"lines":"A, 21, 531, 536, 627, 686, 696"},"geometry":{"type":"LineString","coordinates":[[19.033777,50.103787],[19.033672,50.103846],[19.033534,50.103864],[19.033408,50.103837],[19.033321,50.10378]]}},{"type":"Feature","properties":{"mode":"bus","n":7,"arr":["A","21","531","536","627","686","696"],"lines":"A, 21, 531, 536, 627, 686, 696"},"geometry":{"type":"LineString","coordinates":[[19.028224,50.101402],[19.028523,50.101482],[19.029238,50.101611],[19.03014,50.101874],[19.031025,50.102236],[19.032722,50.103048]]}},{"type":"Feature","properties":{"mode":"bus","n":10,"arr":["B","E","4","75","137","268","565","M10","M18","1N"],"lines":"B, E, 4, 75, 137, 268, 565, M10, M18, 1N"},"geometry":{"type":"LineString","coordinates":[[18.995246,50.103208],[18.9954,50.103272],[18.995469,50.103381]]}},{"type":"Feature","properties":{"mode":"bus","n":15,"arr":["B","E","4","21","75","137","273","274","536","565","627","686","M10","M108","1N"],"lines":"B, E, 4, 21, 75, 137, 273, 274, 536, 565, 627, 686, M10, M108, 1N"},"geometry":{"type":"LineString","coordinates":[[18.999347,50.107121],[18.999381,50.107054],[18.999345,50.106971],[18.999238,50.106918],[18.99917,50.106915],[18.999137,50.106909],[18.999111,50.106895],[18.998625,50.106502]]}},{"type":"Feature","properties":{"mode":"bus","n":15,"arr":["B","E","4","21","75","137","273","274","536","565","627","686","M10","M108","1N"],"lines":"B, E, 4, 21, 75, 137, 273, 274, 536, 565, 627, 686, M10, M108, 1N"},"geometry":{"type":"LineString","coordinates":[[18.999099,50.107175],[18.999168,50.107182]]}},{"type":"Feature","properties":{"mode":"bus","n":15,"arr":["B","E","4","21","75","137","273","274","536","565","627","686","M10","M108","1N"],"lines":"B, E, 4, 21, 75, 137, 273, 274, 536, 565, 627, 686, M10, M108, 1N"},"geometry":{"type":"LineString","coordinates":[[18.995466,50.103431],[18.995994,50.104162]]}},{"type":"Feature","properties":{"mode":"bus","n":14,"arr":["B","4","21","75","137","273","274","536","565","627","686","M10","M108","1N"],"lines":"B, 4, 21, 75, 137, 273, 274, 536, 565, 627, 686, M10, M108, 1N"},"geometry":{"type":"LineString","coordinates":[[18.998954,50.10705],[18.998999,50.107127],[18.999099,50.107175]]}},{"type":"Feature","properties":{"mode":"bus","n":14,"arr":["B","4","21","75","137","273","274","536","565","627","686","M10","M108","1N"],"lines":"B, 4, 21, 75, 137, 273, 274, 536, 565, 627, 686, M10, M108, 1N"},"geometry":{"type":"LineString","coordinates":[[18.999608,50.107492],[18.999539,50.107352],[18.999347,50.107121]]}},{"type":"Feature","properties":{"mode":"bus","n":14,"arr":["B","4","21","75","137","273","274","536","565","627","686","M10","M108","1N"],"lines":"B, 4, 21, 75, 137, 273, 274, 536, 565, 627, 686, M10, M108, 1N"},"geometry":{"type":"LineString","coordinates":[[19.00297,50.111111],[19.001208,50.109213]]}},{"type":"Feature","properties":{"mode":"bus","n":14,"arr":["B","4","21","75","137","273","274","536","565","627","686","M10","M108","1N"],"lines":"B, 4, 21, 75, 137, 273, 274, 536, 565, 627, 686, M10, M108, 1N"},"geometry":{"type":"LineString","coordinates":[[18.999168,50.107182],[18.999255,50.107206],[18.999608,50.107492],[19.000198,50.108122]]}},{"type":"Feature","properties":{"mode":"bus","n":14,"arr":["B","4","21","75","137","273","274","536","565","627","686","M10","M108","1N"],"lines":"B, 4, 21, 75, 137, 273, 274, 536, 565, 627, 686, M10, M108, 1N"},"geometry":{"type":"LineString","coordinates":[[19.000198,50.108122],[19.000437,50.108277],[19.001188,50.109125],[19.001201,50.109182],[19.001202,50.109192],[19.0012,50.109199],[19.001194,50.109201],[19.001184,50.109199],[19.001171,50.109193],[19.001099,50.109152],[19.000337,50.10832],[19.000198,50.108122]]}},{"type":"Feature","properties":{"mode":"bus","n":15,"arr":["B","G","4","21","75","137","273","274","536","565","627","686","M10","M108","1N"],"lines":"B, G, 4, 21, 75, 137, 273, 274, 536, 565, 627, 686, M10, M108, 1N"},"geometry":{"type":"LineString","coordinates":[[18.998625,50.106502],[18.998984,50.106904],[18.998992,50.106972],[18.998954,50.10705]]}},{"type":"Feature","properties":{"mode":"bus","n":15,"arr":["B","G","4","21","75","137","273","274","536","565","627","686","M10","M108","1N"],"lines":"B, G, 4, 21, 75, 137, 273, 274, 536, 565, 627, 686, M10, M108, 1N"},"geometry":{"type":"LineString","coordinates":[[18.995148,50.103596],[18.995994,50.104162]]}},{"type":"Feature","properties":{"mode":"bus","n":14,"arr":["B","G","4","21","75","137","273","274","536","565","627","686","M108","1N"],"lines":"B, G, 4, 21, 75, 137, 273, 274, 536, 565, 627, 686, M108, 1N"},"geometry":{"type":"LineString","coordinates":[[18.994856,50.103389],[18.994894,50.103495],[18.994946,50.103539],[18.995095,50.103591]]}},{"type":"Feature","properties":{"mode":"bus","n":11,"arr":["B","G","4","75","137","268","565","696","M10","M18","1N"],"lines":"B, G, 4, 75, 137, 268, 565, 696, M10, M18, 1N"},"geometry":{"type":"LineString","coordinates":[[18.991282,50.09839],[18.991367,50.098407]]}},{"type":"Feature","properties":{"mode":"bus","n":9,"arr":["B","G","4","75","137","268","565","M18","1N"],"lines":"B, G, 4, 75, 137, 268, 565, M18, 1N"},"geometry":{"type":"LineString","coordinates":[[18.991282,50.09839],[18.991175,50.098314]]}},{"type":"Feature","properties":{"mode":"bus","n":9,"arr":["B","G","4","75","137","268","565","M18","1N"],"lines":"B, G, 4, 75, 137, 268, 565, M18, 1N"},"geometry":{"type":"LineString","coordinates":[[18.994437,50.102732],[18.99487,50.103338]]}},{"type":"Feature","properties":{"mode":"bus","n":9,"arr":["B","G","4","75","137","268","565","M18","1N"],"lines":"B, G, 4, 75, 137, 268, 565, M18, 1N"},"geometry":{"type":"LineString","coordinates":[[18.991367,50.098407],[18.991869,50.09912]]}},{"type":"Feature","properties":{"mode":"bus","n":12,"arr":["B","E","G","4","75","137","268","565","696","M10","M18","1N"],"lines":"B, E, G, 4, 75, 137, 268, 565, 696, M10, M18, 1N"},"geometry":{"type":"LineString","coordinates":[[18.991175,50.098314],[18.991159,50.098238],[18.991202,50.098167]]}},{"type":"Feature","properties":{"mode":"bus","n":12,"arr":["B","E","G","4","75","137","268","565","696","M10","M18","1N"],"lines":"B, E, G, 4, 75, 137, 268, 565, 696, M10, M18, 1N"},"geometry":{"type":"LineString","coordinates":[[18.991362,50.098105],[18.991487,50.098115]]}},{"type":"Feature","properties":{"mode":"bus","n":12,"arr":["B","E","G","4","75","137","268","565","696","M10","M18","1N"],"lines":"B, E, G, 4, 75, 137, 268, 565, 696, M10, M18, 1N"},"geometry":{"type":"LineString","coordinates":[[18.995053,50.092172],[18.994836,50.0925],[18.994609,50.092981],[18.994409,50.093786]]}},{"type":"Feature","properties":{"mode":"bus","n":12,"arr":["B","E","G","4","75","137","268","565","696","M10","M18","1N"],"lines":"B, E, G, 4, 75, 137, 268, 565, 696, M10, M18, 1N"},"geometry":{"type":"LineString","coordinates":[[18.994234,50.093778],[18.994071,50.094518]]}},{"type":"Feature","properties":{"mode":"bus","n":12,"arr":["B","E","G","4","75","137","268","565","696","M10","M18","1N"],"lines":"B, E, G, 4, 75, 137, 268, 565, 696, M10, M18, 1N"},"geometry":{"type":"LineString","coordinates":[[18.994469,50.092937],[18.994637,50.092579],[18.994905,50.092136],[18.995471,50.091454],[18.995688,50.091092],[18.995762,50.090923],[18.996337,50.088998],[18.996427,50.088807],[18.996689,50.088398],[18.99718,50.087925],[18.997824,50.087518],[18.99838,50.087284],[18.998963,50.087108],[18.999419,50.087016],[18.999854,50.086965],[19.00255,50.086734]]}},{"type":"Feature","properties":{"mode":"bus","n":11,"arr":["B","E","G","4","75","137","268","696","M10","M18","1N"],"lines":"B, E, G, 4, 75, 137, 268, 696, M10, M18, 1N"},"geometry":{"type":"LineString","coordinates":[[18.991202,50.098167],[18.991362,50.098105]]}},{"type":"Feature","properties":{"mode":"bus","n":11,"arr":["B","E","G","4","75","137","268","696","M10","M18","1N"],"lines":"B, E, G, 4, 75, 137, 268, 696, M10, M18, 1N"},"geometry":{"type":"LineString","coordinates":[[18.994409,50.093786],[18.994196,50.094642],[18.994101,50.095266],[18.993937,50.095691],[18.99327,50.096524],[18.99283,50.097167],[18.992208,50.097791],[18.99185,50.09805]]}},{"type":"Feature","properties":{"mode":"bus","n":11,"arr":["B","E","G","4","75","137","268","696","M10","M18","1N"],"lines":"B, E, G, 4, 75, 137, 268, 696, M10, M18, 1N"},"geometry":{"type":"LineString","coordinates":[[18.991487,50.098115],[18.99175,50.09797],[18.992519,50.097349],[18.992754,50.097092],[18.992939,50.096835],[18.993849,50.095427],[18.99399,50.095129],[18.994034,50.094961],[18.994071,50.094518]]}},{"type":"Feature","properties":{"mode":"bus","n":11,"arr":["B","E","G","4","75","137","268","696","M10","M18","1N"],"lines":"B, E, G, 4, 75, 137, 268, 696, M10, M18, 1N"},"geometry":{"type":"LineString","coordinates":[[18.994469,50.092937],[18.994324,50.093331],[18.994234,50.093778]]}},{"type":"Feature","properties":{"mode":"bus","n":13,"arr":["H","1","31","137","157","254","531","627","688","696","788","M15","1N"],"lines":"H, 1, 31, 137, 157, 254, 531, 627, 688, 696, 788, M15, 1N"},"geometry":{"type":"LineString","coordinates":[[18.986557,50.11301],[18.986501,50.112925],[18.986372,50.112884]]}},{"type":"Feature","properties":{"mode":"bus","n":14,"arr":["E","H","1","31","137","157","254","531","627","688","696","788","M15","1N"],"lines":"E, H, 1, 31, 137, 157, 254, 531, 627, 688, 696, 788, M15, 1N"},"geometry":{"type":"LineString","coordinates":[[18.986545,50.113062],[18.986557,50.11301]]}},{"type":"Feature","properties":{"mode":"bus","n":7,"arr":["G","H","1","2","31","M18","1N"],"lines":"G, H, 1, 2, 31, M18, 1N"},"geometry":{"type":"LineString","coordinates":[[18.970138,50.111089],[18.970065,50.111133]]}},{"type":"Feature","properties":{"mode":"bus","n":12,"arr":["G","H","1","2","31","137","157","531","627","696","M15","1N"],"lines":"G, H, 1, 2, 31, 137, 157, 531, 627, 696, M15, 1N"},"geometry":{"type":"LineString","coordinates":[[18.986351,50.11315],[18.986285,50.113143]]}},{"type":"Feature","properties":{"mode":"bus","n":12,"arr":["G","H","1","2","31","137","157","531","627","696","M15","1N"],"lines":"G, H, 1, 2, 31, 137, 157, 531, 627, 696, M15, 1N"},"geometry":{"type":"LineString","coordinates":[[18.986142,50.11302],[18.986166,50.112954]]}},{"type":"Feature","properties":{"mode":"bus","n":10,"arr":["G","H","1","2","31","157","531","696","M15","1N"],"lines":"G, H, 1, 2, 31, 157, 531, 696, M15, 1N"},"geometry":{"type":"LineString","coordinates":[[18.986285,50.113143],[18.986183,50.113096],[18.986142,50.11302]]}},{"type":"Feature","properties":{"mode":"bus","n":10,"arr":["G","H","1","2","31","157","531","696","M15","1N"],"lines":"G, H, 1, 2, 31, 157, 531, 696, M15, 1N"},"geometry":{"type":"LineString","coordinates":[[18.986166,50.112954],[18.986146,50.112909]]}},{"type":"Feature","properties":{"mode":"bus","n":14,"arr":["G","H","1","31","137","157","254","531","627","688","696","788","M15","1N"],"lines":"G, H, 1, 31, 137, 157, 254, 531, 627, 688, 696, 788, M15, 1N"},"geometry":{"type":"LineString","coordinates":[[18.986372,50.112884],[18.986351,50.112883]]}},{"type":"Feature","properties":{"mode":"bus","n":6,"arr":["H","157","531","696","M10","M15"],"lines":"H, 157, 531, 696, M10, M15"},"geometry":{"type":"LineString","coordinates":[[18.982024,50.109426],[18.9819,50.109353],[18.98187,50.109247]]}},{"type":"Feature","properties":{"mode":"bus","n":5,"arr":["H","36","137","627","686"],"lines":"H, 36, 137, 627, 686"},"geometry":{"type":"LineString","coordinates":[[18.981,50.115123],[18.981064,50.115103],[18.981087,50.115092],[18.9811,50.115076],[18.981114,50.115041]]}},{"type":"Feature","properties":{"mode":"bus","n":5,"arr":["H","36","137","627","686"],"lines":"H, 36, 137, 627, 686"},"geometry":{"type":"LineString","coordinates":[[18.98166,50.11493],[18.981399,50.114996],[18.981324,50.114976],[18.981285,50.114921]]}},{"type":"Feature","properties":{"mode":"bus","n":9,"arr":["H","1","31","157","254","688","696","788","1N"],"lines":"H, 1, 31, 157, 254, 688, 696, 788, 1N"},"geometry":{"type":"LineString","coordinates":[[18.982392,50.10926],[18.982326,50.109159],[18.9822,50.109108]]}},{"type":"Feature","properties":{"mode":"bus","n":9,"arr":["0","22","50","72","74","91","222","662","663"],"lines":"0, 22, 50, 72, 74, 91, 222, 662, 663"},"geometry":{"type":"LineString","coordinates":[[19.032533,50.302039],[19.032607,50.302047]]}},{"type":"Feature","properties":{"mode":"bus","n":9,"arr":["0","22","50","72","74","91","222","662","663"],"lines":"0, 22, 50, 72, 74, 91, 222, 662, 663"},"geometry":{"type":"LineString","coordinates":[[19.0327,50.301784],[19.032585,50.301771]]}},{"type":"Feature","properties":{"mode":"bus","n":9,"arr":["0","22","50","72","74","91","222","662","663"],"lines":"0, 22, 50, 72, 74, 91, 222, 662, 663"},"geometry":{"type":"LineString","coordinates":[[19.032781,50.301992],[19.032821,50.301883]]}},{"type":"Feature","properties":{"mode":"bus","n":12,"arr":["0","5","22","27","43","50","96","190","222","662","M25","M28"],"lines":"0, 5, 22, 27, 43, 50, 96, 190, 222, 662, M25, M28"},"geometry":{"type":"LineString","coordinates":[[19.027229,50.299485],[19.027255,50.299671],[19.027324,50.299718]]}},{"type":"Feature","properties":{"mode":"bus","n":9,"arr":["0","30","50","110","222","663","664","M11","30N"],"lines":"0, 30, 50, 110, 222, 663, 664, M11, 30N"},"geometry":{"type":"LineString","coordinates":[[19.003229,50.302811],[19.003311,50.302908],[19.003627,50.303163],[19.004226,50.303461],[19.00453,50.303765],[19.004589,50.303779],[19.004709,50.303755],[19.004749,50.303725],[19.00477,50.30365]]}},{"type":"Feature","properties":{"mode":"bus","n":9,"arr":["0","30","50","110","222","663","664","M11","30N"],"lines":"0, 30, 50, 110, 222, 663, 664, M11, 30N"},"geometry":{"type":"LineString","coordinates":[[19.004566,50.303575],[19.004628,50.303572]]}},{"type":"Feature","properties":{"mode":"bus","n":7,"arr":["0","30","50","110","296","M11","30N"],"lines":"0, 30, 50, 110, 296, M11, 30N"},"geometry":{"type":"LineString","coordinates":[[19.006446,50.28749],[19.00644,50.287584],[19.006353,50.287786],[19.006374,50.287873],[19.006161,50.288738],[19.005669,50.290597],[19.00545,50.291653],[19.005095,50.293113],[19.004486,50.295463]]}},{"type":"Feature","properties":{"mode":"bus","n":7,"arr":["0","30","50","110","296","M11","30N"],"lines":"0, 30, 50, 110, 296, M11, 30N"},"geometry":{"type":"LineString","coordinates":[[19.006628,50.287477],[19.006655,50.287502]]}},{"type":"Feature","properties":{"mode":"bus","n":24,"arr":["0","5","7","11","23","27","43","50","61","70","110","154","177","193","296","297","600","657","674","910","930","M11","M25","M28"],"lines":"0, 5, 7, 11, 23, 27, 43, 50, 61, 70, 110, 154, 177, 193, 296, 297, 600, 657, 674, 910, 930, M11, M25, M28"},"geometry":{"type":"LineString","coordinates":[[19.01249,50.26017],[19.012715,50.260281],[19.012914,50.260324],[19.013239,50.260341],[19.013719,50.260303],[19.013856,50.260335],[19.013978,50.260401]]}},{"type":"Feature","properties":{"mode":"bus","n":24,"arr":["0","5","7","11","23","27","43","50","61","70","110","154","177","193","296","297","600","657","674","910","930","M11","M25","M28"],"lines":"0, 5, 7, 11, 23, 27, 43, 50, 61, 70, 110, 154, 177, 193, 296, 297, 600, 657, 674, 910, 930, M11, M25, M28"},"geometry":{"type":"LineString","coordinates":[[19.012305,50.260019],[19.012207,50.25986],[19.01225,50.259699]]}},{"type":"Feature","properties":{"mode":"bus","n":22,"arr":["0","5","7","11","23","27","50","61","110","154","177","193","296","297","600","657","674","910","930","M11","M25","M28"],"lines":"0, 5, 7, 11, 23, 27, 50, 61, 110, 154, 177, 193, 296, 297, 600, 657, 674, 910, 930, M11, M25, M28"},"geometry":{"type":"LineString","coordinates":[[19.012305,50.260019],[19.01249,50.26017]]}},{"type":"Feature","properties":{"mode":"bus","n":31,"arr":["0","5","7","11","23","27","43","50","61","70","110","177","193","296","600","601","657","674","911","930","AP","M11","M25","M28","M101","1N","7N","30N","76N","840N","911N"],"lines":"0, 5, 7, 11, 23, 27, 43, 50, 61, 70, 110, 177, 193, 296, 600, 601, 657, 674, 911, 930, AP, M11, M25, M28, M101, 1N, 7N, 30N, 76N, 840N, 911N"},"geometry":{"type":"LineString","coordinates":[[19.01405,50.259572],[19.014114,50.259681],[19.014132,50.259812],[19.014086,50.259943],[19.013912,50.260191],[19.013912,50.260264],[19.013978,50.260401]]}},{"type":"Feature","properties":{"mode":"bus","n":18,"arr":["0","5","11","27","30","43","50","61","70","177","296","600","657","911","M11","M25","30N","911N"],"lines":"0, 5, 11, 27, 30, 43, 50, 61, 70, 177, 296, 600, 657, 911, M11, M25, 30N, 911N"},"geometry":{"type":"LineString","coordinates":[[19.021105,50.271009],[19.021001,50.270965],[19.020946,50.270835],[19.020955,50.270808],[19.020955,50.2708],[19.02095,50.270794],[19.020938,50.270789],[19.020908,50.270783],[19.020892,50.270778],[19.020881,50.270769],[19.020875,50.270758],[19.020852,50.270667],[19.020535,50.268418],[19.020493,50.268284]]}},{"type":"Feature","properties":{"mode":"bus","n":18,"arr":["0","5","11","27","30","43","50","61","70","177","296","600","657","911","M11","M25","30N","911N"],"lines":"0, 5, 11, 27, 30, 43, 50, 61, 70, 177, 296, 600, 657, 911, M11, M25, 30N, 911N"},"geometry":{"type":"LineString","coordinates":[[19.019569,50.266632],[19.019536,50.266477],[19.019089,50.265596]]}},{"type":"Feature","properties":{"mode":"bus","n":6,"arr":["0","30","50","296","M11","30N"],"lines":"0, 30, 50, 296, M11, 30N"},"geometry":{"type":"LineString","coordinates":[[19.021107,50.271095],[19.021105,50.271009]]}},{"type":"Feature","properties":{"mode":"bus","n":12,"arr":["0","11","30","50","70","109","177","296","657","M11","M25","30N"],"lines":"0, 11, 30, 50, 70, 109, 177, 296, 657, M11, M25, 30N"},"geometry":{"type":"LineString","coordinates":[[19.021107,50.271095],[19.02104,50.271135],[19.020949,50.27114]]}},{"type":"Feature","properties":{"mode":"bus","n":5,"arr":["0","50","663","664","M11"],"lines":"0, 50, 663, 664, M11"},"geometry":{"type":"LineString","coordinates":[[19.004628,50.303572],[19.004743,50.303614],[19.00477,50.30365]]}},{"type":"Feature","properties":{"mode":"bus","n":5,"arr":["0","50","663","664","M11"],"lines":"0, 50, 663, 664, M11"},"geometry":{"type":"LineString","coordinates":[[19.004749,50.303725],[19.004797,50.303922],[19.004808,50.304848],[19.00465,50.305037],[19.004087,50.305328],[19.003913,50.305546],[19.003818,50.305746],[19.003717,50.306112],[19.003669,50.30656],[19.003613,50.306784]]}},{"type":"Feature","properties":{"mode":"bus","n":12,"arr":["0","5","22","27","43","50","190","196","222","662","M25","M28"],"lines":"0, 5, 22, 27, 43, 50, 190, 196, 222, 662, M25, M28"},"geometry":{"type":"LineString","coordinates":[[19.027368,50.299087],[19.02751,50.299101],[19.027601,50.299172],[19.027643,50.299581],[19.02758,50.299686],[19.027467,50.299737]]}},{"type":"Feature","properties":{"mode":"bus","n":12,"arr":["0","5","22","27","43","50","190","196","222","662","M25","M28"],"lines":"0, 5, 22, 27, 43, 50, 190, 196, 222, 662, M25, M28"},"geometry":{"type":"LineString","coordinates":[[19.026283,50.298001],[19.02696,50.298731]]}},{"type":"Feature","properties":{"mode":"bus","n":10,"arr":["0","22","50","72","74","91","190","222","662","663"],"lines":"0, 22, 50, 72, 74, 91, 190, 222, 662, 663"},"geometry":{"type":"LineString","coordinates":[[19.032407,50.301857],[19.0324,50.301949]]}},{"type":"Feature","properties":{"mode":"bus","n":8,"arr":["0","50","72","74","91","222","662","663"],"lines":"0, 50, 72, 74, 91, 222, 662, 663"},"geometry":{"type":"LineString","coordinates":[[19.032585,50.301771],[19.032478,50.301798],[19.032407,50.301857]]}},{"type":"Feature","properties":{"mode":"bus","n":8,"arr":["0","50","72","74","91","222","662","663"],"lines":"0, 50, 72, 74, 91, 222, 662, 663"},"geometry":{"type":"LineString","coordinates":[[19.03212,50.3022],[19.032433,50.302056],[19.032533,50.302039]]}},{"type":"Feature","properties":{"mode":"bus","n":5,"arr":["0","50","222","662","663"],"lines":"0, 50, 222, 662, 663"},"geometry":{"type":"LineString","coordinates":[[19.032821,50.301883],[19.03277,50.301817],[19.0327,50.301784]]}},{"type":"Feature","properties":{"mode":"bus","n":20,"arr":["1","4","30","40","601","673","807","808","814","835","920","930","AP","M2","M4","M23","M28","M101","1N","76N"],"lines":"1, 4, 30, 40, 601, 673, 807, 808, 814, 835, 920, 930, AP, M2, M4, M23, M28, M101, 1N, 76N"},"geometry":{"type":"LineString","coordinates":[[19.023852,50.263883],[19.023996,50.263918]]}},{"type":"Feature","properties":{"mode":"bus","n":10,"arr":["1","4","672","673","695","972","973","M10","1N","672N"],"lines":"1, 4, 672, 673, 695, 972, 973, M10, 1N, 672N"},"geometry":{"type":"LineString","coordinates":[[19.045758,50.196313],[19.045778,50.196297]]}},{"type":"Feature","properties":{"mode":"bus","n":9,"arr":["2","21","131","271","272","273","514","565","696"],"lines":"2, 21, 131, 271, 272, 273, 514, 565, 696"},"geometry":{"type":"LineString","coordinates":[[18.981756,50.128696],[18.981783,50.128417],[18.981819,50.128332],[18.98182,50.128307],[18.981803,50.128285],[18.981753,50.128245],[18.981675,50.127965]]}},{"type":"Feature","properties":{"mode":"bus","n":15,"arr":["3","19","64","80","83","134","142","158","191","614","615","M3","M14","M102","M107"],"lines":"3, 19, 64, 80, 83, 134, 142, 158, 191, 614, 615, M3, M14, M102, M107"},"geometry":{"type":"LineString","coordinates":[[18.861337,50.440489],[18.861362,50.440595],[18.86129,50.440665],[18.861279,50.440797],[18.861232,50.440876],[18.860573,50.443101],[18.860277,50.443893],[18.86026,50.444061],[18.860324,50.444285],[18.860692,50.444765],[18.860873,50.444909],[18.861166,50.445268],[18.8614,50.44541]]}},{"type":"Feature","properties":{"mode":"bus","n":15,"arr":["3","19","64","80","83","134","142","158","191","614","615","M3","M14","M102","M107"],"lines":"3, 19, 64, 80, 83, 134, 142, 158, 191, 614, 615, M3, M14, M102, M107"},"geometry":{"type":"LineString","coordinates":[[18.861511,50.445435],[18.861584,50.445475],[18.861646,50.44559]]}},{"type":"Feature","properties":{"mode":"bus","n":15,"arr":["3","19","64","80","83","134","142","158","191","614","615","M3","M14","M102","M107"],"lines":"3, 19, 64, 80, 83, 134, 142, 158, 191, 614, 615, M3, M14, M102, M107"},"geometry":{"type":"LineString","coordinates":[[18.860967,50.440519],[18.861055,50.440451],[18.861204,50.440431]]}},{"type":"Feature","properties":{"mode":"bus","n":18,"arr":["3","5","19","64","80","83","134","142","158","179","191","614","615","780","M3","M14","M102","M107"],"lines":"3, 5, 19, 64, 80, 83, 134, 142, 158, 179, 191, 614, 615, 780, M3, M14, M102, M107"},"geometry":{"type":"LineString","coordinates":[[18.8614,50.44541],[18.861511,50.445435]]}},{"type":"Feature","properties":{"mode":"bus","n":18,"arr":["3","5","19","64","80","83","134","142","158","179","191","614","615","780","M3","M14","M102","M107"],"lines":"3, 5, 19, 64, 80, 83, 134, 142, 158, 179, 191, 614, 615, 780, M3, M14, M102, M107"},"geometry":{"type":"LineString","coordinates":[[18.862881,50.447337],[18.862311,50.446573],[18.861633,50.445828],[18.861613,50.445731],[18.861646,50.44559]]}},{"type":"Feature","properties":{"mode":"bus","n":9,"arr":["3","64","129","180","614","615","670","671","780"],"lines":"3, 64, 129, 180, 614, 615, 670, 671, 780"},"geometry":{"type":"LineString","coordinates":[[18.859863,50.448501],[18.859821,50.44858],[18.859832,50.448624],[18.859919,50.448693],[18.859985,50.44871],[18.860092,50.448697],[18.86014,50.448684],[18.860175,50.448659],[18.860207,50.448622],[18.860229,50.448606],[18.860256,50.448598],[18.86029,50.4486],[18.861124,50.448733],[18.862287,50.44881],[18.863019,50.448773],[18.863801,50.448646]]}},{"type":"Feature","properties":{"mode":"bus","n":8,"arr":["3","64","129","180","614","615","670","780"],"lines":"3, 64, 129, 180, 614, 615, 670, 780"},"geometry":{"type":"LineString","coordinates":[[18.850108,50.446883],[18.851975,50.446524],[18.852209,50.446508],[18.852233,50.446509],[18.852251,50.446515],[18.852264,50.446528],[18.852295,50.44657],[18.852409,50.446602],[18.852525,50.446573],[18.852554,50.446542],[18.852565,50.446534],[18.85258,50.44653],[18.852598,50.446531],[18.853513,50.446704],[18.854959,50.446928],[18.855099,50.447009],[18.855435,50.447374],[18.855775,50.447544],[18.855954,50.447585],[18.857369,50.447728],[18.857772,50.447792],[18.858799,50.448087],[18.859333,50.448277],[18.859863,50.448501]]}},{"type":"Feature","properties":{"mode":"bus","n":5,"arr":["3","129","180","670","780"],"lines":"3, 129, 180, 670, 780"},"geometry":{"type":"LineString","coordinates":[[18.836368,50.454572],[18.836465,50.454515],[18.836514,50.45441],[18.836582,50.454368],[18.836784,50.454287],[18.837492,50.453923],[18.839009,50.453116],[18.841338,50.451836],[18.846702,50.447986],[18.847282,50.44762],[18.847579,50.447482],[18.847855,50.44741],[18.850108,50.446883]]}},{"type":"Feature","properties":{"mode":"bus","n":5,"arr":["3","129","180","670","780"],"lines":"3, 129, 180, 670, 780"},"geometry":{"type":"LineString","coordinates":[[18.83642,50.454585],[18.836207,50.454582],[18.836085,50.454636],[18.834827,50.455339],[18.834376,50.455559]]}},{"type":"Feature","properties":{"mode":"bus","n":5,"arr":["3","129","180","670","780"],"lines":"3, 129, 180, 670, 780"},"geometry":{"type":"LineString","coordinates":[[18.83828,50.453358],[18.837942,50.453601],[18.83725,50.453977],[18.836704,50.454241],[18.836619,50.454268],[18.83639,50.454268],[18.836292,50.454207],[18.83618,50.454193],[18.836015,50.454232],[18.835927,50.454329],[18.835925,50.454401],[18.835962,50.454452],[18.835937,50.454573],[18.835903,50.454645],[18.835813,50.454724],[18.834776,50.455303],[18.834376,50.455559],[18.830923,50.4574]]}},{"type":"Feature","properties":{"mode":"bus","n":7,"arr":["3","129","180","614","615","670","780"],"lines":"3, 129, 180, 614, 615, 670, 780"},"geometry":{"type":"LineString","coordinates":[[18.852248,50.446505],[18.852298,50.446437],[18.852319,50.446419],[18.85235,50.446408],[18.852418,50.446394],[18.8525,50.446411],[18.852559,50.446452],[18.852569,50.446526]]}},{"type":"Feature","properties":{"mode":"bus","n":8,"arr":["3","129","180","614","615","670","671","780"],"lines":"3, 129, 180, 614, 615, 670, 671, 780"},"geometry":{"type":"LineString","coordinates":[[18.860235,50.448591],[18.860203,50.44851],[18.860088,50.448453],[18.859971,50.448454],[18.859863,50.448501]]}},{"type":"Feature","properties":{"mode":"bus","n":17,"arr":["3","5","19","80","83","134","142","158","179","191","614","615","780","M3","M14","M102","M107"],"lines":"3, 5, 19, 80, 83, 134, 142, 158, 179, 191, 614, 615, 780, M3, M14, M102, M107"},"geometry":{"type":"LineString","coordinates":[[18.861633,50.445828],[18.861424,50.445764],[18.86128,50.445759],[18.861146,50.445702],[18.861083,50.445598],[18.861131,50.445487]]}},{"type":"Feature","properties":{"mode":"bus","n":17,"arr":["3","5","19","80","83","134","142","158","179","191","614","615","780","M3","M14","M102","M107"],"lines":"3, 5, 19, 80, 83, 134, 142, 158, 179, 191, 614, 615, 780, M3, M14, M102, M107"},"geometry":{"type":"LineString","coordinates":[[18.863166,50.447737],[18.862881,50.447337]]}},{"type":"Feature","properties":{"mode":"bus","n":14,"arr":["3","19","80","83","134","142","158","191","614","615","M3","M14","M102","M107"],"lines":"3, 19, 80, 83, 134, 142, 158, 191, 614, 615, M3, M14, M102, M107"},"geometry":{"type":"LineString","coordinates":[[18.861232,50.440876],[18.86115,50.440716],[18.860981,50.440623]]}},{"type":"Feature","properties":{"mode":"bus","n":14,"arr":["3","19","80","83","134","142","158","191","614","615","M3","M14","M102","M107"],"lines":"3, 19, 80, 83, 134, 142, 158, 191, 614, 615, M3, M14, M102, M107"},"geometry":{"type":"LineString","coordinates":[[18.860692,50.444765],[18.860845,50.445056],[18.861055,50.445294],[18.861131,50.445487]]}},{"type":"Feature","properties":{"mode":"bus","n":8,"arr":["3","19","142","158","614","615","M3","M102"],"lines":"3, 19, 142, 158, 614, 615, M3, M102"},"geometry":{"type":"LineString","coordinates":[[18.860981,50.440623],[18.860967,50.440519]]}},{"type":"Feature","properties":{"mode":"bus","n":8,"arr":["3","19","142","158","614","615","M3","M102"],"lines":"3, 19, 142, 158, 614, 615, M3, M102"},"geometry":{"type":"LineString","coordinates":[[18.865381,50.432726],[18.864878,50.433506],[18.862459,50.437035],[18.861396,50.44034]]}},{"type":"Feature","properties":{"mode":"bus","n":8,"arr":["3","19","142","158","614","615","M3","M102"],"lines":"3, 19, 142, 158, 614, 615, M3, M102"},"geometry":{"type":"LineString","coordinates":[[18.86125,50.440407],[18.86135,50.440361],[18.861366,50.440355],[18.861377,50.440353],[18.861384,50.440356],[18.861385,50.440363],[18.861382,50.440375],[18.861337,50.440489]]}},{"type":"Feature","properties":{"mode":"bus","n":6,"arr":["4","30","673","920","1N","76N"],"lines":"4, 30, 673, 920, 1N, 76N"},"geometry":{"type":"LineString","coordinates":[[19.025846,50.262395],[19.025889,50.262511],[19.026112,50.262686],[19.026106,50.262782],[19.02618,50.26284],[19.0263,50.262857]]}},{"type":"Feature","properties":{"mode":"bus","n":8,"arr":["5","24","52","99","104","164","185","M28"],"lines":"5, 24, 52, 99, 104, 164, 185, M28"},"geometry":{"type":"LineString","coordinates":[[18.954223,50.371347],[18.954169,50.3713],[18.954165,50.371192],[18.954208,50.371148],[18.954336,50.371105],[18.954478,50.371123],[18.954571,50.371194],[18.95521,50.371241]]}},{"type":"Feature","properties":{"mode":"bus","n":13,"arr":["5","22","30","72","74","91","110","196","222","663","664","M11","30N"],"lines":"5, 22, 30, 72, 74, 91, 110, 196, 222, 663, 664, M11, 30N"},"geometry":{"type":"LineString","coordinates":[[19.003265,50.319592],[19.003178,50.319615],[19.003142,50.31963],[19.003121,50.319654],[19.003094,50.319707],[19.003128,50.319764],[19.003249,50.319803]]}},{"type":"Feature","properties":{"mode":"bus","n":13,"arr":["5","22","30","72","74","91","96","110","222","663","664","M11","30N"],"lines":"5, 22, 30, 72, 74, 91, 96, 110, 222, 663, 664, M11, 30N"},"geometry":{"type":"LineString","coordinates":[[19.003265,50.319592],[19.003357,50.319623],[19.003391,50.319642],[19.003408,50.319668],[19.003419,50.3197],[19.003419,50.319723],[19.003405,50.319744],[19.003366,50.319781],[19.003249,50.319803]]}},{"type":"Feature","properties":{"mode":"bus","n":5,"arr":["5","72","74","91","663"],"lines":"5, 72, 74, 91, 663"},"geometry":{"type":"LineString","coordinates":[[19.012198,50.31246],[19.012142,50.31244],[19.012124,50.312408],[19.012121,50.312393],[19.012128,50.312379],[19.012149,50.312352],[19.012219,50.312337]]}},{"type":"Feature","properties":{"mode":"bus","n":5,"arr":["5","72","74","91","663"],"lines":"5, 72, 74, 91, 663"},"geometry":{"type":"LineString","coordinates":[[19.020336,50.30849],[19.020315,50.308437],[19.020314,50.30842],[19.020325,50.308404],[19.020339,50.308392],[19.020359,50.30838],[19.020384,50.308376],[19.020436,50.308374],[19.020469,50.308377],[19.020496,50.308391],[19.020538,50.308426]]}},{"type":"Feature","properties":{"mode":"bus","n":5,"arr":["5","72","74","91","663"],"lines":"5, 72, 74, 91, 663"},"geometry":{"type":"LineString","coordinates":[[19.024754,50.307513],[19.024489,50.307638],[19.024228,50.307719],[19.02347,50.307812],[19.020569,50.30842],[19.020544,50.308429],[19.02053,50.308446],[19.020516,50.308484],[19.020472,50.308502],[19.020448,50.308508],[19.020422,50.308507],[19.020336,50.30849],[19.017916,50.309112],[19.014038,50.310378],[19.013342,50.310704],[19.013027,50.310897],[19.012799,50.311073],[19.012521,50.311396],[19.012371,50.311785],[19.012223,50.312322],[19.012223,50.312331],[19.012229,50.312338],[19.012241,50.312344],[19.01226,50.312349],[19.012278,50.312358],[19.012289,50.312371],[19.012298,50.31239],[19.0123,50.312408],[19.012289,50.312424],[19.012252,50.312455],[19.012217,50.312458],[19.012206,50.312461],[19.012199,50.312465],[19.012195,50.312472],[19.010245,50.320131],[19.010219,50.320204],[19.010084,50.320303]]}},{"type":"Feature","properties":{"mode":"bus","n":10,"arr":["5","27","43","72","74","91","96","663","M25","M28"],"lines":"5, 27, 43, 72, 74, 91, 96, 663, M25, M28"},"geometry":{"type":"LineString","coordinates":[[19.025151,50.307212],[19.025056,50.307205],[19.024977,50.307225],[19.024734,50.307394],[19.024734,50.307457],[19.024745,50.307488],[19.024776,50.307511],[19.02489,50.307566]]}},{"type":"Feature","properties":{"mode":"bus","n":10,"arr":["5","22","27","43","50","96","190","222","M25","M28"],"lines":"5, 22, 27, 43, 50, 96, 190, 222, M25, M28"},"geometry":{"type":"LineString","coordinates":[[19.027324,50.299718],[19.027467,50.299737]]}},{"type":"Feature","properties":{"mode":"bus","n":8,"arr":["5","27","43","190","222","662","M25","M28"],"lines":"5, 27, 43, 190, 222, 662, M25, M28"},"geometry":{"type":"LineString","coordinates":[[19.027229,50.299485],[19.027217,50.299176],[19.027235,50.299149],[19.027239,50.299134],[19.027234,50.29912],[19.02696,50.298731]]}},{"type":"Feature","properties":{"mode":"bus","n":8,"arr":["5","27","43","190","222","662","M25","M28"],"lines":"5, 27, 43, 190, 222, 662, M25, M28"},"geometry":{"type":"LineString","coordinates":[[19.024524,50.295],[19.026283,50.298001]]}},{"type":"Feature","properties":{"mode":"bus","n":8,"arr":["5","27","43","190","222","662","M25","M28"],"lines":"5, 27, 43, 190, 222, 662, M25, M28"},"geometry":{"type":"LineString","coordinates":[[19.013728,50.293211],[19.016933,50.292317],[19.017453,50.292117],[19.01849,50.29161]]}},{"type":"Feature","properties":{"mode":"bus","n":8,"arr":["5","7","23","27","43","70","M11","M25"],"lines":"5, 7, 23, 27, 43, 70, M11, M25"},"geometry":{"type":"LineString","coordinates":[[19.01225,50.259699],[19.012425,50.25953],[19.012527,50.259471],[19.012731,50.259389],[19.013036,50.259332],[19.013372,50.259325],[19.013682,50.259385],[19.013901,50.259475],[19.01405,50.259572]]}},{"type":"Feature","properties":{"mode":"bus","n":10,"arr":["5","27","43","72","74","91","196","663","M25","M28"],"lines":"5, 27, 43, 72, 74, 91, 196, 663, M25, M28"},"geometry":{"type":"LineString","coordinates":[[19.025151,50.307212],[19.025238,50.307228],[19.025286,50.307274],[19.02531,50.307356],[19.02527,50.307413],[19.025056,50.307546],[19.024986,50.30757],[19.02489,50.307566]]}},{"type":"Feature","properties":{"mode":"bus","n":27,"arr":["6","8","32","41","58","71","126","156","187","194","197","202","224","287","650","669","676","678","687","692","694","699","M1","M16","M18","M105","32N"],"lines":"6, 8, 32, 41, 58, 71, 126, 156, 187, 194, 197, 202, 224, 287, 650, 669, 676, 678, 687, 692, 694, 699, M1, M16, M18, M105, 32N"},"geometry":{"type":"LineString","coordinates":[[18.674761,50.30392],[18.673635,50.304468],[18.673363,50.304673],[18.673338,50.304685],[18.673311,50.304687],[18.673282,50.304678],[18.673073,50.304578],[18.673016,50.304503]]}},{"type":"Feature","properties":{"mode":"bus","n":27,"arr":["6","8","32","41","58","71","126","156","187","194","197","202","224","287","650","669","676","678","687","692","694","699","M1","M16","M18","M105","32N"],"lines":"6, 8, 32, 41, 58, 71, 126, 156, 187, 194, 197, 202, 224, 287, 650, 669, 676, 678, 687, 692, 694, 699, M1, M16, M18, M105, 32N"},"geometry":{"type":"LineString","coordinates":[[18.672675,50.304669],[18.672623,50.304585]]}},{"type":"Feature","properties":{"mode":"bus","n":27,"arr":["6","8","32","41","58","71","126","156","187","194","197","202","224","287","650","669","676","678","687","692","694","699","M1","M16","M18","M105","32N"],"lines":"6, 8, 32, 41, 58, 71, 126, 156, 187, 194, 197, 202, 224, 287, 650, 669, 676, 678, 687, 692, 694, 699, M1, M16, M18, M105, 32N"},"geometry":{"type":"LineString","coordinates":[[18.672751,50.304453],[18.672884,50.304443],[18.67297,50.304482],[18.672987,50.304488],[18.673,50.30449],[18.673009,50.304487],[18.673014,50.304479],[18.673016,50.304467],[18.673016,50.304315],[18.673764,50.30297],[18.673872,50.302831],[18.67398,50.302789],[18.674219,50.302779],[18.674683,50.3029],[18.675249,50.303176],[18.675391,50.303205],[18.675977,50.303521],[18.67616,50.303578],[18.676327,50.303571]]}},{"type":"Feature","properties":{"mode":"bus","n":27,"arr":["6","7","15","23","32","47","81","83","111","156","198","234","286","617","706","709","720","770","840","M16","M24","7N","32N","617N","701N","705N","840N"],"lines":"6, 7, 15, 23, 32, 47, 81, 83, 111, 156, 198, 234, 286, 617, 706, 709, 720, 770, 840, M16, M24, 7N, 32N, 617N, 701N, 705N, 840N"},"geometry":{"type":"LineString","coordinates":[[18.78136,50.305582],[18.781385,50.305526],[18.781481,50.305488],[18.781644,50.305507],[18.781753,50.305495]]}},{"type":"Feature","properties":{"mode":"bus","n":27,"arr":["6","7","15","23","32","47","81","83","111","156","198","234","286","617","706","709","720","770","840","M16","M24","7N","32N","617N","701N","705N","840N"],"lines":"6, 7, 15, 23, 32, 47, 81, 83, 111, 156, 198, 234, 286, 617, 706, 709, 720, 770, 840, M16, M24, 7N, 32N, 617N, 701N, 705N, 840N"},"geometry":{"type":"LineString","coordinates":[[18.784032,50.305816],[18.784046,50.305777],[18.784023,50.305735],[18.784005,50.305715],[18.783976,50.305702],[18.783933,50.305689],[18.783894,50.305684],[18.783855,50.305689],[18.783821,50.305698],[18.783789,50.305713],[18.783772,50.305736],[18.783759,50.305768],[18.783746,50.305786],[18.783725,50.305797],[18.783695,50.305802],[18.783385,50.305814],[18.783352,50.305811],[18.783329,50.3058],[18.783315,50.305781],[18.783248,50.305614]]}},{"type":"Feature","properties":{"mode":"bus","n":6,"arr":["6","111","234","840","701N","840N"],"lines":"6, 111, 234, 840, 701N, 840N"},"geometry":{"type":"LineString","coordinates":[[18.786027,50.302334],[18.786316,50.302277],[18.787643,50.30228],[18.788249,50.302389],[18.788498,50.302474],[18.790832,50.303454],[18.791025,50.303501],[18.791041,50.303507],[18.79105,50.303516],[18.791053,50.303527],[18.791052,50.303562],[18.79113,50.303624],[18.791213,50.303635],[18.791287,50.303612],[18.791319,50.303596],[18.791337,50.303574],[18.791347,50.303552],[18.791351,50.303527],[18.791337,50.303503],[18.791315,50.303479],[18.791287,50.303459],[18.791247,50.303449],[18.791202,50.303445],[18.791158,50.303447],[18.79112,50.303463],[18.791053,50.303508]]}},{"type":"Feature","properties":{"mode":"bus","n":5,"arr":["6","840","M24","701N","840N"],"lines":"6, 840, M24, 701N, 840N"},"geometry":{"type":"LineString","coordinates":[[18.832342,50.298061],[18.832167,50.297939],[18.832126,50.29785],[18.832144,50.297777],[18.832225,50.297674],[18.83232,50.297617],[18.832567,50.297574],[18.832771,50.297618],[18.832889,50.297698],[18.832944,50.297802],[18.832908,50.29794],[18.833013,50.298052],[18.833146,50.298115],[18.833653,50.298243],[18.834446,50.298307],[18.837099,50.298613],[18.837792,50.298674],[18.845337,50.299238],[18.84646,50.299338]]}},{"type":"Feature","properties":{"mode":"bus","n":5,"arr":["6","840","M24","701N","840N"],"lines":"6, 840, M24, 701N, 840N"},"geometry":{"type":"LineString","coordinates":[[18.803726,50.296442],[18.803673,50.296363]]}},{"type":"Feature","properties":{"mode":"bus","n":10,"arr":["6","39","118","146","155","230","255","840","M24","840N"],"lines":"6, 39, 118, 146, 155, 230, 255, 840, M24, 840N"},"geometry":{"type":"LineString","coordinates":[[18.853642,50.300009],[18.85351,50.299934],[18.853478,50.299839],[18.853478,50.299806],[18.853504,50.299777],[18.853555,50.299741],[18.853598,50.29972],[18.853649,50.299713],[18.853775,50.299711],[18.853831,50.299734]]}},{"type":"Feature","properties":{"mode":"bus","n":5,"arr":["6","39","146","230","255"],"lines":"6, 39, 146, 230, 255"},"geometry":{"type":"LineString","coordinates":[[18.854006,50.298024],[18.854156,50.297592],[18.854143,50.2975],[18.854226,50.297326],[18.854231,50.297159],[18.854155,50.296837],[18.85397,50.296704],[18.853941,50.296631],[18.853982,50.296522],[18.854118,50.296417],[18.854161,50.296348],[18.854224,50.296114],[18.854304,50.295548],[18.854341,50.29434],[18.854911,50.290808],[18.855097,50.290072],[18.855449,50.288992]]}},{"type":"Feature","properties":{"mode":"bus","n":22,"arr":["6","30","40","601","673","807","808","814","835","840","930","AP","M1","M2","M3","M4","M23","M24","M28","M101","1N","76N"],"lines":"6, 30, 40, 601, 673, 807, 808, 814, 835, 840, 930, AP, M1, M2, M3, M4, M23, M24, M28, M101, 1N, 76N"},"geometry":{"type":"LineString","coordinates":[[19.023018,50.263985],[19.02271,50.264272],[19.022497,50.264375],[19.02112,50.264614],[19.020755,50.264697],[19.019531,50.264998],[19.018876,50.265229]]}},{"type":"Feature","properties":{"mode":"bus","n":5,"arr":["6","7","23","201","7N"],"lines":"6, 7, 23, 201, 7N"},"geometry":{"type":"LineString","coordinates":[[18.926494,50.286257],[18.926396,50.286068],[18.925504,50.285189],[18.925133,50.284851],[18.924475,50.284334],[18.92404,50.284075],[18.923628,50.283892],[18.923245,50.283766],[18.922578,50.283605],[18.921805,50.283484],[18.921314,50.283449],[18.920048,50.283456],[18.914768,50.283595],[18.914436,50.283587],[18.913576,50.283462],[18.913512,50.28346],[18.913319,50.28353],[18.913134,50.283511],[18.913058,50.283474]]}},{"type":"Feature","properties":{"mode":"bus","n":5,"arr":["6","39","146","155","230"],"lines":"6, 39, 146, 155, 230"},"geometry":{"type":"LineString","coordinates":[[18.854006,50.298024],[18.854252,50.297753],[18.854555,50.297638],[18.854607,50.297543],[18.854574,50.297457],[18.854426,50.297354],[18.854365,50.297195],[18.854313,50.296846],[18.854416,50.296659],[18.854424,50.296625],[18.85441,50.296593],[18.854312,50.296466],[18.854296,50.296311],[18.855429,50.289327],[18.855449,50.288992]]}},{"type":"Feature","properties":{"mode":"bus","n":9,"arr":["6","39","118","146","155","230","840","M24","840N"],"lines":"6, 39, 118, 146, 155, 230, 840, M24, 840N"},"geometry":{"type":"LineString","coordinates":[[18.853642,50.300009],[18.853829,50.299996],[18.853919,50.299934],[18.853925,50.299821],[18.853831,50.299734]]}},{"type":"Feature","properties":{"mode":"bus","n":26,"arr":["6","7","15","23","32","47","81","83","111","156","198","234","286","617","706","709","770","840","M16","M24","7N","32N","617N","701N","705N","840N"],"lines":"6, 7, 15, 23, 32, 47, 81, 83, 111, 156, 198, 234, 286, 617, 706, 709, 770, 840, M16, M24, 7N, 32N, 617N, 701N, 705N, 840N"},"geometry":{"type":"LineString","coordinates":[[18.784032,50.305816],[18.783988,50.305851],[18.783872,50.305871],[18.783806,50.305854],[18.783746,50.3058]]}},{"type":"Feature","properties":{"mode":"bus","n":26,"arr":["6","7","15","23","32","47","81","83","111","156","198","234","286","617","706","709","770","840","M16","M24","7N","32N","617N","701N","705N","840N"],"lines":"6, 7, 15, 23, 32, 47, 81, 83, 111, 156, 198, 234, 286, 617, 706, 709, 770, 840, M16, M24, 7N, 32N, 617N, 701N, 705N, 840N"},"geometry":{"type":"LineString","coordinates":[[18.78136,50.305582],[18.781407,50.305644],[18.781465,50.305664],[18.781528,50.305666],[18.78159,50.305637],[18.781625,50.305627],[18.781663,50.30563],[18.781925,50.305691],[18.782543,50.305776],[18.783329,50.305816]]}},{"type":"Feature","properties":{"mode":"bus","n":26,"arr":["6","8","32","41","58","71","126","156","194","197","202","224","287","650","669","676","678","687","692","694","699","M1","M16","M18","M105","32N"],"lines":"6, 8, 32, 41, 58, 71, 126, 156, 194, 197, 202, 224, 287, 650, 669, 676, 678, 687, 692, 694, 699, M1, M16, M18, M105, 32N"},"geometry":{"type":"LineString","coordinates":[[18.673007,50.304669],[18.672912,50.304708]]}},{"type":"Feature","properties":{"mode":"bus","n":20,"arr":["6","8","41","58","71","126","156","194","224","287","650","669","676","678","687","694","M1","M16","M18","M105"],"lines":"6, 8, 41, 58, 71, 126, 156, 194, 224, 287, 650, 669, 676, 678, 687, 694, M1, M16, M18, M105"},"geometry":{"type":"LineString","coordinates":[[18.672912,50.304708],[18.672802,50.304715],[18.672675,50.304669]]}},{"type":"Feature","properties":{"mode":"bus","n":16,"arr":["6","32","71","126","187","197","202","224","287","650","676","678","692","699","M105","32N"],"lines":"6, 32, 71, 126, 187, 197, 202, 224, 287, 650, 676, 678, 692, 699, M105, 32N"},"geometry":{"type":"LineString","coordinates":[[18.672623,50.304585],[18.672646,50.304517],[18.672751,50.304453]]}},{"type":"Feature","properties":{"mode":"bus","n":9,"arr":["7","23","51","109","138","673","674","M24","7N"],"lines":"7, 23, 51, 109, 138, 673, 674, M24, 7N"},"geometry":{"type":"LineString","coordinates":[[18.98233,50.276168],[18.982567,50.276132],[18.982798,50.276138],[18.983056,50.2762],[18.983268,50.276299],[18.983396,50.276319],[18.983832,50.276277]]}},{"type":"Feature","properties":{"mode":"bus","n":9,"arr":["7","23","51","109","138","673","674","M24","7N"],"lines":"7, 23, 51, 109, 138, 673, 674, M24, 7N"},"geometry":{"type":"LineString","coordinates":[[18.974205,50.277247],[18.974308,50.277192],[18.974336,50.277099],[18.974873,50.276784]]}},{"type":"Feature","properties":{"mode":"bus","n":9,"arr":["7","23","51","109","138","673","674","M24","7N"],"lines":"7, 23, 51, 109, 138, 673, 674, M24, 7N"},"geometry":{"type":"LineString","coordinates":[[18.974061,50.277244],[18.973943,50.277169],[18.973934,50.277097]]}},{"type":"Feature","properties":{"mode":"bus","n":9,"arr":["7","23","51","109","138","673","674","M24","7N"],"lines":"7, 23, 51, 109, 138, 673, 674, M24, 7N"},"geometry":{"type":"LineString","coordinates":[[18.974001,50.277024],[18.974175,50.276994],[18.97423,50.27701],[18.974258,50.277014],[18.974286,50.277008],[18.974758,50.276813],[18.975295,50.276664],[18.975607,50.276633],[18.976031,50.276651],[18.97647,50.27673],[18.976763,50.276826],[18.977501,50.277209],[18.977948,50.277382],[18.978403,50.277497],[18.978762,50.277548]]}},{"type":"Feature","properties":{"mode":"bus","n":9,"arr":["7","23","51","109","138","673","674","M24","7N"],"lines":"7, 23, 51, 109, 138, 673, 674, M24, 7N"},"geometry":{"type":"LineString","coordinates":[[18.983663,50.275757],[18.982924,50.275871],[18.982438,50.276103],[18.981961,50.27642]]}},{"type":"Feature","properties":{"mode":"bus","n":9,"arr":["7","23","51","109","138","673","674","M24","7N"],"lines":"7, 23, 51, 109, 138, 673, 674, M24, 7N"},"geometry":{"type":"LineString","coordinates":[[18.984078,50.276054],[18.984073,50.275997]]}},{"type":"Feature","properties":{"mode":"bus","n":9,"arr":["7","23","51","109","138","673","674","M24","7N"],"lines":"7, 23, 51, 109, 138, 673, 674, M24, 7N"},"geometry":{"type":"LineString","coordinates":[[18.981961,50.27642],[18.98192,50.276491],[18.981122,50.277105],[18.980836,50.277276],[18.980603,50.277382],[18.980173,50.277511],[18.979726,50.277586],[18.97899,50.277591],[18.978816,50.277558],[18.978801,50.277555],[18.978792,50.277552],[18.97879,50.27755],[18.978793,50.277549],[18.978803,50.277548],[18.978818,50.277548],[18.979718,50.277542],[18.980166,50.277462],[18.980477,50.277372],[18.980896,50.277189],[18.98186,50.276464],[18.981961,50.27642]]}},{"type":"Feature","properties":{"mode":"bus","n":9,"arr":["7","23","51","109","138","673","674","M24","7N"],"lines":"7, 23, 51, 109, 138, 673, 674, M24, 7N"},"geometry":{"type":"LineString","coordinates":[[18.976877,50.276878],[18.976385,50.276808],[18.975927,50.276641]]}},{"type":"Feature","properties":{"mode":"bus","n":6,"arr":["7","51","109","138","M24","7N"],"lines":"7, 51, 109, 138, M24, 7N"},"geometry":{"type":"LineString","coordinates":[[18.974061,50.277244],[18.974205,50.277247]]}},{"type":"Feature","properties":{"mode":"bus","n":6,"arr":["7","51","109","138","M24","7N"],"lines":"7, 51, 109, 138, M24, 7N"},"geometry":{"type":"LineString","coordinates":[[18.97586,50.273874],[18.975999,50.273885],[18.97613,50.273836]]}},{"type":"Feature","properties":{"mode":"bus","n":6,"arr":["7","51","109","138","M24","7N"],"lines":"7, 51, 109, 138, M24, 7N"},"geometry":{"type":"LineString","coordinates":[[18.975208,50.272527],[18.975683,50.273379]]}},{"type":"Feature","properties":{"mode":"bus","n":6,"arr":["7","51","109","138","M24","7N"],"lines":"7, 51, 109, 138, M24, 7N"},"geometry":{"type":"LineString","coordinates":[[18.974644,50.270769],[18.974657,50.270911]]}},{"type":"Feature","properties":{"mode":"bus","n":6,"arr":["7","51","109","138","M24","7N"],"lines":"7, 51, 109, 138, M24, 7N"},"geometry":{"type":"LineString","coordinates":[[18.97583,50.273309],[18.975523,50.272794],[18.975298,50.272316],[18.97486,50.271101]]}},{"type":"Feature","properties":{"mode":"bus","n":5,"arr":["7","13","39","121","7N"],"lines":"7, 13, 39, 121, 7N"},"geometry":{"type":"LineString","coordinates":[[18.909293,50.276972],[18.909145,50.276963],[18.90908,50.276938],[18.909028,50.276903],[18.908982,50.276813]]}},{"type":"Feature","properties":{"mode":"bus","n":5,"arr":["7","13","39","121","7N"],"lines":"7, 13, 39, 121, 7N"},"geometry":{"type":"LineString","coordinates":[[18.903214,50.263188],[18.903652,50.26368],[18.903845,50.264159],[18.903907,50.264632],[18.903925,50.266967],[18.903987,50.267264],[18.904155,50.267582],[18.904326,50.267781],[18.904827,50.268214],[18.905273,50.268518],[18.90579,50.268799],[18.905966,50.268951],[18.906097,50.269178],[18.906187,50.26973],[18.906245,50.269879],[18.906733,50.270463],[18.907004,50.270722],[18.907118,50.270926],[18.907659,50.271191],[18.907878,50.271249],[18.908063,50.271247],[18.908231,50.271342],[18.908568,50.271639],[18.909112,50.272364],[18.909191,50.272601],[18.909367,50.274233],[18.909712,50.276333],[18.909608,50.276503],[18.909509,50.276601],[18.909378,50.276667]]}},{"type":"Feature","properties":{"mode":"bus","n":6,"arr":["7","13","39","121","201","7N"],"lines":"7, 13, 39, 121, 201, 7N"},"geometry":{"type":"LineString","coordinates":[[18.909024,50.276718],[18.909184,50.276647],[18.909317,50.276649],[18.90942,50.276687],[18.909488,50.276748],[18.909502,50.276818],[18.909431,50.276923]]}},{"type":"Feature","properties":{"mode":"bus","n":8,"arr":["7","146","155","230","255","982","M21","7N"],"lines":"7, 146, 155, 230, 255, 982, M21, 7N"},"geometry":{"type":"LineString","coordinates":[[18.859198,50.262776],[18.859304,50.262791],[18.859389,50.262835],[18.859438,50.262933],[18.85955,50.263006],[18.859947,50.263158],[18.859998,50.263217],[18.860427,50.263465],[18.860806,50.263752],[18.861417,50.264366],[18.861657,50.264705],[18.861866,50.265374],[18.862712,50.269125],[18.862797,50.269287],[18.862958,50.270044]]}},{"type":"Feature","properties":{"mode":"bus","n":8,"arr":["7","146","155","230","255","982","M21","7N"],"lines":"7, 146, 155, 230, 255, 982, M21, 7N"},"geometry":{"type":"LineString","coordinates":[[18.858646,50.259121],[18.858559,50.260624],[18.858677,50.261435],[18.85889,50.262064],[18.858959,50.26256],[18.859013,50.262602]]}},{"type":"Feature","properties":{"mode":"bus","n":6,"arr":["7","23","147","155","230","7N"],"lines":"7, 23, 147, 155, 230, 7N"},"geometry":{"type":"LineString","coordinates":[[18.863956,50.276372],[18.864007,50.276417],[18.864005,50.276471],[18.863996,50.276498],[18.863971,50.27652],[18.863904,50.27656],[18.863811,50.276563]]}},{"type":"Feature","properties":{"mode":"bus","n":6,"arr":["7","23","147","155","230","7N"],"lines":"7, 23, 147, 155, 230, 7N"},"geometry":{"type":"LineString","coordinates":[[18.863854,50.276348],[18.863743,50.276371],[18.86368,50.276434]]}},{"type":"Feature","properties":{"mode":"bus","n":6,"arr":["7","23","147","230","255","7N"],"lines":"7, 23, 147, 230, 255, 7N"},"geometry":{"type":"LineString","coordinates":[[18.863691,50.2765],[18.863708,50.276519]]}},{"type":"Feature","properties":{"mode":"bus","n":7,"arr":["7","146","155","230","982","M21","7N"],"lines":"7, 146, 155, 230, 982, M21, 7N"},"geometry":{"type":"LineString","coordinates":[[18.859438,50.262933],[18.859359,50.263041],[18.859247,50.263076],[18.859125,50.263071],[18.859028,50.263031],[18.858974,50.26297],[18.858966,50.262908],[18.859015,50.262833]]}},{"type":"Feature","properties":{"mode":"bus","n":7,"arr":["7","146","155","230","982","M21","7N"],"lines":"7, 146, 155, 230, 982, M21, 7N"},"geometry":{"type":"LineString","coordinates":[[18.858959,50.26256],[18.85901,50.26281],[18.859013,50.262818],[18.859018,50.262822],[18.859024,50.262824],[18.859033,50.262823],[18.859043,50.262818],[18.859096,50.262791],[18.859198,50.262776]]}},{"type":"Feature","properties":{"mode":"bus","n":7,"arr":["7","23","109","673","674","M24","7N"],"lines":"7, 23, 109, 673, 674, M24, 7N"},"geometry":{"type":"LineString","coordinates":[[18.984073,50.275997],[18.984037,50.275918],[18.983933,50.275829],[18.983787,50.275774],[18.983663,50.275757]]}},{"type":"Feature","properties":{"mode":"bus","n":7,"arr":["7","23","109","673","674","M24","7N"],"lines":"7, 23, 109, 673, 674, M24, 7N"},"geometry":{"type":"LineString","coordinates":[[18.984334,50.276429],[18.984599,50.276569],[18.984813,50.27656]]}},{"type":"Feature","properties":{"mode":"bus","n":7,"arr":["7","23","109","673","674","M24","7N"],"lines":"7, 23, 109, 673, 674, M24, 7N"},"geometry":{"type":"LineString","coordinates":[[18.983832,50.276277],[18.984102,50.276309],[18.98429,50.276406],[18.984303,50.276412],[18.984312,50.276415],[18.984317,50.276415],[18.984318,50.276412],[18.984315,50.276406],[18.984308,50.276397],[18.984152,50.276205],[18.984078,50.276054]]}},{"type":"Feature","properties":{"mode":"bus","n":25,"arr":["8","32","41","58","71","126","156","194","197","202","224","287","650","669","676","678","687","692","694","699","M1","M16","M18","M105","32N"],"lines":"8, 32, 41, 58, 71, 126, 156, 194, 197, 202, 224, 287, 650, 669, 676, 678, 687, 692, 694, 699, M1, M16, M18, M105, 32N"},"geometry":{"type":"LineString","coordinates":[[18.673007,50.304669],[18.673048,50.304551]]}},{"type":"Feature","properties":{"mode":"bus","n":7,"arr":["8","47","120","194","610","694","M105"],"lines":"8, 47, 120, 194, 610, 694, M105"},"geometry":{"type":"LineString","coordinates":[[18.655493,50.228026],[18.655235,50.228128],[18.655147,50.228149],[18.654973,50.228141],[18.654844,50.228202],[18.654803,50.228297],[18.654844,50.228375],[18.654957,50.228432],[18.655068,50.228441]]}},{"type":"Feature","properties":{"mode":"bus","n":7,"arr":["8","47","120","194","610","694","M105"],"lines":"8, 47, 120, 194, 610, 694, M105"},"geometry":{"type":"LineString","coordinates":[[18.65727,50.227355],[18.657263,50.227259],[18.657221,50.227207]]}},{"type":"Feature","properties":{"mode":"bus","n":7,"arr":["8","47","120","194","610","694","M105"],"lines":"8, 47, 120, 194, 610, 694, M105"},"geometry":{"type":"LineString","coordinates":[[18.657815,50.22701],[18.657565,50.227093]]}},{"type":"Feature","properties":{"mode":"bus","n":7,"arr":["8","47","120","194","610","636","694"],"lines":"8, 47, 120, 194, 610, 636, 694"},"geometry":{"type":"LineString","coordinates":[[18.670501,50.221891],[18.670593,50.221982],[18.670764,50.222492]]}},{"type":"Feature","properties":{"mode":"bus","n":7,"arr":["8","47","120","194","610","636","694"],"lines":"8, 47, 120, 194, 610, 636, 694"},"geometry":{"type":"LineString","coordinates":[[18.670885,50.22175],[18.670828,50.221705],[18.670707,50.221679],[18.67062,50.221686],[18.67051,50.221737]]}},{"type":"Feature","properties":{"mode":"bus","n":6,"arr":["8","47","120","610","636","694"],"lines":"8, 47, 120, 610, 636, 694"},"geometry":{"type":"LineString","coordinates":[[18.67051,50.221737],[18.670472,50.221817],[18.670501,50.221891]]}},{"type":"Feature","properties":{"mode":"bus","n":11,"arr":["9","29","36","37","45","138","292","688","M12","Z-37","905N"],"lines":"9, 29, 36, 37, 45, 138, 292, 688, M12, Z-37, 905N"},"geometry":{"type":"LineString","coordinates":[[18.973717,50.212013],[18.973575,50.211881]]}},{"type":"Feature","properties":{"mode":"bus","n":11,"arr":["9","29","36","37","45","138","292","688","M12","Z-37","905N"],"lines":"9, 29, 36, 37, 45, 138, 292, 688, M12, Z-37, 905N"},"geometry":{"type":"LineString","coordinates":[[18.973577,50.212266],[18.973438,50.212286]]}},{"type":"Feature","properties":{"mode":"bus","n":6,"arr":["9","36","37","138","292","905N"],"lines":"9, 36, 37, 138, 292, 905N"},"geometry":{"type":"LineString","coordinates":[[18.973717,50.212013],[18.97372,50.212137],[18.973683,50.212194],[18.973577,50.212266]]}},{"type":"Feature","properties":{"mode":"bus","n":6,"arr":["9","36","37","138","292","905N"],"lines":"9, 36, 37, 138, 292, 905N"},"geometry":{"type":"LineString","coordinates":[[18.973438,50.212286],[18.973212,50.212495]]}},{"type":"Feature","properties":{"mode":"bus","n":10,"arr":["9","12","37","46","48","138","296","657","657N","905N"],"lines":"9, 12, 37, 46, 48, 138, 296, 657, 657N, 905N"},"geometry":{"type":"LineString","coordinates":[[18.978112,50.235267],[18.978316,50.235478],[18.978437,50.235499],[18.978517,50.235561],[18.978523,50.235646],[18.978448,50.235715]]}},{"type":"Feature","properties":{"mode":"bus","n":10,"arr":["9","12","37","46","48","138","296","657","657N","905N"],"lines":"9, 12, 37, 46, 48, 138, 296, 657, 657N, 905N"},"geometry":{"type":"LineString","coordinates":[[18.994429,50.242433],[18.994629,50.242468],[18.995405,50.242533],[18.995709,50.242721]]}},{"type":"Feature","properties":{"mode":"bus","n":10,"arr":["10","12","37","46","48","138","296","657","657N","905N"],"lines":"10, 12, 37, 46, 48, 138, 296, 657, 657N, 905N"},"geometry":{"type":"LineString","coordinates":[[18.978112,50.235267],[18.978171,50.235522],[18.978123,50.235584],[18.978126,50.235643],[18.978186,50.235706],[18.978283,50.235738]]}},{"type":"Feature","properties":{"mode":"bus","n":11,"arr":["10","29","36","37","45","138","292","688","M12","Z-37","905N"],"lines":"10, 29, 36, 37, 45, 138, 292, 688, M12, Z-37, 905N"},"geometry":{"type":"LineString","coordinates":[[18.973102,50.212108],[18.973243,50.212239]]}},{"type":"Feature","properties":{"mode":"bus","n":8,"arr":["10","36","37","138","292","688","Z-37","905N"],"lines":"10, 36, 37, 138, 292, 688, Z-37, 905N"},"geometry":{"type":"LineString","coordinates":[[18.973102,50.212108],[18.973103,50.211994],[18.973146,50.211927],[18.973451,50.211753],[18.973558,50.21163]]}},{"type":"Feature","properties":{"mode":"bus","n":8,"arr":["10","36","37","138","292","688","Z-37","905N"],"lines":"10, 36, 37, 138, 292, 688, Z-37, 905N"},"geometry":{"type":"LineString","coordinates":[[18.973243,50.212239],[18.973212,50.212495]]}},{"type":"Feature","properties":{"mode":"bus","n":14,"arr":["11","27","35","42","43","88","100","723","911","M17","M25","Z-1","902N","911N"],"lines":"11, 27, 35, 42, 43, 88, 100, 723, 911, M17, M25, Z-1, 902N, 911N"},"geometry":{"type":"LineString","coordinates":[[19.070994,50.321154],[19.071097,50.321092],[19.071128,50.321064],[19.071137,50.321031],[19.071135,50.320941]]}},{"type":"Feature","properties":{"mode":"bus","n":13,"arr":["11","27","35","42","43","88","100","723","911","M17","M25","Z-1","911N"],"lines":"11, 27, 35, 42, 43, 88, 100, 723, 911, M17, M25, Z-1, 911N"},"geometry":{"type":"LineString","coordinates":[[19.070994,50.321154],[19.070814,50.321151],[19.070717,50.321104],[19.07067,50.321041],[19.07068,50.32095],[19.070732,50.320898],[19.070817,50.32086],[19.070927,50.320849]]}},{"type":"Feature","properties":{"mode":"bus","n":8,"arr":["11","61","72","74","91","657","911","911N"],"lines":"11, 61, 72, 74, 91, 657, 911, 911N"},"geometry":{"type":"LineString","coordinates":[[19.06956,50.278703],[19.069617,50.278687],[19.069641,50.278676],[19.069652,50.278658],[19.069657,50.278635],[19.069655,50.278618],[19.06964,50.278603],[19.06962,50.278591],[19.069596,50.278582],[19.069568,50.278581],[19.069512,50.278586]]}},{"type":"Feature","properties":{"mode":"bus","n":6,"arr":["11","61","91","657","911","911N"],"lines":"11, 61, 91, 657, 911, 911N"},"geometry":{"type":"LineString","coordinates":[[19.06956,50.278703],[19.06952,50.278692],[19.069502,50.278684],[19.069491,50.278672],[19.069468,50.278634]]}},{"type":"Feature","properties":{"mode":"bus","n":6,"arr":["11","61","91","657","911","911N"],"lines":"11, 61, 91, 657, 911, 911N"},"geometry":{"type":"LineString","coordinates":[[19.069647,50.278679],[19.069932,50.2787],[19.07203,50.278514]]}},{"type":"Feature","properties":{"mode":"bus","n":9,"arr":["11","61","72","74","91","177","657","911","911N"],"lines":"11, 61, 72, 74, 91, 177, 657, 911, 911N"},"geometry":{"type":"LineString","coordinates":[[19.069512,50.278586],[19.069468,50.278634]]}},{"type":"Feature","properties":{"mode":"bus","n":7,"arr":["11","61","109","177","657","911","911N"],"lines":"11, 61, 109, 177, 657, 911, 911N"},"geometry":{"type":"LineString","coordinates":[[19.045743,50.271738],[19.0465,50.272143],[19.046939,50.272304],[19.048233,50.272743],[19.050325,50.273521],[19.051651,50.273903],[19.05174,50.273956],[19.051768,50.273981],[19.051776,50.27401],[19.051774,50.27407],[19.051849,50.274122],[19.051892,50.274142],[19.051943,50.274148],[19.052072,50.274145],[19.052147,50.274102],[19.05218,50.274049]]}},{"type":"Feature","properties":{"mode":"bus","n":7,"arr":["11","61","109","177","657","911","911N"],"lines":"11, 61, 109, 177, 657, 911, 911N"},"geometry":{"type":"LineString","coordinates":[[19.048162,50.272605],[19.0509,50.2736],[19.05182,50.273896],[19.052074,50.273909],[19.052165,50.273973]]}},{"type":"Feature","properties":{"mode":"bus","n":7,"arr":["11","61","109","177","657","911","911N"],"lines":"11, 61, 109, 177, 657, 911, 911N"},"geometry":{"type":"LineString","coordinates":[[19.06552,50.27668],[19.06849,50.277051],[19.069438,50.277108],[19.069571,50.277109],[19.069827,50.277065]]}},{"type":"Feature","properties":{"mode":"bus","n":10,"arr":["11","61","70","109","177","600","601","657","911","911N"],"lines":"11, 61, 70, 109, 177, 600, 601, 657, 911, 911N"},"geometry":{"type":"LineString","coordinates":[[19.03462,50.26895],[19.034679,50.269001],[19.034716,50.269022],[19.034764,50.269032],[19.034945,50.269045],[19.035396,50.269214],[19.035781,50.269305],[19.036551,50.269441],[19.037995,50.26962],[19.040141,50.26997]]}},{"type":"Feature","properties":{"mode":"bus","n":10,"arr":["11","61","70","109","177","600","601","657","911","911N"],"lines":"11, 61, 70, 109, 177, 600, 601, 657, 911, 911N"},"geometry":{"type":"LineString","coordinates":[[19.034929,50.268937],[19.034902,50.268881],[19.034825,50.268844],[19.034725,50.268843],[19.034666,50.268866]]}},{"type":"Feature","properties":{"mode":"bus","n":9,"arr":["11","61","70","109","177","600","657","911","911N"],"lines":"11, 61, 70, 109, 177, 600, 657, 911, 911N"},"geometry":{"type":"LineString","coordinates":[[19.033673,50.268726],[19.033599,50.268777],[19.033484,50.268783],[19.033338,50.26876],[19.033275,50.268709]]}},{"type":"Feature","properties":{"mode":"bus","n":9,"arr":["11","61","70","109","177","600","657","911","911N"],"lines":"11, 61, 70, 109, 177, 600, 657, 911, 911N"},"geometry":{"type":"LineString","coordinates":[[19.03462,50.26895],[19.03441,50.268861],[19.0337,50.268731],[19.033678,50.268723],[19.033664,50.268709],[19.033657,50.268694],[19.033644,50.268679],[19.033623,50.268669],[19.033521,50.268638],[19.03335,50.268645],[19.033287,50.268676],[19.033279,50.268697],[19.033275,50.268704],[19.033267,50.268707],[19.033257,50.268708],[19.032639,50.268675],[19.031983,50.268688],[19.026379,50.269935],[19.024657,50.270293]]}},{"type":"Feature","properties":{"mode":"bus","n":6,"arr":["11","70","177","657","M11","M25"],"lines":"11, 70, 177, 657, M11, M25"},"geometry":{"type":"LineString","coordinates":[[19.02088,50.270777],[19.020856,50.270836],[19.020884,50.27099],[19.020859,50.271042],[19.020855,50.27106],[19.020861,50.271076],[19.020877,50.271091],[19.020949,50.27114]]}},{"type":"Feature","properties":{"mode":"bus","n":14,"arr":["11","27","35","42","43","100","723","911","M17","M25","Z-1","902N","904N","911N"],"lines":"11, 27, 35, 42, 43, 100, 723, 911, M17, M25, Z-1, 902N, 904N, 911N"},"geometry":{"type":"LineString","coordinates":[[19.071135,50.320941],[19.071072,50.320887],[19.070927,50.320849]]}},{"type":"Feature","properties":{"mode":"bus","n":8,"arr":["12","37","46","48","138","296","657","657N"],"lines":"12, 37, 46, 48, 138, 296, 657, 657N"},"geometry":{"type":"LineString","coordinates":[[18.978448,50.235715],[18.978283,50.235738]]}},{"type":"Feature","properties":{"mode":"bus","n":5,"arr":["13","48","657","913","657N"],"lines":"13, 48, 657, 913, 657N"},"geometry":{"type":"LineString","coordinates":[[18.923122,50.228003],[18.923043,50.227952],[18.92303,50.227878],[18.923091,50.227828],[18.923122,50.227811],[18.923162,50.227803],[18.9232,50.2278],[18.923242,50.227802],[18.923279,50.227815],[18.923314,50.227833],[18.923343,50.227855],[18.923356,50.227883],[18.923371,50.227978],[18.923425,50.228042],[18.923717,50.228229],[18.925159,50.228304],[18.925561,50.228274],[18.927564,50.227894],[18.927942,50.227858],[18.928249,50.227868],[18.930834,50.22835],[18.932929,50.228883],[18.936811,50.229566],[18.937162,50.22961],[18.937419,50.229621],[18.939151,50.229577],[18.93977,50.229601],[18.940555,50.229691],[18.94114,50.229731],[18.946516,50.229751],[18.947049,50.229768],[18.947512,50.229861],[18.950566,50.230787],[18.951283,50.23094],[18.951788,50.231016],[18.952103,50.231014],[18.952308,50.230981],[18.952441,50.230934],[18.952472,50.230928],[18.952502,50.23093],[18.952529,50.230943],[18.952647,50.231021],[18.952736,50.231114],[18.952743,50.231123],[18.952747,50.231129],[18.952746,50.231132],[18.952741,50.231133],[18.952732,50.23113],[18.952718,50.231125],[18.952594,50.231073],[18.952167,50.231004]]}},{"type":"Feature","properties":{"mode":"bus","n":5,"arr":["13","48","657","913","657N"],"lines":"13, 48, 657, 913, 657N"},"geometry":{"type":"LineString","coordinates":[[18.952765,50.231145],[18.953384,50.231645],[18.953621,50.231887],[18.953778,50.232104],[18.95395,50.232515],[18.954137,50.233573],[18.954182,50.233692],[18.954274,50.233803],[18.95528,50.234538],[18.956254,50.235409],[18.956559,50.235515],[18.957535,50.235663],[18.958156,50.235857],[18.959612,50.236151],[18.960089,50.236315],[18.960391,50.236481],[18.960574,50.236639],[18.960744,50.236892],[18.96093,50.237357],[18.961277,50.238438],[18.961338,50.238501],[18.961369,50.238521],[18.96141,50.238529],[18.961498,50.238534],[18.961922,50.238493],[18.965992,50.23797],[18.966221,50.237914],[18.966279,50.237868],[18.966288,50.237784],[18.966198,50.237585],[18.964668,50.236051],[18.964423,50.235764],[18.964206,50.235445],[18.963889,50.23476],[18.963157,50.232712],[18.962812,50.23223],[18.96201,50.231269],[18.960688,50.229431],[18.960388,50.228553],[18.960262,50.228302],[18.960114,50.228087],[18.959559,50.227533]]}},{"type":"Feature","properties":{"mode":"bus","n":5,"arr":["13","48","657","913","657N"],"lines":"13, 48, 657, 913, 657N"},"geometry":{"type":"LineString","coordinates":[[18.923717,50.228229],[18.923632,50.228227]]}},{"type":"Feature","properties":{"mode":"bus","n":8,"arr":["15","57","83","132","134","617","M14","617N"],"lines":"15, 57, 83, 132, 134, 617, M14, 617N"},"geometry":{"type":"LineString","coordinates":[[18.781612,50.373495],[18.781676,50.373423],[18.781664,50.3733],[18.781541,50.373213],[18.781382,50.373191]]}},{"type":"Feature","properties":{"mode":"bus","n":8,"arr":["15","57","83","132","134","617","M14","617N"],"lines":"15, 57, 83, 132, 134, 617, M14, 617N"},"geometry":{"type":"LineString","coordinates":[[18.781331,50.373547],[18.781451,50.373551]]}},{"type":"Feature","properties":{"mode":"bus","n":8,"arr":["15","57","83","132","134","617","M14","617N"],"lines":"15, 57, 83, 132, 134, 617, M14, 617N"},"geometry":{"type":"LineString","coordinates":[[18.781181,50.37326],[18.78112,50.373371],[18.781179,50.373483]]}},{"type":"Feature","properties":{"mode":"bus","n":7,"arr":["15","57","83","132","134","617","617N"],"lines":"15, 57, 83, 132, 134, 617, 617N"},"geometry":{"type":"LineString","coordinates":[[18.781451,50.373551],[18.781612,50.373495]]}},{"type":"Feature","properties":{"mode":"bus","n":7,"arr":["15","57","83","132","617","M14","617N"],"lines":"15, 57, 83, 132, 617, M14, 617N"},"geometry":{"type":"LineString","coordinates":[[18.781179,50.373483],[18.781331,50.373547]]}},{"type":"Feature","properties":{"mode":"bus","n":6,"arr":["15","57","83","617","M14","617N"],"lines":"15, 57, 83, 617, M14, 617N"},"geometry":{"type":"LineString","coordinates":[[18.778993,50.37069],[18.778426,50.370381],[18.77838,50.370365],[18.778327,50.370361],[18.778194,50.370368],[18.778109,50.370344],[18.778019,50.370279],[18.777987,50.370201],[18.778016,50.370116],[18.778084,50.370071],[18.77811,50.370044],[18.778115,50.370012],[18.778051,50.369593]]}},{"type":"Feature","properties":{"mode":"bus","n":6,"arr":["15","57","83","617","M14","617N"],"lines":"15, 57, 83, 617, M14, 617N"},"geometry":{"type":"LineString","coordinates":[[18.781382,50.373191],[18.780999,50.372883],[18.779545,50.371146],[18.77852,50.370272],[18.778542,50.370163],[18.778505,50.370102],[18.77843,50.370051],[18.778342,50.37003],[18.778302,50.370013],[18.778276,50.369987],[18.778051,50.369593],[18.777851,50.369139],[18.777576,50.368745],[18.77189,50.361876],[18.77146,50.361397],[18.770946,50.360947],[18.770511,50.360632],[18.769971,50.360303],[18.768968,50.359843],[18.768385,50.359645],[18.767825,50.35949]]}},{"type":"Feature","properties":{"mode":"bus","n":7,"arr":["15","81","83","111","617","704","617N"],"lines":"15, 81, 83, 111, 617, 704, 617N"},"geometry":{"type":"LineString","coordinates":[[18.776673,50.340552],[18.776661,50.340481],[18.776754,50.340375],[18.776957,50.340327],[18.777068,50.34035],[18.77712,50.340354],[18.777171,50.340344],[18.777712,50.340162],[18.779594,50.339338]]}},{"type":"Feature","properties":{"mode":"bus","n":6,"arr":["15","81","83","111","617","617N"],"lines":"15, 81, 83, 111, 617, 617N"},"geometry":{"type":"LineString","coordinates":[[18.776673,50.340552],[18.7768,50.340652],[18.777014,50.340686],[18.77714,50.340644],[18.777208,50.340593],[18.777235,50.340449]]}},{"type":"Feature","properties":{"mode":"bus","n":29,"arr":["16","24","25","28","40","42","61","67","79","90","97","99","104","107","124","125","200","243","260","269","612","616","625","721","722","M19","M23","902N","904N"],"lines":"16, 24, 25, 28, 40, 42, 61, 67, 79, 90, 97, 99, 104, 107, 124, 125, 200, 243, 260, 269, 612, 616, 625, 721, 722, M19, M23, 902N, 904N"},"geometry":{"type":"LineString","coordinates":[[19.129266,50.321081],[19.129339,50.321028],[19.12934,50.320937]]}},{"type":"Feature","properties":{"mode":"bus","n":25,"arr":["16","24","28","40","42","61","67","79","97","99","104","107","124","125","200","243","260","269","612","616","625","721","722","M19","M23"],"lines":"16, 24, 28, 40, 42, 61, 67, 79, 97, 99, 104, 107, 124, 125, 200, 243, 260, 269, 612, 616, 625, 721, 722, M19, M23"},"geometry":{"type":"LineString","coordinates":[[19.129001,50.321014],[19.12903,50.321051],[19.129139,50.321095],[19.129266,50.321081]]}},{"type":"Feature","properties":{"mode":"bus","n":27,"arr":["16","24","25","27","28","40","42","61","67","79","97","99","104","107","124","125","200","243","260","269","612","616","625","721","722","M19","M23"],"lines":"16, 24, 25, 27, 28, 40, 42, 61, 67, 79, 97, 99, 104, 107, 124, 125, 200, 243, 260, 269, 612, 616, 625, 721, 722, M19, M23"},"geometry":{"type":"LineString","coordinates":[[19.128818,50.32078],[19.128997,50.320959],[19.129001,50.321014]]}},{"type":"Feature","properties":{"mode":"bus","n":5,"arr":["16","79","242","641","M103"],"lines":"16, 79, 242, 641, M103"},"geometry":{"type":"LineString","coordinates":[[19.183307,50.338567],[19.183069,50.33847],[19.182954,50.338358],[19.182909,50.338183],[19.182954,50.33805],[19.183041,50.337937],[19.183136,50.337901],[19.183185,50.337889],[19.183238,50.337892],[19.18358,50.337952]]}},{"type":"Feature","properties":{"mode":"bus","n":5,"arr":["16","79","242","641","M103"],"lines":"16, 79, 242, 641, M103"},"geometry":{"type":"LineString","coordinates":[[19.185709,50.333192],[19.185539,50.333468],[19.183595,50.337917],[19.183593,50.337938],[19.183605,50.337953],[19.183633,50.337963],[19.184017,50.338046],[19.184052,50.338088],[19.184055,50.338188],[19.183985,50.338346],[19.183893,50.338432],[19.183668,50.338535],[19.183574,50.33856],[19.183363,50.338566],[19.18333,50.33857],[19.183305,50.338582],[19.183288,50.338601],[19.183087,50.338962],[19.181443,50.341519]]}},{"type":"Feature","properties":{"mode":"bus","n":5,"arr":["16","79","242","641","M103"],"lines":"16, 79, 242, 641, M103"},"geometry":{"type":"LineString","coordinates":[[19.185709,50.333192],[19.18582,50.333205],[19.185896,50.333175],[19.185929,50.333156],[19.185948,50.333129],[19.185957,50.333104],[19.185958,50.333075],[19.185941,50.333048],[19.185918,50.333025],[19.185888,50.333005],[19.185847,50.332994],[19.185761,50.332983],[19.185691,50.33301],[19.185661,50.333027],[19.185645,50.333051],[19.185632,50.33309],[19.185632,50.333119],[19.185652,50.333146],[19.185709,50.333192]]}},{"type":"Feature","properties":{"mode":"bus","n":5,"arr":["16","79","242","641","M103"],"lines":"16, 79, 242, 641, M103"},"geometry":{"type":"LineString","coordinates":[[19.184638,50.329701],[19.184971,50.329627]]}},{"type":"Feature","properties":{"mode":"bus","n":8,"arr":["16","79","242","604","641","654","716","M103"],"lines":"16, 79, 242, 604, 641, 654, 716, M103"},"geometry":{"type":"LineString","coordinates":[[19.187344,50.330682],[19.187368,50.330746],[19.187327,50.330811],[19.187234,50.330849],[19.187125,50.330844],[19.187038,50.330796],[19.187017,50.330717],[19.18706,50.330663],[19.187168,50.330627]]}},{"type":"Feature","properties":{"mode":"bus","n":13,"arr":["16","28","55","79","242","604","637","640","641","654","716","M103","903N"],"lines":"16, 28, 55, 79, 242, 604, 637, 640, 641, 654, 716, M103, 903N"},"geometry":{"type":"LineString","coordinates":[[19.186311,50.329001],[19.186421,50.329015],[19.18648,50.329051],[19.186509,50.329118],[19.186471,50.329183],[19.186397,50.329218],[19.186286,50.329221],[19.18622,50.329199],[19.186165,50.329146]]}},{"type":"Feature","properties":{"mode":"bus","n":13,"arr":["16","28","55","79","242","604","637","640","641","654","716","M103","903N"],"lines":"16, 28, 55, 79, 242, 604, 637, 640, 641, 654, 716, M103, 903N"},"geometry":{"type":"LineString","coordinates":[[19.185631,50.32948],[19.185558,50.329308],[19.185556,50.329287],[19.185568,50.329272],[19.185597,50.329262],[19.186113,50.329157],[19.186143,50.329147],[19.186163,50.329132],[19.186173,50.329112],[19.186181,50.32908],[19.186197,50.329052],[19.186231,50.329032],[19.186268,50.329017],[19.186291,50.329005],[19.186305,50.328989],[19.186307,50.328969],[19.186286,50.328782],[19.186333,50.327407],[19.186275,50.327261],[19.186348,50.327083],[19.186366,50.326343]]}},{"type":"Feature","properties":{"mode":"bus","n":13,"arr":["16","28","55","79","242","604","637","640","641","654","716","M103","903N"],"lines":"16, 28, 55, 79, 242, 604, 637, 640, 641, 654, 716, M103, 903N"},"geometry":{"type":"LineString","coordinates":[[19.186744,50.32558],[19.186383,50.326309],[19.186378,50.326318],[19.186373,50.326324],[19.186368,50.326326],[19.186364,50.326323],[19.186361,50.326317],[19.186358,50.326307],[19.186284,50.325971],[19.186279,50.32566]]}},{"type":"Feature","properties":{"mode":"bus","n":29,"arr":["16","18","27","28","49","55","79","242","260","604","612","624","629","637","638","640","641","644","654","656","690","716","807","808","814","M2","M103","M109","903N"],"lines":"16, 18, 27, 28, 49, 55, 79, 242, 260, 604, 612, 624, 629, 637, 638, 640, 641, 644, 654, 656, 690, 716, 807, 808, 814, M2, M103, M109, 903N"},"geometry":{"type":"LineString","coordinates":[[19.186306,50.325418],[19.186279,50.32566]]}},{"type":"Feature","properties":{"mode":"bus","n":30,"arr":["16","18","27","28","49","55","79","116","242","260","604","612","624","629","637","638","640","641","644","654","656","690","716","807","808","814","M2","M103","M109","903N"],"lines":"16, 18, 27, 28, 49, 55, 79, 116, 242, 260, 604, 612, 624, 629, 637, 638, 640, 641, 644, 654, 656, 690, 716, 807, 808, 814, M2, M103, M109, 903N"},"geometry":{"type":"LineString","coordinates":[[19.186365,50.325367],[19.186306,50.325418]]}},{"type":"Feature","properties":{"mode":"bus","n":30,"arr":["16","18","27","28","49","55","79","116","242","260","604","612","624","629","637","638","640","641","644","654","656","690","716","807","808","814","M2","M103","M109","903N"],"lines":"16, 18, 27, 28, 49, 55, 79, 116, 242, 260, 604, 612, 624, 629, 637, 638, 640, 641, 644, 654, 656, 690, 716, 807, 808, 814, M2, M103, M109, 903N"},"geometry":{"type":"LineString","coordinates":[[19.186744,50.32558],[19.186751,50.325574]]}},{"type":"Feature","properties":{"mode":"bus","n":14,"arr":["16","28","49","55","79","116","242","637","640","641","654","716","M2","M103"],"lines":"16, 28, 49, 55, 79, 116, 242, 637, 640, 641, 654, 716, M2, M103"},"geometry":{"type":"LineString","coordinates":[[19.186732,50.325279],[19.186365,50.325367]]}},{"type":"Feature","properties":{"mode":"bus","n":8,"arr":["16","79","242","604","641","654","M103","903N"],"lines":"16, 79, 242, 604, 641, 654, M103, 903N"},"geometry":{"type":"LineString","coordinates":[[19.186732,50.325279],[19.18679,50.325482],[19.186751,50.325574]]}},{"type":"Feature","properties":{"mode":"bus","n":9,"arr":["16","79","242","604","641","654","716","M103","903N"],"lines":"16, 79, 242, 604, 641, 654, 716, M103, 903N"},"geometry":{"type":"LineString","coordinates":[[19.187344,50.330682],[19.187266,50.330636],[19.187205,50.33063],[19.187186,50.330625],[19.187173,50.330617],[19.187166,50.330605],[19.187051,50.330164],[19.186944,50.329926],[19.18673,50.329589],[19.186417,50.329211]]}},{"type":"Feature","properties":{"mode":"bus","n":28,"arr":["16","24","25","28","40","42","61","67","79","90","97","99","104","107","124","125","200","260","269","612","616","625","721","722","M19","M23","902N","904N"],"lines":"16, 24, 25, 28, 40, 42, 61, 67, 79, 90, 97, 99, 104, 107, 124, 125, 200, 260, 269, 612, 616, 625, 721, 722, M19, M23, 902N, 904N"},"geometry":{"type":"LineString","coordinates":[[19.129128,50.32087],[19.129146,50.320868]]}},{"type":"Feature","properties":{"mode":"bus","n":10,"arr":["18","237","604","606","624","654","690","807","M2","903N"],"lines":"18, 237, 604, 606, 624, 654, 690, 807, M2, 903N"},"geometry":{"type":"LineString","coordinates":[[19.249012,50.34008],[19.248089,50.340216],[19.247115,50.340275],[19.246651,50.340335],[19.244525,50.340694],[19.243147,50.34098]]}},{"type":"Feature","properties":{"mode":"bus","n":10,"arr":["18","237","604","606","624","654","690","807","M2","903N"],"lines":"18, 237, 604, 606, 624, 654, 690, 807, M2, 903N"},"geometry":{"type":"LineString","coordinates":[[19.248844,50.339752],[19.248007,50.339885],[19.24674,50.340207],[19.24451,50.340586],[19.243366,50.340819]]}},{"type":"Feature","properties":{"mode":"bus","n":7,"arr":["18","637","654","807","808","M2","903N"],"lines":"18, 637, 654, 807, 808, M2, 903N"},"geometry":{"type":"LineString","coordinates":[[19.22204,50.333232],[19.22188,50.333228],[19.221787,50.333203],[19.221691,50.333123],[19.221564,50.333064],[19.219872,50.332466]]}},{"type":"Feature","properties":{"mode":"bus","n":7,"arr":["18","637","654","807","808","M2","903N"],"lines":"18, 637, 654, 807, 808, M2, 903N"},"geometry":{"type":"LineString","coordinates":[[19.217498,50.33146],[19.215321,50.330478],[19.215182,50.330431],[19.215011,50.330419],[19.214922,50.330391],[19.214815,50.330301]]}},{"type":"Feature","properties":{"mode":"bus","n":8,"arr":["18","637","654","656","807","808","M2","903N"],"lines":"18, 637, 654, 656, 807, 808, M2, 903N"},"geometry":{"type":"LineString","coordinates":[[19.214757,50.330375],[19.214798,50.330323],[19.214806,50.330301],[19.214795,50.33028],[19.214757,50.330242],[19.210817,50.328549]]}},{"type":"Feature","properties":{"mode":"bus","n":8,"arr":["18","637","654","656","807","808","M2","903N"],"lines":"18, 637, 654, 656, 807, 808, M2, 903N"},"geometry":{"type":"LineString","coordinates":[[19.215182,50.330431],[19.215045,50.330507]]}},{"type":"Feature","properties":{"mode":"bus","n":10,"arr":["18","637","640","654","656","690","807","808","M2","903N"],"lines":"18, 637, 640, 654, 656, 690, 807, 808, M2, 903N"},"geometry":{"type":"LineString","coordinates":[[19.210817,50.328549],[19.210654,50.328528],[19.210556,50.328468]]}},{"type":"Feature","properties":{"mode":"bus","n":16,"arr":["18","27","612","637","638","640","644","656","690","716","807","808","814","M2","M109","903N"],"lines":"18, 27, 612, 637, 638, 640, 644, 656, 690, 716, 807, 808, 814, M2, M109, 903N"},"geometry":{"type":"LineString","coordinates":[[19.205473,50.326234],[19.205216,50.326184],[19.204946,50.325994],[19.200686,50.324184]]}},{"type":"Feature","properties":{"mode":"bus","n":20,"arr":["18","27","28","49","612","624","629","637","638","640","644","656","690","716","807","808","814","M2","M109","903N"],"lines":"18, 27, 28, 49, 612, 624, 629, 637, 638, 640, 644, 656, 690, 716, 807, 808, 814, M2, M109, 903N"},"geometry":{"type":"LineString","coordinates":[[19.200686,50.324184],[19.200498,50.324134],[19.200168,50.32394],[19.196734,50.322456],[19.196116,50.322064]]}},{"type":"Feature","properties":{"mode":"bus","n":23,"arr":["18","27","28","49","55","116","260","612","624","629","637","638","640","644","656","690","716","807","808","814","M2","M109","903N"],"lines":"18, 27, 28, 49, 55, 116, 260, 612, 624, 629, 637, 638, 640, 644, 656, 690, 716, 807, 808, 814, M2, M109, 903N"},"geometry":{"type":"LineString","coordinates":[[19.195097,50.32159],[19.194584,50.321701],[19.192785,50.322635],[19.192072,50.323091],[19.190808,50.324089],[19.190319,50.324383],[19.189732,50.324683],[19.189224,50.324892],[19.188772,50.32504],[19.187097,50.325508],[19.186751,50.325574]]}},{"type":"Feature","properties":{"mode":"bus","n":18,"arr":["18","27","49","116","260","612","624","629","638","644","656","690","807","808","814","M2","M109","903N"],"lines":"18, 27, 49, 116, 260, 612, 624, 629, 638, 644, 656, 690, 807, 808, 814, M2, M109, 903N"},"geometry":{"type":"LineString","coordinates":[[19.186279,50.32566],[19.186599,50.325645],[19.186744,50.32558]]}},{"type":"Feature","properties":{"mode":"bus","n":8,"arr":["18","55","90","260","622","690","808","902N"],"lines":"18, 55, 90, 260, 622, 690, 808, 902N"},"geometry":{"type":"LineString","coordinates":[[19.187528,50.302953],[19.187529,50.303023],[19.187572,50.303087],[19.187764,50.303165]]}},{"type":"Feature","properties":{"mode":"bus","n":8,"arr":["18","55","90","260","622","690","808","902N"],"lines":"18, 55, 90, 260, 622, 690, 808, 902N"},"geometry":{"type":"LineString","coordinates":[[19.184074,50.296413],[19.184618,50.297592],[19.187564,50.302893]]}},{"type":"Feature","properties":{"mode":"bus","n":9,"arr":["18","55","90","260","622","690","808","902N","903N"],"lines":"18, 55, 90, 260, 622, 690, 808, 902N, 903N"},"geometry":{"type":"LineString","coordinates":[[19.187564,50.302893],[19.187528,50.302953]]}},{"type":"Feature","properties":{"mode":"bus","n":9,"arr":["18","34","188","220","260","690","723","M4","904N"],"lines":"18, 34, 188, 220, 260, 690, 723, M4, 904N"},"geometry":{"type":"LineString","coordinates":[[19.177604,50.285055],[19.177507,50.285206],[19.17753,50.285375],[19.177682,50.285505],[19.177859,50.285563]]}},{"type":"Feature","properties":{"mode":"bus","n":5,"arr":["18","220","690","835","904N"],"lines":"18, 220, 690, 835, 904N"},"geometry":{"type":"LineString","coordinates":[[19.176911,50.272479],[19.176949,50.272508],[19.176964,50.272524],[19.176966,50.272543],[19.176891,50.272973]]}},{"type":"Feature","properties":{"mode":"bus","n":5,"arr":["18","220","690","835","904N"],"lines":"18, 220, 690, 835, 904N"},"geometry":{"type":"LineString","coordinates":[[19.174748,50.277187],[19.174467,50.277796],[19.174379,50.278097],[19.17436,50.278286],[19.174426,50.278852],[19.174578,50.279182]]}},{"type":"Feature","properties":{"mode":"bus","n":6,"arr":["18","220","634","690","835","904N"],"lines":"18, 220, 634, 690, 835, 904N"},"geometry":{"type":"LineString","coordinates":[[19.176866,50.272491],[19.176895,50.272483],[19.176904,50.27248],[19.176907,50.272475],[19.176907,50.272468],[19.176861,50.272352],[19.176932,50.272207]]}},{"type":"Feature","properties":{"mode":"bus","n":6,"arr":["18","220","634","690","835","904N"],"lines":"18, 220, 634, 690, 835, 904N"},"geometry":{"type":"LineString","coordinates":[[19.176891,50.272973],[19.176715,50.273478],[19.176527,50.273871],[19.174748,50.277187]]}},{"type":"Feature","properties":{"mode":"bus","n":5,"arr":["18","220","634","690","835"],"lines":"18, 220, 634, 690, 835"},"geometry":{"type":"LineString","coordinates":[[19.177353,50.27214],[19.177222,50.272123]]}},{"type":"Feature","properties":{"mode":"bus","n":5,"arr":["18","220","634","690","835"],"lines":"18, 220, 634, 690, 835"},"geometry":{"type":"LineString","coordinates":[[19.177572,50.272301],[19.177579,50.272389],[19.177525,50.272476],[19.17741,50.272553],[19.177206,50.272619],[19.177155,50.272663],[19.176999,50.273196],[19.176762,50.273745],[19.174916,50.277226]]}},{"type":"Feature","properties":{"mode":"bus","n":7,"arr":["18","35","150","160","M13","M15","902N"],"lines":"18, 35, 150, 160, M13, M15, 902N"},"geometry":{"type":"LineString","coordinates":[[19.159942,50.243302],[19.159858,50.243262],[19.159705,50.243257],[19.159563,50.243338],[19.159547,50.243409],[19.159584,50.243473],[19.159667,50.243521],[19.159775,50.243537]]}},{"type":"Feature","properties":{"mode":"bus","n":7,"arr":["18","26","35","150","160","M13","M15"],"lines":"18, 26, 35, 150, 160, M13, M15"},"geometry":{"type":"LineString","coordinates":[[19.157721,50.237698],[19.157587,50.237674],[19.157509,50.2376],[19.15752,50.237516],[19.157609,50.237455],[19.157672,50.237441],[19.157757,50.237449],[19.157797,50.237459],[19.157828,50.237478],[19.157876,50.237524],[19.157895,50.237555],[19.157888,50.237588],[19.157856,50.237639],[19.157834,50.237662],[19.157798,50.237677],[19.157721,50.237698]]}},{"type":"Feature","properties":{"mode":"bus","n":6,"arr":["18","26","35","150","160","M13"],"lines":"18, 26, 35, 150, 160, M13"},"geometry":{"type":"LineString","coordinates":[[19.148388,50.241815],[19.148397,50.241895],[19.148389,50.241928],[19.148359,50.241955],[19.148305,50.241985],[19.148261,50.242001],[19.14821,50.242003],[19.148109,50.241995],[19.148014,50.241916]]}},{"type":"Feature","properties":{"mode":"bus","n":6,"arr":["18","26","35","150","160","M13"],"lines":"18, 26, 35, 150, 160, M13"},"geometry":{"type":"LineString","coordinates":[[19.139103,50.24237],[19.139952,50.242524],[19.141236,50.242822],[19.143393,50.243191],[19.143883,50.243228],[19.144288,50.243219],[19.144778,50.243161],[19.145147,50.243078],[19.145721,50.242865],[19.14696,50.242293],[19.147823,50.241965],[19.147972,50.241927],[19.147996,50.241918],[19.14801,50.241904],[19.148016,50.241887],[19.148021,50.241833],[19.148103,50.24177],[19.148184,50.241758],[19.148227,50.241756],[19.148266,50.241766],[19.14834,50.241796],[19.148372,50.241805],[19.148405,50.241805],[19.148437,50.241798],[19.150067,50.241218],[19.151517,50.240817],[19.152413,50.240487],[19.152811,50.240255],[19.155097,50.238469],[19.155599,50.238247],[19.156467,50.237995],[19.157332,50.237642],[19.157509,50.2376]]}},{"type":"Feature","properties":{"mode":"bus","n":6,"arr":["18","26","35","150","160","M13"],"lines":"18, 26, 35, 150, 160, M13"},"geometry":{"type":"LineString","coordinates":[[19.138375,50.242341],[19.139047,50.242368],[19.139063,50.242368],[19.139072,50.242368],[19.139076,50.242366],[19.139074,50.242364],[19.139065,50.242361],[19.139051,50.242357],[19.138579,50.242235],[19.138443,50.24217]]}},{"type":"Feature","properties":{"mode":"bus","n":11,"arr":["18","26","35","106","150","160","219","292","788","995","M13"],"lines":"18, 26, 35, 106, 150, 160, 219, 292, 788, 995, M13"},"geometry":{"type":"LineString","coordinates":[[19.138193,50.24236],[19.138291,50.242364],[19.138375,50.242341]]}},{"type":"Feature","properties":{"mode":"bus","n":11,"arr":["18","26","35","106","150","160","219","292","788","995","M13"],"lines":"18, 26, 35, 106, 150, 160, 219, 292, 788, 995, M13"},"geometry":{"type":"LineString","coordinates":[[19.138443,50.24217],[19.138363,50.242115],[19.138253,50.242095],[19.138143,50.242116],[19.138102,50.24214],[19.138087,50.242146],[19.138071,50.242147],[19.138055,50.242142],[19.137783,50.242028],[19.137287,50.241732],[19.137098,50.241671],[19.136966,50.241596],[19.136866,50.241475]]}},{"type":"Feature","properties":{"mode":"bus","n":8,"arr":["18","35","160","219","292","788","995","M13"],"lines":"18, 35, 160, 219, 292, 788, 995, M13"},"geometry":{"type":"LineString","coordinates":[[19.13808,50.242153],[19.138045,50.242212],[19.138054,50.242275],[19.138108,50.242328],[19.138193,50.24236]]}},{"type":"Feature","properties":{"mode":"bus","n":7,"arr":["18","66","149","292","536","931","M101"],"lines":"18, 66, 149, 292, 536, 931, M101"},"geometry":{"type":"LineString","coordinates":[[19.128968,50.246585],[19.128772,50.246692],[19.128695,50.246865],[19.128594,50.246922]]}},{"type":"Feature","properties":{"mode":"bus","n":10,"arr":["18","26","66","106","149","150","292","536","931","M101"],"lines":"18, 26, 66, 106, 149, 150, 292, 536, 931, M101"},"geometry":{"type":"LineString","coordinates":[[19.128594,50.246922],[19.128468,50.246929],[19.128384,50.246903],[19.128306,50.246811],[19.128344,50.246722],[19.128461,50.24667],[19.128603,50.246678],[19.128755,50.246619],[19.128968,50.246585],[19.129188,50.246506]]}},{"type":"Feature","properties":{"mode":"bus","n":6,"arr":["18","66","149","536","931","M101"],"lines":"18, 66, 149, 536, 931, M101"},"geometry":{"type":"LineString","coordinates":[[19.123485,50.247645],[19.123444,50.247696],[19.123368,50.247725],[19.123288,50.247726],[19.123233,50.247705],[19.123202,50.247698],[19.12317,50.2477],[19.122614,50.247807]]}},{"type":"Feature","properties":{"mode":"bus","n":6,"arr":["18","66","149","536","931","M101"],"lines":"18, 66, 149, 536, 931, M101"},"geometry":{"type":"LineString","coordinates":[[19.114397,50.249688],[19.114427,50.249755],[19.114399,50.249825],[19.114276,50.249891],[19.11423,50.249907],[19.114177,50.249908],[19.114013,50.249892],[19.113927,50.249826],[19.113934,50.249697],[19.114073,50.249612],[19.114247,50.249613],[19.114397,50.249688],[19.114443,50.24969],[19.115118,50.249588],[19.122614,50.247807],[19.122888,50.247695],[19.123162,50.247616],[19.123212,50.247549],[19.123277,50.247524],[19.123422,50.24754],[19.123476,50.247584],[19.123482,50.247624],[19.123485,50.247633],[19.123492,50.247638],[19.123503,50.24764],[19.123517,50.247639],[19.124856,50.247384],[19.127887,50.246882],[19.128326,50.246856]]}},{"type":"Feature","properties":{"mode":"bus","n":6,"arr":["18","35","150","160","M13","M15"],"lines":"18, 35, 150, 160, M13, M15"},"geometry":{"type":"LineString","coordinates":[[19.159942,50.243302],[19.159993,50.24338],[19.159967,50.243462],[19.159918,50.243501],[19.159775,50.243537]]}},{"type":"Feature","properties":{"mode":"bus","n":6,"arr":["18","35","150","160","M13","M15"],"lines":"18, 35, 150, 160, M13, M15"},"geometry":{"type":"LineString","coordinates":[[19.159636,50.243279],[19.159475,50.243025],[19.159371,50.242113],[19.159312,50.241884],[19.157888,50.238241],[19.157721,50.237698]]}},{"type":"Feature","properties":{"mode":"bus","n":9,"arr":["18","34","188","220","260","690","723","M4","902N"],"lines":"18, 34, 188, 220, 260, 690, 723, M4, 902N"},"geometry":{"type":"LineString","coordinates":[[19.178222,50.284942],[19.178148,50.284929]]}},{"type":"Feature","properties":{"mode":"bus","n":10,"arr":["18","34","188","220","260","690","723","M4","902N","904N"],"lines":"18, 34, 188, 220, 260, 690, 723, M4, 902N, 904N"},"geometry":{"type":"LineString","coordinates":[[19.178483,50.285375],[19.178438,50.285434]]}},{"type":"Feature","properties":{"mode":"bus","n":8,"arr":["18","55","90","260","622","690","808","903N"],"lines":"18, 55, 90, 260, 622, 690, 808, 903N"},"geometry":{"type":"LineString","coordinates":[[19.184226,50.296354],[19.184723,50.297459],[19.187615,50.302628],[19.187738,50.302793],[19.187748,50.302802],[19.187761,50.302807],[19.187778,50.302808],[19.18783,50.302806],[19.187978,50.302843],[19.188072,50.302925]]}},{"type":"Feature","properties":{"mode":"bus","n":8,"arr":["18","55","90","260","622","690","808","903N"],"lines":"18, 55, 90, 260, 622, 690, 808, 903N"},"geometry":{"type":"LineString","coordinates":[[19.188064,50.30306],[19.187969,50.303133]]}},{"type":"Feature","properties":{"mode":"bus","n":7,"arr":["18","55","90","260","690","808","903N"],"lines":"18, 55, 90, 260, 690, 808, 903N"},"geometry":{"type":"LineString","coordinates":[[19.188072,50.302925],[19.188064,50.30306]]}},{"type":"Feature","properties":{"mode":"bus","n":20,"arr":["18","27","28","49","612","624","629","637","638","640","644","656","690","716","807","808","814","M2","M109","904N"],"lines":"18, 27, 28, 49, 612, 624, 629, 637, 638, 640, 644, 656, 690, 716, 807, 808, 814, M2, M109, 904N"},"geometry":{"type":"LineString","coordinates":[[19.194806,50.32141],[19.194986,50.321383],[19.195138,50.321416]]}},{"type":"Feature","properties":{"mode":"bus","n":24,"arr":["18","27","28","49","55","116","260","612","624","629","637","638","640","644","656","690","716","807","808","814","M2","M109","903N","904N"],"lines":"18, 27, 28, 49, 55, 116, 260, 612, 624, 629, 637, 638, 640, 644, 656, 690, 716, 807, 808, 814, M2, M109, 903N, 904N"},"geometry":{"type":"LineString","coordinates":[[19.195138,50.321416],[19.195152,50.321525],[19.195097,50.32159]]}},{"type":"Feature","properties":{"mode":"bus","n":21,"arr":["18","27","28","49","612","624","629","637","638","640","644","656","690","716","807","808","814","M2","M109","903N","904N"],"lines":"18, 27, 28, 49, 612, 624, 629, 637, 638, 640, 644, 656, 690, 716, 807, 808, 814, M2, M109, 903N, 904N"},"geometry":{"type":"LineString","coordinates":[[19.195097,50.32159],[19.196113,50.322063],[19.196604,50.322167],[19.200467,50.32386],[19.200771,50.323933],[19.200866,50.323993]]}},{"type":"Feature","properties":{"mode":"bus","n":17,"arr":["18","27","612","637","638","640","644","656","690","716","807","808","814","M2","M109","903N","904N"],"lines":"18, 27, 612, 637, 638, 640, 644, 656, 690, 716, 807, 808, 814, M2, M109, 903N, 904N"},"geometry":{"type":"LineString","coordinates":[[19.200866,50.323993],[19.201055,50.324103],[19.202391,50.324675],[19.202986,50.324897],[19.203967,50.325355],[19.205292,50.325913]]}},{"type":"Feature","properties":{"mode":"bus","n":10,"arr":["18","637","640","656","690","807","808","M2","903N","904N"],"lines":"18, 637, 640, 656, 690, 807, 808, M2, 903N, 904N"},"geometry":{"type":"LineString","coordinates":[[19.205292,50.325913],[19.205493,50.325966],[19.205647,50.326069],[19.20589,50.326179],[19.206127,50.326262],[19.210789,50.32827]]}},{"type":"Feature","properties":{"mode":"bus","n":11,"arr":["18","637","640","654","656","690","807","808","M2","903N","904N"],"lines":"18, 637, 640, 654, 656, 690, 807, 808, M2, 903N, 904N"},"geometry":{"type":"LineString","coordinates":[[19.210789,50.32827],[19.210956,50.328335]]}},{"type":"Feature","properties":{"mode":"bus","n":9,"arr":["18","637","654","656","807","808","M2","903N","904N"],"lines":"18, 637, 654, 656, 807, 808, M2, 903N, 904N"},"geometry":{"type":"LineString","coordinates":[[19.210956,50.328335],[19.214992,50.330056],[19.215278,50.330118],[19.215389,50.33022]]}},{"type":"Feature","properties":{"mode":"bus","n":8,"arr":["18","637","654","807","808","M2","903N","904N"],"lines":"18, 637, 654, 807, 808, M2, 903N, 904N"},"geometry":{"type":"LineString","coordinates":[[19.215389,50.33022],[19.21543,50.330271],[19.215534,50.330326],[19.217317,50.331078],[19.218394,50.331704],[19.219187,50.332047],[19.220081,50.332275],[19.221098,50.332671],[19.221867,50.332927],[19.222075,50.332971],[19.222159,50.333015],[19.2222,50.333079]]}},{"type":"Feature","properties":{"mode":"bus","n":8,"arr":["18","604","637","654","807","M2","903N","904N"],"lines":"18, 604, 637, 654, 807, M2, 903N, 904N"},"geometry":{"type":"LineString","coordinates":[[19.226682,50.334954],[19.226952,50.335015],[19.227108,50.335152]]}},{"type":"Feature","properties":{"mode":"bus","n":8,"arr":["20","71","153","207","208","707","M105","M107"],"lines":"20, 71, 153, 207, 208, 707, M105, M107"},"geometry":{"type":"LineString","coordinates":[[18.623524,50.404914],[18.622839,50.404324],[18.622739,50.404211],[18.622534,50.403921],[18.622407,50.403624],[18.622374,50.403486],[18.622381,50.403217],[18.622554,50.402084],[18.622559,50.402068],[18.622572,50.402058],[18.62259,50.402053],[18.622615,50.402054],[18.625976,50.402392],[18.629098,50.40274],[18.629111,50.402739],[18.629121,50.402736],[18.629129,50.402729],[18.629136,50.402718],[18.629148,50.402707],[18.629166,50.4027],[18.6292,50.402692],[18.629219,50.40269],[18.629237,50.402692],[18.629254,50.402698],[18.629286,50.402717],[18.629301,50.402729],[18.629306,50.402743],[18.6293,50.402758],[18.629286,50.40278],[18.629273,50.402792],[18.629256,50.402799],[18.629233,50.402801],[18.629198,50.402801],[18.629177,50.402798],[18.62916,50.402791],[18.629148,50.40278],[18.62912,50.402742]]}},{"type":"Feature","properties":{"mode":"bus","n":8,"arr":["20","71","153","207","208","707","M105","M107"],"lines":"20, 71, 153, 207, 208, 707, M105, M107"},"geometry":{"type":"LineString","coordinates":[[18.634502,50.398781],[18.632822,50.398881],[18.632446,50.398883],[18.630816,50.39863],[18.630141,50.398572]]}},{"type":"Feature","properties":{"mode":"bus","n":8,"arr":["20","71","153","207","208","707","M105","M107"],"lines":"20, 71, 153, 207, 208, 707, M105, M107"},"geometry":{"type":"LineString","coordinates":[[18.629208,50.398561],[18.629208,50.398353],[18.629211,50.398338],[18.629222,50.398328],[18.629239,50.398324],[18.629262,50.398326],[18.629962,50.398441],[18.630104,50.398545],[18.630115,50.398555],[18.630119,50.398562],[18.630115,50.398567],[18.630104,50.39857],[18.630085,50.398571],[18.629134,50.398557]]}},{"type":"Feature","properties":{"mode":"bus","n":8,"arr":["20","71","153","207","208","707","M105","M107"],"lines":"20, 71, 153, 207, 208, 707, M105, M107"},"geometry":{"type":"LineString","coordinates":[[18.630039,50.398501],[18.629873,50.398499],[18.629212,50.398405]]}},{"type":"Feature","properties":{"mode":"bus","n":8,"arr":["20","71","153","207","208","707","M105","M107"],"lines":"20, 71, 153, 207, 208, 707, M105, M107"},"geometry":{"type":"LineString","coordinates":[[18.625976,50.402392],[18.625995,50.402544],[18.625803,50.402887],[18.625703,50.403008],[18.625454,50.403211],[18.624784,50.403635],[18.624547,50.403841],[18.624445,50.403969],[18.624292,50.40432],[18.624163,50.405215],[18.624157,50.405231],[18.624145,50.405241],[18.624127,50.405247],[18.624102,50.405248],[18.623956,50.405238],[18.623906,50.405229],[18.623866,50.405206],[18.623539,50.404927]]}},{"type":"Feature","properties":{"mode":"bus","n":5,"arr":["21","274","565","627","696"],"lines":"21, 274, 565, 627, 696"},"geometry":{"type":"LineString","coordinates":[[19.045665,50.097205],[19.045749,50.097124],[19.045723,50.097036],[19.045702,50.097006],[19.045662,50.096984],[19.045586,50.096958],[19.045535,50.096949],[19.045484,50.096955],[19.045362,50.096987],[19.045304,50.097057],[19.045312,50.097136],[19.045412,50.097214],[19.045479,50.097334]]}},{"type":"Feature","properties":{"mode":"bus","n":5,"arr":["21","274","565","627","696"],"lines":"21, 274, 565, 627, 696"},"geometry":{"type":"LineString","coordinates":[[19.045792,50.097106],[19.045749,50.097124]]}},{"type":"Feature","properties":{"mode":"bus","n":7,"arr":["21","273","531","536","627","686","696"],"lines":"21, 273, 531, 536, 627, 686, 696"},"geometry":{"type":"LineString","coordinates":[[19.033321,50.10378],[19.033285,50.103665],[19.03318,50.103587],[19.032948,50.103471],[19.031418,50.102562],[19.030591,50.102176],[19.030055,50.101982],[19.029434,50.1018],[19.028652,50.101633],[19.027979,50.101642],[19.027442,50.101546],[19.027299,50.101497]]}},{"type":"Feature","properties":{"mode":"bus","n":10,"arr":["21","131","254","271","272","273","514","565","627","696"],"lines":"21, 131, 254, 271, 272, 273, 514, 565, 627, 696"},"geometry":{"type":"LineString","coordinates":[[18.981756,50.128696],[18.981682,50.128424],[18.981603,50.128339],[18.981593,50.128324],[18.981593,50.128308],[18.981603,50.128293],[18.981644,50.12825],[18.981675,50.127965]]}},{"type":"Feature","properties":{"mode":"bus","n":12,"arr":["21","31","75","131","137","262","268","272","273","536","696","M18"],"lines":"21, 31, 75, 131, 137, 262, 268, 272, 273, 536, 696, M18"},"geometry":{"type":"LineString","coordinates":[[18.965889,50.135703],[18.966025,50.13565],[18.966178,50.135672]]}},{"type":"Feature","properties":{"mode":"bus","n":9,"arr":["21","75","131","137","268","272","273","696","M18"],"lines":"21, 75, 131, 137, 268, 272, 273, 696, M18"},"geometry":{"type":"LineString","coordinates":[[18.966178,50.135672],[18.966266,50.135751]]}},{"type":"Feature","properties":{"mode":"bus","n":9,"arr":["21","75","131","137","268","272","273","696","M18"],"lines":"21, 75, 131, 137, 268, 272, 273, 696, M18"},"geometry":{"type":"LineString","coordinates":[[18.96627,50.136226],[18.966327,50.136112],[18.96622,50.135876]]}},{"type":"Feature","properties":{"mode":"bus","n":9,"arr":["21","75","131","137","268","272","273","696","M18"],"lines":"21, 75, 131, 137, 268, 272, 273, 696, M18"},"geometry":{"type":"LineString","coordinates":[[18.965556,50.135901],[18.965848,50.136355]]}},{"type":"Feature","properties":{"mode":"bus","n":8,"arr":["22","50","72","74","91","222","662","663"],"lines":"22, 50, 72, 74, 91, 222, 662, 663"},"geometry":{"type":"LineString","coordinates":[[19.032607,50.302047],[19.032704,50.302033],[19.032781,50.301992]]}},{"type":"Feature","properties":{"mode":"bus","n":9,"arr":["22","30","96","110","222","663","664","M11","30N"],"lines":"22, 30, 96, 110, 222, 663, 664, M11, 30N"},"geometry":{"type":"LineString","coordinates":[[19.003945,50.312193],[19.00402,50.312211],[19.004054,50.312225],[19.004074,50.312248],[19.004087,50.312274],[19.004091,50.312296],[19.004079,50.312317],[19.004044,50.312355],[19.003943,50.312374]]}},{"type":"Feature","properties":{"mode":"bus","n":6,"arr":["22","165","664","840","998","840N"],"lines":"22, 165, 664, 840, 998, 840N"},"geometry":{"type":"LineString","coordinates":[[18.942848,50.293466],[18.942954,50.293503]]}},{"type":"Feature","properties":{"mode":"bus","n":6,"arr":["22","165","664","840","998","840N"],"lines":"22, 165, 664, 840, 998, 840N"},"geometry":{"type":"LineString","coordinates":[[18.942852,50.293377],[18.94292,50.293346],[18.943004,50.29335]]}},{"type":"Feature","properties":{"mode":"bus","n":7,"arr":["22","48","74","139","165","632","663"],"lines":"22, 48, 74, 139, 165, 632, 663"},"geometry":{"type":"LineString","coordinates":[[18.939323,50.273961],[18.93967,50.274943],[18.939772,50.275292],[18.939815,50.275694],[18.93987,50.275758],[18.940033,50.275825],[18.941808,50.276224],[18.941849,50.276264],[18.941939,50.276291],[18.941997,50.276356],[18.942123,50.276581],[18.942129,50.27659],[18.942135,50.276596],[18.942139,50.276598],[18.942144,50.276595],[18.942148,50.276589],[18.942151,50.276579],[18.942169,50.276505],[18.942089,50.276287],[18.942121,50.276204],[18.942105,50.276141],[18.942035,50.276096],[18.941962,50.276084],[18.94183,50.276126]]}},{"type":"Feature","properties":{"mode":"bus","n":7,"arr":["22","48","74","139","165","632","663"],"lines":"22, 48, 74, 139, 165, 632, 663"},"geometry":{"type":"LineString","coordinates":[[18.942142,50.276615],[18.942138,50.276967],[18.94219,50.277205],[18.942809,50.2785],[18.942977,50.278723],[18.943753,50.279342]]}},{"type":"Feature","properties":{"mode":"bus","n":9,"arr":["22","30","110","196","222","663","664","M11","30N"],"lines":"22, 30, 110, 196, 222, 663, 664, M11, 30N"},"geometry":{"type":"LineString","coordinates":[[19.003945,50.312193],[19.003892,50.312207],[19.003867,50.312218],[19.003852,50.312234],[19.003828,50.312274],[19.003823,50.312294],[19.00383,50.312313],[19.003857,50.312348],[19.003943,50.312374]]}},{"type":"Feature","properties":{"mode":"bus","n":5,"arr":["23","51","138","673","674"],"lines":"23, 51, 138, 673, 674"},"geometry":{"type":"LineString","coordinates":[[18.973154,50.278653],[18.972846,50.278846],[18.972818,50.278873],[18.97281,50.278904],[18.972814,50.278967],[18.972777,50.279006],[18.972724,50.279032],[18.972585,50.27904]]}},{"type":"Feature","properties":{"mode":"bus","n":5,"arr":["23","51","138","673","674"],"lines":"23, 51, 138, 673, 674"},"geometry":{"type":"LineString","coordinates":[[18.972447,50.278914],[18.972491,50.279002],[18.972585,50.27904],[18.972668,50.279247],[18.972768,50.279349],[18.973105,50.279879],[18.973335,50.280085],[18.973718,50.280415],[18.974057,50.280597],[18.974576,50.280806],[18.974876,50.281016],[18.974999,50.281184],[18.975188,50.281622],[18.97534,50.281782],[18.975572,50.28194],[18.975688,50.282064],[18.975711,50.282224]]}},{"type":"Feature","properties":{"mode":"bus","n":5,"arr":["23","51","138","673","674"],"lines":"23, 51, 138, 673, 674"},"geometry":{"type":"LineString","coordinates":[[18.972999,50.283967],[18.972992,50.283902],[18.972924,50.283829],[18.972314,50.283455],[18.972263,50.283454],[18.972238,50.283456],[18.972216,50.283465],[18.968984,50.285494],[18.968738,50.285627],[18.968494,50.285699],[18.968286,50.285718],[18.967925,50.285709],[18.966467,50.285577],[18.965803,50.285465],[18.96537,50.285325],[18.964963,50.285106],[18.964779,50.284953],[18.964602,50.284709],[18.964489,50.284464],[18.964299,50.283086],[18.964233,50.282824],[18.964106,50.282597],[18.963654,50.282101],[18.963661,50.281981],[18.963628,50.281882],[18.963874,50.281613],[18.964541,50.281004],[18.964881,50.280747],[18.96513,50.280606],[18.965474,50.28046],[18.965949,50.280343],[18.967465,50.280078],[18.967728,50.280006],[18.967819,50.279992],[18.967927,50.280027],[18.968059,50.280011],[18.968149,50.279946],[18.968169,50.27981],[18.968491,50.279553],[18.969158,50.279114],[18.969726,50.278853],[18.970473,50.278715],[18.970967,50.278679],[18.971833,50.278744],[18.972395,50.2789],[18.972427,50.278904],[18.972454,50.278899],[18.972475,50.278883],[18.972501,50.278854],[18.972536,50.278829],[18.972584,50.278816],[18.97275,50.278793],[18.973154,50.278653],[18.973416,50.27852],[18.973658,50.278348],[18.973872,50.278135],[18.973949,50.27802],[18.974078,50.277702],[18.974061,50.277244]]}},{"type":"Feature","properties":{"mode":"bus","n":5,"arr":["23","51","138","673","674"],"lines":"23, 51, 138, 673, 674"},"geometry":{"type":"LineString","coordinates":[[18.973934,50.277097],[18.974001,50.277024]]}},{"type":"Feature","properties":{"mode":"bus","n":5,"arr":["23","47","111","M1","M16"],"lines":"23, 47, 111, M1, M16"},"geometry":{"type":"LineString","coordinates":[[18.783801,50.291541],[18.78355,50.291544],[18.783296,50.291498]]}},{"type":"Feature","properties":{"mode":"bus","n":7,"arr":["23","47","111","706","720","M1","M16"],"lines":"23, 47, 111, 706, 720, M1, M16"},"geometry":{"type":"LineString","coordinates":[[18.783296,50.291498],[18.783047,50.291357]]}},{"type":"Feature","properties":{"mode":"bus","n":6,"arr":["23","47","111","706","M1","M16"],"lines":"23, 47, 111, 706, M1, M16"},"geometry":{"type":"LineString","coordinates":[[18.783047,50.291357],[18.782947,50.291168],[18.782952,50.29101]]}},{"type":"Feature","properties":{"mode":"bus","n":7,"arr":["23","47","111","706","770","M1","M16"],"lines":"23, 47, 111, 706, 770, M1, M16"},"geometry":{"type":"LineString","coordinates":[[18.782952,50.29101],[18.78302,50.290882]]}},{"type":"Feature","properties":{"mode":"bus","n":7,"arr":["23","47","111","706","770","M1","M16"],"lines":"23, 47, 111, 706, 770, M1, M16"},"geometry":{"type":"LineString","coordinates":[[18.783835,50.290337],[18.784114,50.290303]]}},{"type":"Feature","properties":{"mode":"bus","n":5,"arr":["23","47","111","706","770"],"lines":"23, 47, 111, 706, 770"},"geometry":{"type":"LineString","coordinates":[[18.78302,50.290882],[18.78361,50.290439],[18.783835,50.290337]]}},{"type":"Feature","properties":{"mode":"bus","n":5,"arr":["23","47","111","770","M1"],"lines":"23, 47, 111, 770, M1"},"geometry":{"type":"LineString","coordinates":[[18.784114,50.290303],[18.784466,50.290367],[18.784647,50.290451]]}},{"type":"Feature","properties":{"mode":"bus","n":6,"arr":["23","47","111","770","M1","M16"],"lines":"23, 47, 111, 770, M1, M16"},"geometry":{"type":"LineString","coordinates":[[18.784647,50.290451],[18.784748,50.290537],[18.784824,50.290663]]}},{"type":"Feature","properties":{"mode":"bus","n":6,"arr":["23","47","111","770","M1","M16"],"lines":"23, 47, 111, 770, M1, M16"},"geometry":{"type":"LineString","coordinates":[[18.784473,50.291179],[18.784127,50.291428]]}},{"type":"Feature","properties":{"mode":"bus","n":5,"arr":["23","47","111","770","M16"],"lines":"23, 47, 111, 770, M16"},"geometry":{"type":"LineString","coordinates":[[18.784824,50.290663],[18.784836,50.290817],[18.784771,50.290948],[18.784473,50.291179]]}},{"type":"Feature","properties":{"mode":"bus","n":8,"arr":["24","25","43","99","100","104","721","M11"],"lines":"24, 25, 43, 99, 100, 104, 721, M11"},"geometry":{"type":"LineString","coordinates":[[19.0368,50.364767],[19.036797,50.364838],[19.036788,50.364861],[19.036763,50.364879],[19.036702,50.364907]]}},{"type":"Feature","properties":{"mode":"bus","n":9,"arr":["24","25","43","99","100","104","721","722","M11"],"lines":"24, 25, 43, 99, 100, 104, 721, 722, M11"},"geometry":{"type":"LineString","coordinates":[[19.036702,50.364907],[19.036478,50.364911],[19.036317,50.364955],[19.036245,50.364997],[19.036227,50.365011],[19.03622,50.365027],[19.036226,50.365046],[19.036257,50.365099]]}},{"type":"Feature","properties":{"mode":"bus","n":9,"arr":["24","25","43","99","100","104","721","722","M11"],"lines":"24, 25, 43, 99, 100, 104, 721, 722, M11"},"geometry":{"type":"LineString","coordinates":[[19.035994,50.364965],[19.035996,50.364896],[19.036066,50.36485],[19.036421,50.364821],[19.036639,50.364726],[19.036699,50.364724],[19.0368,50.364767]]}},{"type":"Feature","properties":{"mode":"bus","n":8,"arr":["24","25","43","99","100","104","722","M11"],"lines":"24, 25, 43, 99, 100, 104, 722, M11"},"geometry":{"type":"LineString","coordinates":[[19.035994,50.364965],[19.036038,50.365],[19.036066,50.365014],[19.0361,50.365018],[19.036209,50.365017]]}},{"type":"Feature","properties":{"mode":"bus","n":11,"arr":["24","52","73","99","104","114","164","264","700","780","M16"],"lines":"24, 52, 73, 99, 104, 114, 164, 264, 700, 780, M16"},"geometry":{"type":"LineString","coordinates":[[18.94433,50.369214],[18.944192,50.36919],[18.9441,50.36912],[18.944086,50.369028],[18.944113,50.368983]]}},{"type":"Feature","properties":{"mode":"bus","n":11,"arr":["24","52","73","99","104","114","164","264","700","780","M16"],"lines":"24, 52, 73, 99, 104, 114, 164, 264, 700, 780, M16"},"geometry":{"type":"LineString","coordinates":[[18.944328,50.368905],[18.944472,50.368937],[18.944557,50.369018],[18.944566,50.369067],[18.944483,50.369176],[18.944382,50.369201],[18.944352,50.369212],[18.944332,50.369228],[18.944322,50.36925],[18.944307,50.369323],[18.944236,50.370544],[18.943977,50.373672]]}},{"type":"Feature","properties":{"mode":"bus","n":8,"arr":["24","52","73","99","104","114","700","M16"],"lines":"24, 52, 73, 99, 104, 114, 700, M16"},"geometry":{"type":"LineString","coordinates":[[18.944113,50.368983],[18.943369,50.368301],[18.94203,50.367152],[18.941807,50.366979],[18.941454,50.366774],[18.940893,50.366563],[18.938907,50.36603],[18.938706,50.366017],[18.938495,50.366095]]}},{"type":"Feature","properties":{"mode":"bus","n":8,"arr":["24","52","73","99","104","114","700","M16"],"lines":"24, 52, 73, 99, 104, 114, 700, M16"},"geometry":{"type":"LineString","coordinates":[[18.937921,50.365954],[18.937844,50.365782],[18.937898,50.365636],[18.938032,50.365529],[18.9382,50.365471]]}},{"type":"Feature","properties":{"mode":"bus","n":8,"arr":["24","52","73","99","104","114","700","M16"],"lines":"24, 52, 73, 99, 104, 114, 700, M16"},"geometry":{"type":"LineString","coordinates":[[18.938772,50.365597],[18.938843,50.365693],[18.938906,50.365861],[18.939042,50.365953],[18.940988,50.3665],[18.941267,50.366593],[18.941673,50.366784],[18.941918,50.366935],[18.942177,50.367142],[18.944118,50.36882],[18.944211,50.368879],[18.944328,50.368905]]}},{"type":"Feature","properties":{"mode":"bus","n":7,"arr":["24","52","99","104","114","700","M16"],"lines":"24, 52, 99, 104, 114, 700, M16"},"geometry":{"type":"LineString","coordinates":[[18.938495,50.366095],[18.938216,50.366096],[18.938048,50.366043],[18.937921,50.365954]]}},{"type":"Feature","properties":{"mode":"bus","n":7,"arr":["24","52","99","104","114","700","M16"],"lines":"24, 52, 99, 104, 114, 700, M16"},"geometry":{"type":"LineString","coordinates":[[18.9382,50.365471],[18.938335,50.365323],[18.938415,50.365067],[18.938497,50.364652],[18.93851,50.364292],[18.938418,50.36382],[18.938347,50.363116],[18.93796,50.361973],[18.937764,50.36168],[18.937622,50.361616],[18.937387,50.36161],[18.936482,50.361976],[18.93627,50.362001],[18.936116,50.361988],[18.935984,50.361948],[18.935595,50.361648],[18.934235,50.36045],[18.93383,50.360033],[18.933592,50.359683]]}},{"type":"Feature","properties":{"mode":"bus","n":7,"arr":["24","52","99","104","114","700","M16"],"lines":"24, 52, 99, 104, 114, 700, M16"},"geometry":{"type":"LineString","coordinates":[[18.933897,50.360108],[18.934053,50.360189],[18.934273,50.360203],[18.935509,50.360131],[18.937431,50.359977],[18.937464,50.359979],[18.937486,50.359989],[18.937499,50.360008],[18.938394,50.362571],[18.938974,50.363866],[18.939011,50.364345],[18.938996,50.364628],[18.938927,50.365015],[18.938765,50.365486],[18.938772,50.365597]]}},{"type":"Feature","properties":{"mode":"bus","n":10,"arr":["26","40","150","154","188","299","807","M15","M19","M23"],"lines":"26, 40, 150, 154, 188, 299, 807, M15, M19, M23"},"geometry":{"type":"LineString","coordinates":[[19.134927,50.300805],[19.134803,50.300417],[19.134789,50.299649],[19.134747,50.299349],[19.13448,50.298719],[19.134135,50.298083],[19.134001,50.297758],[19.133815,50.297104],[19.133676,50.296168],[19.133614,50.295345]]}},{"type":"Feature","properties":{"mode":"bus","n":14,"arr":["26","35","40","88","91","100","150","622","723","807","M17","M23","902N","904N"],"lines":"26, 35, 40, 88, 91, 100, 150, 622, 723, 807, M17, M23, 902N, 904N"},"geometry":{"type":"LineString","coordinates":[[19.122529,50.286912],[19.121879,50.287039],[19.117731,50.287976],[19.117248,50.288027],[19.116643,50.288034],[19.116617,50.288038],[19.116597,50.288046],[19.116584,50.288061],[19.116567,50.288087],[19.116548,50.288105],[19.11652,50.288116],[19.116491,50.288123],[19.116458,50.288126],[19.116426,50.288121],[19.116371,50.288104],[19.116345,50.288091],[19.116331,50.288073],[19.116313,50.288033]]}},{"type":"Feature","properties":{"mode":"bus","n":13,"arr":["26","35","40","88","91","100","150","622","723","807","M17","M23","902N"],"lines":"26, 35, 40, 88, 91, 100, 150, 622, 723, 807, M17, M23, 902N"},"geometry":{"type":"LineString","coordinates":[[19.1166,50.288035],[19.116553,50.287971],[19.116472,50.287948],[19.116395,50.287964],[19.116364,50.287975],[19.116343,50.287993],[19.116313,50.288033]]}},{"type":"Feature","properties":{"mode":"bus","n":9,"arr":["26","35","55","106","150","160S","188","M15","M19"],"lines":"26, 35, 55, 106, 150, 160S, 188, M15, M19"},"geometry":{"type":"LineString","coordinates":[[19.12293,50.276267],[19.12282,50.276185],[19.122801,50.276112],[19.122835,50.276015]]}},{"type":"Feature","properties":{"mode":"bus","n":23,"arr":["26","34","35","55","88","91","100","106","116","150","160","160S","188","220","299","634","690","723","808","M4","M15","M19","902N"],"lines":"26, 34, 35, 55, 88, 91, 100, 106, 116, 150, 160, 160S, 188, 220, 299, 634, 690, 723, 808, M4, M15, M19, 902N"},"geometry":{"type":"LineString","coordinates":[[19.134918,50.28103],[19.13518,50.281122]]}},{"type":"Feature","properties":{"mode":"bus","n":25,"arr":["26","34","35","55","88","91","100","106","116","150","160","160S","188","220","299","622","634","690","723","808","M4","M15","M17","M19","902N"],"lines":"26, 34, 35, 55, 88, 91, 100, 106, 116, 150, 160, 160S, 188, 220, 299, 622, 634, 690, 723, 808, M4, M15, M17, M19, 902N"},"geometry":{"type":"LineString","coordinates":[[19.13518,50.281122],[19.135652,50.281316]]}},{"type":"Feature","properties":{"mode":"bus","n":14,"arr":["26","35","88","91","100","106","150","160S","188","299","622","M15","M17","M19"],"lines":"26, 35, 88, 91, 100, 106, 150, 160S, 188, 299, 622, M15, M17, M19"},"geometry":{"type":"LineString","coordinates":[[19.135652,50.281316],[19.136196,50.281625]]}},{"type":"Feature","properties":{"mode":"bus","n":19,"arr":["26","34","35","55","88","91","100","150","160S","188","220","622","634","723","808","M4","M15","M17","M19"],"lines":"26, 34, 35, 55, 88, 91, 100, 150, 160S, 188, 220, 622, 634, 723, 808, M4, M15, M17, M19"},"geometry":{"type":"LineString","coordinates":[[19.136196,50.281625],[19.135807,50.281798]]}},{"type":"Feature","properties":{"mode":"bus","n":12,"arr":["26","35","40","88","100","154","188","807","M15","M19","M23","902N"],"lines":"26, 35, 40, 88, 100, 154, 188, 807, M15, M19, M23, 902N"},"geometry":{"type":"LineString","coordinates":[[19.133156,50.29109],[19.133129,50.290899],[19.132622,50.289911],[19.132473,50.28943],[19.13233,50.288809],[19.132241,50.287975],[19.132214,50.286074],[19.132242,50.285757],[19.1324,50.285194],[19.132395,50.285102]]}},{"type":"Feature","properties":{"mode":"bus","n":12,"arr":["26","35","40","88","100","154","188","299","807","M15","M19","M23"],"lines":"26, 35, 40, 88, 100, 154, 188, 299, 807, M15, M19, M23"},"geometry":{"type":"LineString","coordinates":[[19.132637,50.291215],[19.13254,50.290878],[19.132526,50.290226],[19.132491,50.289995],[19.132237,50.289033],[19.132124,50.288228],[19.132081,50.285574],[19.132108,50.28523]]}},{"type":"Feature","properties":{"mode":"bus","n":9,"arr":["26","40","150","154","188","807","M15","M19","M23"],"lines":"26, 40, 150, 154, 188, 807, M15, M19, M23"},"geometry":{"type":"LineString","coordinates":[[19.135894,50.300856],[19.135874,50.300538],[19.1357,50.30012],[19.135288,50.299568],[19.134462,50.298024],[19.134316,50.297686],[19.134148,50.297134],[19.134065,50.296731],[19.13394,50.295266]]}},{"type":"Feature","properties":{"mode":"bus","n":6,"arr":["26","150","154","188","M2","M15"],"lines":"26, 150, 154, 188, M2, M15"},"geometry":{"type":"LineString","coordinates":[[19.134927,50.300805],[19.135333,50.300852],[19.135894,50.300856]]}},{"type":"Feature","properties":{"mode":"bus","n":7,"arr":["26","150","188","299","612","616","M15"],"lines":"26, 150, 188, 299, 612, 616, M15"},"geometry":{"type":"LineString","coordinates":[[19.137529,50.30497],[19.137384,50.305075],[19.137293,50.305189],[19.137073,50.305654],[19.136925,50.305861],[19.136769,50.306043],[19.136209,50.306553],[19.135894,50.306931],[19.13588,50.306944],[19.135863,50.30695],[19.135843,50.30695],[19.13582,50.306944],[19.135409,50.306782],[19.135192,50.306715],[19.134891,50.306658],[19.130941,50.306403],[19.130764,50.306338],[19.130419,50.306081],[19.130295,50.306035],[19.128642,50.305844],[19.126192,50.305592],[19.119307,50.305142],[19.119223,50.30515],[19.118943,50.305254],[19.118203,50.305779],[19.117963,50.3059],[19.117942,50.305907],[19.117918,50.305908],[19.117871,50.305904],[19.117809,50.305921],[19.117787,50.305924],[19.117768,50.305921],[19.117751,50.305913],[19.117241,50.305549],[19.117189,50.305473],[19.117136,50.305304],[19.117146,50.305162],[19.117258,50.304929]]}},{"type":"Feature","properties":{"mode":"bus","n":5,"arr":["27","638","644","716","814"],"lines":"27, 638, 644, 716, 814"},"geometry":{"type":"LineString","coordinates":[[19.21924,50.326626],[19.223872,50.329259],[19.224429,50.329597],[19.224717,50.329797],[19.224955,50.330014],[19.22496,50.330021],[19.224959,50.330028],[19.224952,50.330034],[19.224925,50.330052],[19.224901,50.330126],[19.224949,50.330183],[19.225041,50.330209]]}},{"type":"Feature","properties":{"mode":"bus","n":5,"arr":["27","638","644","716","814"],"lines":"27, 638, 644, 716, 814"},"geometry":{"type":"LineString","coordinates":[[19.219071,50.326519],[19.219042,50.326562],[19.219052,50.326592],[19.219062,50.326606],[19.219081,50.326615],[19.219156,50.326638],[19.219178,50.326642],[19.2192,50.326638],[19.21924,50.326626],[19.219265,50.326597],[19.219272,50.326581],[19.219268,50.326564],[19.219249,50.326531],[19.219233,50.326515],[19.219208,50.326505],[19.219182,50.3265],[19.219152,50.326497],[19.219124,50.326502],[19.219099,50.32651],[19.219081,50.326513],[19.219064,50.326512],[19.219047,50.326505],[19.216637,50.32512],[19.216372,50.324905],[19.216139,50.324621],[19.216057,50.324428],[19.216034,50.324228],[19.216279,50.322107],[19.216214,50.321895]]}},{"type":"Feature","properties":{"mode":"bus","n":5,"arr":["27","638","644","716","814"],"lines":"27, 638, 644, 716, 814"},"geometry":{"type":"LineString","coordinates":[[19.21611,50.321685],[19.21623,50.321684]]}},{"type":"Feature","properties":{"mode":"bus","n":5,"arr":["27","638","644","716","814"],"lines":"27, 638, 644, 716, 814"},"geometry":{"type":"LineString","coordinates":[[19.225153,50.330026],[19.225201,50.3301],[19.225207,50.330123],[19.225196,50.330145],[19.22518,50.330164],[19.225171,50.330179],[19.225172,50.330193],[19.225182,50.330207],[19.225335,50.330354]]}},{"type":"Feature","properties":{"mode":"bus","n":7,"arr":["27","612","638","644","716","814","M109"],"lines":"27, 612, 638, 644, 716, 814, M109"},"geometry":{"type":"LineString","coordinates":[[19.215941,50.321955],[19.2065,50.325643],[19.205655,50.326011],[19.20555,50.326176],[19.205473,50.326234]]}},{"type":"Feature","properties":{"mode":"bus","n":7,"arr":["27","612","638","644","716","814","M109"],"lines":"27, 612, 638, 644, 716, 814, M109"},"geometry":{"type":"LineString","coordinates":[[19.205292,50.325913],[19.205436,50.325881],[19.206204,50.325592],[19.215581,50.321936],[19.215905,50.321832],[19.216002,50.321783],[19.216023,50.321733],[19.21611,50.321685]]}},{"type":"Feature","properties":{"mode":"bus","n":7,"arr":["27","612","638","644","716","814","M109"],"lines":"27, 612, 638, 644, 716, 814, M109"},"geometry":{"type":"LineString","coordinates":[[19.216249,50.321659],[19.216237,50.321675],[19.216234,50.321681],[19.216236,50.321686],[19.216242,50.32169],[19.216322,50.321732],[19.216342,50.321811],[19.216273,50.321879],[19.216214,50.321895]]}},{"type":"Feature","properties":{"mode":"bus","n":15,"arr":["27","49","116","260","604","612","624","629","638","644","656","807","814","M109","903N"],"lines":"27, 49, 116, 260, 604, 612, 624, 629, 638, 644, 656, 807, 814, M109, 903N"},"geometry":{"type":"LineString","coordinates":[[19.172791,50.319905],[19.172824,50.319936],[19.172844,50.319949],[19.172872,50.319955],[19.172941,50.319963],[19.172969,50.319962],[19.172994,50.319955],[19.173039,50.319934],[19.173063,50.319859]]}},{"type":"Feature","properties":{"mode":"bus","n":15,"arr":["27","49","116","260","604","612","624","629","638","644","656","807","814","M109","903N"],"lines":"27, 49, 116, 260, 604, 612, 624, 629, 638, 644, 656, 807, 814, M109, 903N"},"geometry":{"type":"LineString","coordinates":[[19.182151,50.318634],[19.182176,50.318706],[19.1823,50.318774],[19.184741,50.31945],[19.18494,50.319481],[19.185214,50.319486],[19.186452,50.319398],[19.186602,50.319431],[19.186678,50.319515]]}},{"type":"Feature","properties":{"mode":"bus","n":6,"arr":["27","40","42","61","616","721"],"lines":"27, 40, 42, 61, 616, 721"},"geometry":{"type":"LineString","coordinates":[[19.114173,50.315072],[19.1141,50.315123],[19.113993,50.315135]]}},{"type":"Feature","properties":{"mode":"bus","n":10,"arr":["27","40","42","61","90","616","721","722","902N","904N"],"lines":"27, 40, 42, 61, 90, 616, 721, 722, 902N, 904N"},"geometry":{"type":"LineString","coordinates":[[19.124131,50.318771],[19.119377,50.316814],[19.11674,50.315863],[19.114217,50.315086],[19.114193,50.315075],[19.114177,50.31506],[19.114172,50.315041],[19.11417,50.314982],[19.114125,50.314947],[19.114006,50.314923],[19.113907,50.31495],[19.113873,50.314989],[19.113861,50.315011],[19.113865,50.315033],[19.113888,50.315081],[19.113905,50.315101],[19.113932,50.315115],[19.11396,50.315124],[19.113978,50.315133],[19.113988,50.315144],[19.11399,50.315159],[19.113967,50.315315],[19.113995,50.315847],[19.113559,50.317695],[19.113569,50.318192],[19.113655,50.318518],[19.113849,50.318854],[19.114541,50.31964],[19.114741,50.319832]]}},{"type":"Feature","properties":{"mode":"bus","n":16,"arr":["27","116","260","604","612","624","629","638","644","656","807","814","M109","902N","903N","904N"],"lines":"27, 116, 260, 604, 612, 624, 629, 638, 644, 656, 807, 814, M109, 902N, 903N, 904N"},"geometry":{"type":"LineString","coordinates":[[19.172791,50.319905],[19.172807,50.319832],[19.172856,50.319807],[19.172885,50.319798],[19.172916,50.319798],[19.172983,50.319806],[19.17301,50.319813],[19.173031,50.319827],[19.173063,50.319859]]}},{"type":"Feature","properties":{"mode":"bus","n":16,"arr":["27","116","260","604","612","624","629","638","644","656","807","814","M109","902N","903N","904N"],"lines":"27, 116, 260, 604, 612, 624, 629, 638, 644, 656, 807, 814, M109, 902N, 903N, 904N"},"geometry":{"type":"LineString","coordinates":[[19.189451,50.318235],[19.185625,50.318347],[19.18526,50.318381],[19.184349,50.318563],[19.183207,50.318617],[19.182151,50.318634]]}},{"type":"Feature","properties":{"mode":"bus","n":5,"arr":["28","49","624","629","M109"],"lines":"28, 49, 624, 629, M109"},"geometry":{"type":"LineString","coordinates":[[19.252568,50.315728],[19.247571,50.315935],[19.232551,50.316499],[19.232074,50.31653],[19.232048,50.316529],[19.232027,50.316522],[19.232011,50.31651],[19.231988,50.316485],[19.231968,50.31647],[19.231941,50.316462],[19.231884,50.316453],[19.231794,50.316483],[19.23176,50.316543],[19.231801,50.316602],[19.231886,50.316627]]}},{"type":"Feature","properties":{"mode":"bus","n":5,"arr":["29","69","594","655","M12"],"lines":"29, 69, 594, 655, M12"},"geometry":{"type":"LineString","coordinates":[[18.840254,50.149272],[18.840133,50.149256],[18.840081,50.149271],[18.840026,50.149334]]}},{"type":"Feature","properties":{"mode":"bus","n":5,"arr":["29","69","594","655","M12"],"lines":"29, 69, 594, 655, M12"},"geometry":{"type":"LineString","coordinates":[[18.840132,50.149432],[18.840066,50.149408]]}},{"type":"Feature","properties":{"mode":"bus","n":5,"arr":["29","69","294","655","M12"],"lines":"29, 69, 294, 655, M12"},"geometry":{"type":"LineString","coordinates":[[18.840307,50.149352],[18.840254,50.149272]]}},{"type":"Feature","properties":{"mode":"bus","n":7,"arr":["29","41","505","655","982","M12","M18"],"lines":"29, 41, 505, 655, 982, M12, M18"},"geometry":{"type":"LineString","coordinates":[[18.897576,50.172371],[18.897731,50.17234],[18.897865,50.172282],[18.898343,50.171983],[18.898477,50.171923],[18.898736,50.171838],[18.899247,50.171774]]}},{"type":"Feature","properties":{"mode":"bus","n":7,"arr":["29","41","505","655","982","M12","M18"],"lines":"29, 41, 505, 655, 982, M12, M18"},"geometry":{"type":"LineString","coordinates":[[18.899372,50.171706],[18.899531,50.171713]]}},{"type":"Feature","properties":{"mode":"bus","n":7,"arr":["29","41","505","655","982","M12","M18"],"lines":"29, 41, 505, 655, 982, M12, M18"},"geometry":{"type":"LineString","coordinates":[[18.897519,50.172447],[18.897547,50.172525],[18.89759,50.172555],[18.897717,50.172581]]}},{"type":"Feature","properties":{"mode":"bus","n":17,"arr":["29","37","41","45","69","75","157","245","268","294","505","568","594","655","982","M12","M18"],"lines":"29, 37, 41, 45, 69, 75, 157, 245, 268, 294, 505, 568, 594, 655, 982, M12, M18"},"geometry":{"type":"LineString","coordinates":[[18.899247,50.171774],[18.899372,50.171706]]}},{"type":"Feature","properties":{"mode":"bus","n":17,"arr":["29","37","41","45","69","75","157","245","268","294","505","568","594","655","982","M12","M18"],"lines":"29, 37, 41, 45, 69, 75, 157, 245, 268, 294, 505, 568, 594, 655, 982, M12, M18"},"geometry":{"type":"LineString","coordinates":[[18.899642,50.171873],[18.899637,50.17179],[18.899531,50.171713]]}},{"type":"Feature","properties":{"mode":"bus","n":17,"arr":["29","37","41","45","69","75","157","245","268","294","505","568","594","655","982","M12","M18"],"lines":"29, 37, 41, 45, 69, 75, 157, 245, 268, 294, 505, 568, 594, 655, 982, M12, M18"},"geometry":{"type":"LineString","coordinates":[[18.899522,50.171961],[18.899397,50.171959],[18.899346,50.171951],[18.899306,50.17193],[18.899229,50.171866]]}},{"type":"Feature","properties":{"mode":"bus","n":17,"arr":["29","37","41","45","69","75","157","245","268","294","505","568","594","655","982","M12","M18"],"lines":"29, 37, 41, 45, 69, 75, 157, 245, 268, 294, 505, 568, 594, 655, 982, M12, M18"},"geometry":{"type":"LineString","coordinates":[[18.900487,50.172362],[18.900551,50.172404]]}},{"type":"Feature","properties":{"mode":"bus","n":18,"arr":["29","37","41","45","69","75","157","245","268","294","505","568","594","655","982","M12","M18","905N"],"lines":"29, 37, 41, 45, 69, 75, 157, 245, 268, 294, 505, 568, 594, 655, 982, M12, M18, 905N"},"geometry":{"type":"LineString","coordinates":[[18.90009,50.172092],[18.899711,50.172099],[18.899677,50.172096],[18.899648,50.172086],[18.899626,50.172069],[18.899551,50.171992],[18.899539,50.171972],[18.899542,50.171952],[18.899559,50.171934],[18.899605,50.1719],[18.899647,50.17188],[18.899698,50.171873],[18.899925,50.171875],[18.90028,50.171904],[18.900753,50.171976],[18.900955,50.172055],[18.901001,50.172126]]}},{"type":"Feature","properties":{"mode":"bus","n":18,"arr":["29","37","41","45","69","75","157","245","268","294","505","568","594","655","982","M12","M18","905N"],"lines":"29, 37, 41, 45, 69, 75, 157, 245, 268, 294, 505, 568, 594, 655, 982, M12, M18, 905N"},"geometry":{"type":"LineString","coordinates":[[18.900551,50.172404],[18.900598,50.17244],[18.900611,50.172447],[18.900625,50.17245],[18.900638,50.172448],[18.900653,50.172442],[18.900845,50.172324]]}},{"type":"Feature","properties":{"mode":"bus","n":6,"arr":["29","37","45","245","M12","905N"],"lines":"29, 37, 45, 245, M12, 905N"},"geometry":{"type":"LineString","coordinates":[[18.901122,50.172173],[18.901282,50.172154],[18.901366,50.172086],[18.901815,50.172007],[18.904891,50.171716],[18.905064,50.171724],[18.905327,50.171696],[18.905639,50.171726],[18.905778,50.171824],[18.906064,50.172191],[18.906186,50.172394],[18.906208,50.172601],[18.906172,50.17289],[18.905835,50.173449],[18.905711,50.173763]]}},{"type":"Feature","properties":{"mode":"bus","n":14,"arr":["29","37","41","45","69","157","245","294","568","594","982","M12","M18","905N"],"lines":"29, 37, 41, 45, 69, 157, 245, 294, 568, 594, 982, M12, M18, 905N"},"geometry":{"type":"LineString","coordinates":[[18.901001,50.172126],[18.901122,50.172173]]}},{"type":"Feature","properties":{"mode":"bus","n":5,"arr":["29","37","45","M12","905N"],"lines":"29, 37, 45, M12, 905N"},"geometry":{"type":"LineString","coordinates":[[18.900955,50.172055],[18.90101,50.171947],[18.901127,50.171905],[18.90126,50.171917],[18.901356,50.171977],[18.901815,50.172007]]}},{"type":"Feature","properties":{"mode":"bus","n":5,"arr":["29","37","45","M12","905N"],"lines":"29, 37, 45, M12, 905N"},"geometry":{"type":"LineString","coordinates":[[18.905711,50.173763],[18.905944,50.174692],[18.906072,50.17506],[18.906179,50.175234],[18.906416,50.175509],[18.906607,50.175639],[18.906618,50.175697],[18.906631,50.17572],[18.906661,50.175736],[18.906693,50.175746],[18.906718,50.175751],[18.906742,50.17575],[18.906765,50.175742],[18.906813,50.175719],[18.906832,50.175707],[18.906841,50.175693],[18.906842,50.175676],[18.90683,50.175625],[18.907063,50.175256],[18.907582,50.174237],[18.907781,50.173481],[18.907777,50.173128],[18.907688,50.172664],[18.907266,50.171578],[18.907272,50.171502],[18.907222,50.171462],[18.907143,50.171444],[18.907029,50.171478]]}},{"type":"Feature","properties":{"mode":"bus","n":5,"arr":["29","37","45","M12","905N"],"lines":"29, 37, 45, M12, 905N"},"geometry":{"type":"LineString","coordinates":[[18.900562,50.172298],[18.900551,50.172404]]}},{"type":"Feature","properties":{"mode":"bus","n":5,"arr":["29","37","45","M12","905N"],"lines":"29, 37, 45, M12, 905N"},"geometry":{"type":"LineString","coordinates":[[18.906824,50.171525],[18.906213,50.17156],[18.905802,50.171514],[18.905699,50.17152],[18.904891,50.171716]]}},{"type":"Feature","properties":{"mode":"bus","n":5,"arr":["29","45","688","M12","Z-37"],"lines":"29, 45, 688, M12, Z-37"},"geometry":{"type":"LineString","coordinates":[[18.973438,50.212286],[18.973243,50.212239]]}},{"type":"Feature","properties":{"mode":"bus","n":5,"arr":["29","45","688","M12","Z-37"],"lines":"29, 45, 688, M12, Z-37"},"geometry":{"type":"LineString","coordinates":[[18.979968,50.215771],[18.979774,50.215574],[18.978872,50.214954],[18.977049,50.213565],[18.976811,50.213321],[18.976584,50.21318],[18.975992,50.212858],[18.975539,50.212657],[18.974409,50.21223],[18.973717,50.212013]]}},{"type":"Feature","properties":{"mode":"bus","n":5,"arr":["29","45","688","M12","Z-37"],"lines":"29, 45, 688, M12, Z-37"},"geometry":{"type":"LineString","coordinates":[[18.982129,50.217307],[18.979968,50.215771],[18.979527,50.215541],[18.979317,50.215401],[18.977623,50.214152],[18.976631,50.213471],[18.974988,50.212748],[18.973577,50.212266]]}},{"type":"Feature","properties":{"mode":"bus","n":5,"arr":["29","45","688","M12","Z-37"],"lines":"29, 45, 688, M12, Z-37"},"geometry":{"type":"LineString","coordinates":[[18.971633,50.211663],[18.973102,50.212108]]}},{"type":"Feature","properties":{"mode":"bus","n":5,"arr":["29","45","688","M12","Z-37"],"lines":"29, 45, 688, M12, Z-37"},"geometry":{"type":"LineString","coordinates":[[18.985012,50.219964],[18.985357,50.220286]]}},{"type":"Feature","properties":{"mode":"bus","n":5,"arr":["29","45","688","M12","Z-37"],"lines":"29, 45, 688, M12, Z-37"},"geometry":{"type":"LineString","coordinates":[[18.982129,50.217307],[18.982438,50.217637],[18.984469,50.219526],[18.984977,50.219936],[18.984987,50.219944],[18.984993,50.219948],[18.984996,50.219949],[18.984995,50.219947],[18.984991,50.219942],[18.984983,50.219933],[18.984576,50.21949],[18.982758,50.217805],[18.982456,50.217529],[18.982129,50.217307]]}},{"type":"Feature","properties":{"mode":"bus","n":8,"arr":["29","41","245","505","655","982","M12","M18"],"lines":"29, 41, 245, 505, 655, 982, M12, M18"},"geometry":{"type":"LineString","coordinates":[[18.897717,50.172581],[18.897822,50.17254],[18.897859,50.172517],[18.897873,50.172485],[18.897879,50.172411],[18.897954,50.172332],[18.898518,50.171994],[18.898771,50.171905],[18.898933,50.171874],[18.899229,50.171866]]}},{"type":"Feature","properties":{"mode":"bus","n":5,"arr":["30","110","296","M11","30N"],"lines":"30, 110, 296, M11, 30N"},"geometry":{"type":"LineString","coordinates":[[19.006439,50.287536],[19.006516,50.287486],[19.00654,50.287475],[19.00657,50.287473],[19.006628,50.287477]]}},{"type":"Feature","properties":{"mode":"bus","n":5,"arr":["30","110","296","M11","30N"],"lines":"30, 110, 296, M11, 30N"},"geometry":{"type":"LineString","coordinates":[[19.006655,50.287502],[19.006847,50.287552]]}},{"type":"Feature","properties":{"mode":"bus","n":5,"arr":["30","110","296","M11","30N"],"lines":"30, 110, 296, M11, 30N"},"geometry":{"type":"LineString","coordinates":[[19.012957,50.285175],[19.01273,50.285478],[19.012521,50.285613],[19.012157,50.285791],[19.008177,50.287312],[19.006582,50.287606],[19.006488,50.287676],[19.006442,50.287795],[19.006374,50.287873]]}},{"type":"Feature","properties":{"mode":"bus","n":17,"arr":["30","40","601","673","807","808","814","835","930","AP","M2","M4","M23","M28","M101","1N","76N"],"lines":"30, 40, 601, 673, 807, 808, 814, 835, 930, AP, M2, M4, M23, M28, M101, 1N, 76N"},"geometry":{"type":"LineString","coordinates":[[19.023018,50.263985],[19.023217,50.263898],[19.023407,50.263858],[19.023598,50.263851],[19.023852,50.263883]]}},{"type":"Feature","properties":{"mode":"bus","n":6,"arr":["30","109","674","900","930","672N"],"lines":"30, 109, 674, 900, 930, 672N"},"geometry":{"type":"LineString","coordinates":[[19.080423,50.247738],[19.080471,50.247756]]}},{"type":"Feature","properties":{"mode":"bus","n":6,"arr":["30","109","674","900","930","672N"],"lines":"30, 109, 674, 900, 930, 672N"},"geometry":{"type":"LineString","coordinates":[[19.080432,50.24733],[19.080418,50.247538],[19.080374,50.247609]]}},{"type":"Feature","properties":{"mode":"bus","n":6,"arr":["30","109","674","900","930","672N"],"lines":"30, 109, 674, 900, 930, 672N"},"geometry":{"type":"LineString","coordinates":[[19.080666,50.247721],[19.080686,50.247659],[19.080686,50.247628],[19.080664,50.2476],[19.080566,50.247523],[19.080432,50.24733],[19.079753,50.245125]]}},{"type":"Feature","properties":{"mode":"bus","n":18,"arr":["30","40","149","154","601","673","807","808","814","835","930","AP","M2","M4","M23","M28","M101","76N"],"lines":"30, 40, 149, 154, 601, 673, 807, 808, 814, 835, 930, AP, M2, M4, M23, M28, M101, 76N"},"geometry":{"type":"LineString","coordinates":[[19.024337,50.264534],[19.024192,50.264677]]}},{"type":"Feature","properties":{"mode":"bus","n":17,"arr":["30","40","149","154","601","673","807","808","814","835","930","AP","M2","M4","M23","M101","76N"],"lines":"30, 40, 149, 154, 601, 673, 807, 808, 814, 835, 930, AP, M2, M4, M23, M101, 76N"},"geometry":{"type":"LineString","coordinates":[[19.024192,50.264677],[19.023947,50.264812],[19.023758,50.264861],[19.023515,50.264874],[19.023172,50.264821]]}},{"type":"Feature","properties":{"mode":"bus","n":17,"arr":["30","40","149","154","601","673","807","808","814","835","930","AP","M2","M4","M23","M101","76N"],"lines":"30, 40, 149, 154, 601, 673, 807, 808, 814, 835, 930, AP, M2, M4, M23, M101, 76N"},"geometry":{"type":"LineString","coordinates":[[19.024337,50.264534],[19.024543,50.264356],[19.024703,50.264279],[19.02692,50.263748]]}},{"type":"Feature","properties":{"mode":"bus","n":13,"arr":["30","40","601","673","807","808","814","835","930","M2","M4","M23","M101"],"lines":"30, 40, 601, 673, 807, 808, 814, 835, 930, M2, M4, M23, M101"},"geometry":{"type":"LineString","coordinates":[[19.023172,50.264821],[19.022986,50.264714],[19.022791,50.264544],[19.022741,50.264425],[19.022749,50.264237]]}},{"type":"Feature","properties":{"mode":"bus","n":6,"arr":["31","262","531","M10","M15","M108"],"lines":"31, 262, 531, M10, M15, M108"},"geometry":{"type":"LineString","coordinates":[[19.017471,50.119519],[19.013565,50.117344],[19.012865,50.116878],[19.012455,50.116523],[19.012085,50.116117],[19.011888,50.115852],[19.011599,50.115344],[19.011377,50.114668],[19.011239,50.113566],[19.011173,50.113273],[19.010997,50.112804],[19.010734,50.112346],[19.010382,50.111896],[19.009954,50.111458],[19.009408,50.110748],[19.008526,50.109863],[19.00849,50.109794],[19.008539,50.109692],[19.008495,50.109604],[19.008406,50.109563],[19.008257,50.109549],[19.007927,50.109638],[19.007851,50.10974]]}},{"type":"Feature","properties":{"mode":"bus","n":6,"arr":["31","262","531","M10","M15","M108"],"lines":"31, 262, 531, M10, M15, M108"},"geometry":{"type":"LineString","coordinates":[[19.010807,50.11432],[19.011065,50.114417],[19.011142,50.114513],[19.011438,50.115372],[19.011732,50.115894],[19.01215,50.116409],[19.012732,50.116935],[19.013462,50.117422],[19.01737,50.1196],[19.01777,50.119855],[19.01843,50.120393],[19.019254,50.121278],[19.020058,50.122082]]}},{"type":"Feature","properties":{"mode":"bus","n":5,"arr":["31","262","536","686","M108"],"lines":"31, 262, 536, 686, M108"},"geometry":{"type":"LineString","coordinates":[[19.051134,50.107896],[19.051139,50.107788]]}},{"type":"Feature","properties":{"mode":"bus","n":5,"arr":["31","262","536","686","M108"],"lines":"31, 262, 536, 686, M108"},"geometry":{"type":"LineString","coordinates":[[19.051265,50.107717],[19.051416,50.107722]]}},{"type":"Feature","properties":{"mode":"bus","n":5,"arr":["31","262","536","686","M108"],"lines":"31, 262, 536, 686, M108"},"geometry":{"type":"LineString","coordinates":[[19.05152,50.107786],[19.051541,50.107856],[19.051504,50.107923]]}},{"type":"Feature","properties":{"mode":"bus","n":5,"arr":["31","262","536","686","M108"],"lines":"31, 262, 536, 686, M108"},"geometry":{"type":"LineString","coordinates":[[19.051413,50.107971],[19.051317,50.107982],[19.051223,50.107963]]}},{"type":"Feature","properties":{"mode":"bus","n":5,"arr":["31","262","536","686","M108"],"lines":"31, 262, 536, 686, M108"},"geometry":{"type":"LineString","coordinates":[[19.093293,50.101875],[19.090539,50.102407]]}},{"type":"Feature","properties":{"mode":"bus","n":8,"arr":["31","262","536","686","931","995","M22","M108"],"lines":"31, 262, 536, 686, 931, 995, M22, M108"},"geometry":{"type":"LineString","coordinates":[[19.097537,50.102298],[19.097422,50.102284],[19.097327,50.102229],[19.0973,50.102144],[19.097356,50.102066]]}},{"type":"Feature","properties":{"mode":"bus","n":5,"arr":["32","702","M1","M16","32N"],"lines":"32, 702, M1, M16, 32N"},"geometry":{"type":"LineString","coordinates":[[18.715078,50.283276],[18.715018,50.283206]]}},{"type":"Feature","properties":{"mode":"bus","n":7,"arr":["32","71","126","186","197","Z-6","32N"],"lines":"32, 71, 126, 186, 197, Z-6, 32N"},"geometry":{"type":"LineString","coordinates":[[18.640923,50.338342],[18.627627,50.339097],[18.627203,50.339146],[18.626804,50.339261],[18.623195,50.340913],[18.622873,50.341104],[18.62267,50.341348],[18.622573,50.341792],[18.622371,50.342083],[18.62222,50.3422],[18.622202,50.34221],[18.622186,50.342213],[18.62217,50.342209],[18.622155,50.342197],[18.622113,50.342154],[18.622077,50.342129],[18.622029,50.342117],[18.621854,50.342096],[18.621802,50.342098],[18.621757,50.342114],[18.621654,50.342174],[18.62161,50.342241],[18.62161,50.342292],[18.621618,50.342317],[18.621643,50.342338],[18.621734,50.342385],[18.621984,50.342415],[18.622108,50.34238],[18.622131,50.342375],[18.622148,50.342378],[18.622159,50.342386],[18.622165,50.342401],[18.622205,50.342636],[18.622122,50.342784],[18.622168,50.342989],[18.622497,50.343638],[18.623874,50.347198]]}},{"type":"Feature","properties":{"mode":"bus","n":7,"arr":["32","71","126","186","197","Z-6","32N"],"lines":"32, 71, 126, 186, 197, Z-6, 32N"},"geometry":{"type":"LineString","coordinates":[[18.631833,50.338859],[18.631869,50.339231],[18.631645,50.339434],[18.631633,50.340065],[18.631286,50.34215],[18.631242,50.342199],[18.631228,50.342227],[18.631233,50.342255],[18.631295,50.342374],[18.631291,50.343022],[18.630747,50.344447],[18.630734,50.344467],[18.630711,50.344482],[18.630679,50.34449],[18.629216,50.344699],[18.628281,50.345039],[18.627473,50.345298],[18.627142,50.345358],[18.626939,50.345365],[18.623374,50.345086],[18.623063,50.345109]]}},{"type":"Feature","properties":{"mode":"bus","n":7,"arr":["32","71","126","186","197","Z-6","32N"],"lines":"32, 71, 126, 186, 197, Z-6, 32N"},"geometry":{"type":"LineString","coordinates":[[18.622321,50.34203],[18.622463,50.341964]]}},{"type":"Feature","properties":{"mode":"bus","n":12,"arr":["34","35","55","116","160","220","634","690","723","808","M4","902N"],"lines":"34, 35, 55, 116, 160, 220, 634, 690, 723, 808, M4, 902N"},"geometry":{"type":"LineString","coordinates":[[19.147628,50.278224],[19.146318,50.278627],[19.145511,50.278904],[19.145267,50.278924],[19.145216,50.278934],[19.145177,50.278956],[19.145065,50.279049],[19.144987,50.279083],[19.143155,50.279646],[19.141575,50.279993],[19.13969,50.280369],[19.138566,50.280643],[19.138118,50.280667],[19.137489,50.280842],[19.136032,50.281329],[19.135869,50.281353],[19.135652,50.281316]]}},{"type":"Feature","properties":{"mode":"bus","n":5,"arr":["34","220","260","835","902N"],"lines":"34, 220, 260, 835, 902N"},"geometry":{"type":"LineString","coordinates":[[19.23535,50.274841],[19.22625,50.272745],[19.225723,50.272686],[19.225213,50.272696],[19.224632,50.272761],[19.224614,50.272765],[19.224601,50.272772],[19.224594,50.272784],[19.224582,50.27282],[19.224511,50.27285],[19.224472,50.272859],[19.224431,50.272855],[19.224373,50.27284],[19.224345,50.272829],[19.224328,50.272811],[19.224306,50.272771]]}},{"type":"Feature","properties":{"mode":"bus","n":9,"arr":["34","35","55","220","634","723","808","M4","904N"],"lines":"34, 35, 55, 220, 634, 723, 808, M4, 904N"},"geometry":{"type":"LineString","coordinates":[[19.147155,50.278473],[19.145503,50.279004],[19.145343,50.279135],[19.145303,50.279156],[19.145252,50.279162],[19.145137,50.279159],[19.144959,50.279185],[19.14394,50.279512],[19.143184,50.279726],[19.142172,50.279961],[19.139386,50.280527],[19.138747,50.280686]]}},{"type":"Feature","properties":{"mode":"bus","n":15,"arr":["34","35","55","100","106","160S","220","299","622","634","723","808","M4","M17","M19"],"lines":"34, 35, 55, 100, 106, 160S, 220, 299, 622, 634, 723, 808, M4, M17, M19"},"geometry":{"type":"LineString","coordinates":[[19.134794,50.281351],[19.135306,50.28156],[19.135807,50.281798]]}},{"type":"Feature","properties":{"mode":"bus","n":6,"arr":["34","88","100","220","622","634"],"lines":"34, 88, 100, 220, 622, 634"},"geometry":{"type":"LineString","coordinates":[[19.134918,50.28103],[19.134794,50.281351]]}},{"type":"Feature","properties":{"mode":"bus","n":5,"arr":["35","61","723","814","M17"],"lines":"35, 61, 723, 814, M17"},"geometry":{"type":"LineString","coordinates":[[19.096027,50.304916],[19.096085,50.304983],[19.096119,50.305009],[19.096167,50.305023],[19.096285,50.305039]]}},{"type":"Feature","properties":{"mode":"bus","n":7,"arr":["35","61","88","100","723","814","M17"],"lines":"35, 61, 88, 100, 723, 814, M17"},"geometry":{"type":"LineString","coordinates":[[19.096398,50.304815],[19.096279,50.304772],[19.096133,50.304788],[19.096051,50.304842],[19.096027,50.304916]]}},{"type":"Feature","properties":{"mode":"bus","n":8,"arr":["35","40","88","91","100","807","M17","M23"],"lines":"35, 40, 88, 91, 100, 807, M17, M23"},"geometry":{"type":"LineString","coordinates":[[19.112662,50.288718],[19.11264,50.288663],[19.112639,50.288637],[19.112659,50.288613],[19.112715,50.288573],[19.113303,50.288476],[19.113615,50.288369],[19.113688,50.288366],[19.113801,50.288425]]}},{"type":"Feature","properties":{"mode":"bus","n":8,"arr":["35","40","88","91","100","807","M17","M23"],"lines":"35, 40, 88, 91, 100, 807, M17, M23"},"geometry":{"type":"LineString","coordinates":[[19.111406,50.289123],[19.111878,50.288937],[19.11214,50.28889]]}},{"type":"Feature","properties":{"mode":"bus","n":15,"arr":["35","91","106","150","160S","188","299","723","808","835","M4","M15","M17","M19","902N"],"lines":"35, 91, 106, 150, 160S, 188, 299, 723, 808, 835, M4, M15, M17, M19, 902N"},"geometry":{"type":"LineString","coordinates":[[19.122835,50.276015],[19.122966,50.27596]]}},{"type":"Feature","properties":{"mode":"bus","n":9,"arr":["35","91","299","723","808","M4","M17","M19","902N"],"lines":"35, 91, 299, 723, 808, M4, M17, M19, 902N"},"geometry":{"type":"LineString","coordinates":[[19.122966,50.27596],[19.123053,50.275961],[19.123179,50.276],[19.123446,50.276215]]}},{"type":"Feature","properties":{"mode":"bus","n":9,"arr":["35","66","149","223","536","931","M15","M22","M101"],"lines":"35, 66, 149, 223, 536, 931, M15, M22, M101"},"geometry":{"type":"LineString","coordinates":[[19.160631,50.184661],[19.162965,50.192163],[19.163024,50.192715],[19.162918,50.193337],[19.16293,50.19356],[19.163007,50.193782],[19.16302,50.1938],[19.163041,50.193809],[19.163071,50.19381],[19.163168,50.1938],[19.163305,50.193841],[19.163381,50.193925],[19.163386,50.193975],[19.163325,50.194067],[19.163193,50.194119],[19.163115,50.194123],[19.162971,50.194086],[19.162879,50.193965],[19.162915,50.193877],[19.163019,50.193815]]}},{"type":"Feature","properties":{"mode":"bus","n":8,"arr":["35","160","160S","188","690","835","M15","902N"],"lines":"35, 160, 160S, 188, 690, 835, M15, 902N"},"geometry":{"type":"LineString","coordinates":[[19.146593,50.273125],[19.14671,50.273167],[19.146797,50.273233]]}},{"type":"Feature","properties":{"mode":"bus","n":10,"arr":["35","40","88","91","100","807","M17","M23","902N","904N"],"lines":"35, 40, 88, 91, 100, 807, M17, M23, 902N, 904N"},"geometry":{"type":"LineString","coordinates":[[19.116313,50.288033],[19.115762,50.288057],[19.115294,50.288103],[19.114578,50.288213],[19.11384,50.288414],[19.113818,50.288423],[19.113803,50.288436],[19.113796,50.288452],[19.113788,50.288503],[19.113692,50.288553],[19.112792,50.288747],[19.112708,50.288728],[19.112663,50.288724],[19.112619,50.288732],[19.11214,50.28889],[19.111021,50.289505]]}},{"type":"Feature","properties":{"mode":"bus","n":7,"arr":["35","61","723","814","M17","902N","904N"],"lines":"35, 61, 723, 814, M17, 902N, 904N"},"geometry":{"type":"LineString","coordinates":[[19.096398,50.304815],[19.096451,50.30489],[19.096434,50.304961],[19.096374,50.305011],[19.096285,50.305039]]}},{"type":"Feature","properties":{"mode":"bus","n":6,"arr":["36","37","688","689","Z-37","905N"],"lines":"36, 37, 688, 689, Z-37, 905N"},"geometry":{"type":"LineString","coordinates":[[18.979277,50.196291],[18.979524,50.196091],[18.979586,50.196054],[18.979694,50.196039],[18.979765,50.195992],[18.979762,50.195833],[18.979869,50.195659],[18.979874,50.195649],[18.979876,50.195643],[18.979875,50.19564],[18.97987,50.195641],[18.979863,50.195645],[18.979852,50.195652],[18.979656,50.195797],[18.979506,50.195837],[18.979435,50.195889],[18.979419,50.195942],[18.979455,50.196007],[18.979277,50.196291],[18.977868,50.197829],[18.977542,50.198234],[18.976749,50.199426],[18.976583,50.199761],[18.976551,50.199954],[18.976455,50.200062],[18.976498,50.200202],[18.976433,50.200356],[18.976251,50.201089],[18.976187,50.201484],[18.97603,50.204557],[18.975983,50.204914],[18.97578,50.205289],[18.975065,50.206329],[18.974419,50.207194],[18.97436,50.207381],[18.974283,50.208438]]}},{"type":"Feature","properties":{"mode":"bus","n":6,"arr":["36","37","688","689","Z-37","905N"],"lines":"36, 37, 688, 689, Z-37, 905N"},"geometry":{"type":"LineString","coordinates":[[18.976626,50.199683],[18.9767,50.199981],[18.976788,50.200032],[18.976809,50.200095],[18.976759,50.200167],[18.976609,50.200231],[18.976436,50.20042]]}},{"type":"Feature","properties":{"mode":"bus","n":6,"arr":["36","37","688","689","Z-37","905N"],"lines":"36, 37, 688, 689, Z-37, 905N"},"geometry":{"type":"LineString","coordinates":[[18.981834,50.193502],[18.979889,50.195625]]}},{"type":"Feature","properties":{"mode":"bus","n":11,"arr":["37","45","69","75","157","245","268","294","568","594","M18"],"lines":"37, 45, 69, 75, 157, 245, 268, 294, 568, 594, M18"},"geometry":{"type":"LineString","coordinates":[[18.899229,50.171866],[18.899247,50.171774]]}},{"type":"Feature","properties":{"mode":"bus","n":11,"arr":["37","45","69","75","157","245","268","294","568","594","M18"],"lines":"37, 45, 69, 75, 157, 245, 268, 294, 568, 594, M18"},"geometry":{"type":"LineString","coordinates":[[18.899894,50.171296],[18.899814,50.171325],[18.899372,50.171706]]}},{"type":"Feature","properties":{"mode":"bus","n":11,"arr":["37","45","69","75","157","245","268","294","568","594","M18"],"lines":"37, 45, 69, 75, 157, 245, 268, 294, 568, 594, M18"},"geometry":{"type":"LineString","coordinates":[[18.899531,50.171713],[18.899596,50.171604],[18.899863,50.171363],[18.899894,50.171296],[18.901178,50.170283],[18.901636,50.17001],[18.902447,50.169656],[18.902773,50.169485],[18.902985,50.169277],[18.903257,50.168874]]}},{"type":"Feature","properties":{"mode":"bus","n":6,"arr":["39","118","146","147","230","255"],"lines":"39, 118, 146, 147, 230, 255"},"geometry":{"type":"LineString","coordinates":[[18.854179,50.306943],[18.854094,50.306917],[18.853993,50.306805],[18.854014,50.306681],[18.854123,50.306611]]}},{"type":"Feature","properties":{"mode":"bus","n":6,"arr":["39","121","146","155","982","M21"],"lines":"39, 121, 146, 155, 982, M21"},"geometry":{"type":"LineString","coordinates":[[18.870313,50.274715],[18.870057,50.274965],[18.869897,50.275028],[18.869852,50.275104],[18.869888,50.275185],[18.869913,50.275215],[18.869954,50.275236],[18.870026,50.275259],[18.870066,50.27528],[18.870085,50.27531],[18.870149,50.275549]]}},{"type":"Feature","properties":{"mode":"bus","n":6,"arr":["39","121","146","155","982","M21"],"lines":"39, 121, 146, 155, 982, M21"},"geometry":{"type":"LineString","coordinates":[[18.873769,50.270742],[18.873829,50.270824]]}},{"type":"Feature","properties":{"mode":"bus","n":6,"arr":["39","121","146","255","982","M21"],"lines":"39, 121, 146, 255, 982, M21"},"geometry":{"type":"LineString","coordinates":[[18.874301,50.270701],[18.874233,50.270599],[18.87408,50.270544],[18.873947,50.27055],[18.873799,50.270629]]}},{"type":"Feature","properties":{"mode":"bus","n":6,"arr":["39","121","146","255","982","M21"],"lines":"39, 121, 146, 255, 982, M21"},"geometry":{"type":"LineString","coordinates":[[18.874234,50.270827],[18.874127,50.270874],[18.873999,50.270883]]}},{"type":"Feature","properties":{"mode":"bus","n":6,"arr":["39","121","146","255","982","M21"],"lines":"39, 121, 146, 255, 982, M21"},"geometry":{"type":"LineString","coordinates":[[18.870313,50.274715],[18.870219,50.27496],[18.870217,50.274975],[18.870224,50.274989],[18.87024,50.275],[18.870295,50.275031],[18.870339,50.275121],[18.870292,50.275212],[18.870238,50.275247],[18.870149,50.275549]]}},{"type":"Feature","properties":{"mode":"bus","n":6,"arr":["39","118","146","147","155","230"],"lines":"39, 118, 146, 147, 155, 230"},"geometry":{"type":"LineString","coordinates":[[18.854123,50.306611],[18.854306,50.30659],[18.85445,50.306638],[18.854536,50.306741]]}},{"type":"Feature","properties":{"mode":"bus","n":6,"arr":["39","118","146","147","155","230"],"lines":"39, 118, 146, 147, 155, 230"},"geometry":{"type":"LineString","coordinates":[[18.854179,50.306943],[18.854364,50.306936],[18.854503,50.306858]]}},{"type":"Feature","properties":{"mode":"bus","n":5,"arr":["39","118","146","155","230"],"lines":"39, 118, 146, 155, 230"},"geometry":{"type":"LineString","coordinates":[[18.854503,50.306858],[18.854536,50.306741]]}},{"type":"Feature","properties":{"mode":"bus","n":9,"arr":["45","69","75","157","245","268","294","594","M18"],"lines":"45, 69, 75, 157, 245, 268, 294, 594, M18"},"geometry":{"type":"LineString","coordinates":[[18.904492,50.166068],[18.904288,50.165727]]}},{"type":"Feature","properties":{"mode":"bus","n":9,"arr":["45","69","75","157","245","268","294","594","M18"],"lines":"45, 69, 75, 157, 245, 268, 294, 594, M18"},"geometry":{"type":"LineString","coordinates":[[18.903538,50.168072],[18.903243,50.167933],[18.903209,50.167908],[18.903196,50.167876],[18.903135,50.166728],[18.903167,50.166628],[18.9032,50.16658],[18.903326,50.166514],[18.904345,50.166235]]}},{"type":"Feature","properties":{"mode":"bus","n":6,"arr":["45","69","157","245","294","594"],"lines":"45, 69, 157, 245, 294, 594"},"geometry":{"type":"LineString","coordinates":[[18.904345,50.166235],[18.904465,50.166151],[18.904492,50.166068]]}},{"type":"Feature","properties":{"mode":"bus","n":6,"arr":["45","69","157","245","294","594"],"lines":"45, 69, 157, 245, 294, 594"},"geometry":{"type":"LineString","coordinates":[[18.904288,50.165727],[18.903995,50.165177],[18.903879,50.164858],[18.903792,50.164465],[18.90378,50.163968]]}},{"type":"Feature","properties":{"mode":"bus","n":7,"arr":["47","58","120","194","610","636","694"],"lines":"47, 58, 120, 194, 610, 636, 694"},"geometry":{"type":"LineString","coordinates":[[18.670949,50.221872],[18.670806,50.221941]]}},{"type":"Feature","properties":{"mode":"bus","n":5,"arr":["47","120","194","694","M105"],"lines":"47, 120, 194, 694, M105"},"geometry":{"type":"LineString","coordinates":[[18.648392,50.214616],[18.648489,50.214597]]}},{"type":"Feature","properties":{"mode":"bus","n":5,"arr":["47","120","194","694","M105"],"lines":"47, 120, 194, 694, M105"},"geometry":{"type":"LineString","coordinates":[[18.648271,50.214755],[18.648197,50.21461],[18.648035,50.214554]]}},{"type":"Feature","properties":{"mode":"bus","n":5,"arr":["47","120","194","694","M105"],"lines":"47, 120, 194, 694, M105"},"geometry":{"type":"LineString","coordinates":[[18.648527,50.214501],[18.648458,50.21438],[18.648334,50.214343],[18.64819,50.214362],[18.648095,50.214436]]}},{"type":"Feature","properties":{"mode":"bus","n":5,"arr":["47","120","194","694","M105"],"lines":"47, 120, 194, 694, M105"},"geometry":{"type":"LineString","coordinates":[[18.639941,50.206107],[18.639985,50.206112],[18.64,50.206112],[18.640013,50.206108],[18.640023,50.206102],[18.6401,50.206034],[18.64027,50.205957],[18.640828,50.205757],[18.641101,50.205596],[18.641326,50.205398],[18.647099,50.198526],[18.647241,50.198238],[18.64724,50.197952],[18.647167,50.197848]]}},{"type":"Feature","properties":{"mode":"bus","n":5,"arr":["47","120","194","694","M105"],"lines":"47, 120, 194, 694, M105"},"geometry":{"type":"LineString","coordinates":[[18.64713,50.197706],[18.647396,50.197684],[18.647488,50.197698]]}},{"type":"Feature","properties":{"mode":"bus","n":5,"arr":["47","120","194","694","M105"],"lines":"47, 120, 194, 694, M105"},"geometry":{"type":"LineString","coordinates":[[18.647425,50.197969],[18.647519,50.197944],[18.647584,50.197898],[18.647605,50.197789]]}},{"type":"Feature","properties":{"mode":"bus","n":7,"arr":["47","58","120","194","610","694","M105"],"lines":"47, 58, 120, 194, 610, 694, M105"},"geometry":{"type":"LineString","coordinates":[[18.655493,50.228026],[18.655298,50.228206],[18.655269,50.228341]]}},{"type":"Feature","properties":{"mode":"bus","n":7,"arr":["47","58","120","194","610","694","M105"],"lines":"47, 58, 120, 194, 610, 694, M105"},"geometry":{"type":"LineString","coordinates":[[18.657921,50.227135],[18.65727,50.227355]]}},{"type":"Feature","properties":{"mode":"bus","n":7,"arr":["48","74","139","165","632","998","130N"],"lines":"48, 74, 139, 165, 632, 998, 130N"},"geometry":{"type":"LineString","coordinates":[[18.935941,50.258834],[18.935835,50.258801],[18.935788,50.258748],[18.935793,50.258673],[18.935837,50.258632],[18.935927,50.258605],[18.936039,50.258609],[18.936106,50.258641],[18.936133,50.258696],[18.936138,50.258724],[18.936125,50.258752],[18.93607,50.258815],[18.935995,50.259275],[18.935939,50.260501],[18.935961,50.260962],[18.936309,50.262628],[18.936402,50.263253],[18.936812,50.265042],[18.937083,50.266436]]}},{"type":"Feature","properties":{"mode":"bus","n":6,"arr":["48","74","165","190","664","998"],"lines":"48, 74, 165, 190, 664, 998"},"geometry":{"type":"LineString","coordinates":[[18.956013,50.298228],[18.956024,50.298294]]}},{"type":"Feature","properties":{"mode":"bus","n":5,"arr":["48","74","165","190","664"],"lines":"48, 74, 165, 190, 664"},"geometry":{"type":"LineString","coordinates":[[18.95616,50.298144],[18.956055,50.29818],[18.956013,50.298228]]}},{"type":"Feature","properties":{"mode":"bus","n":5,"arr":["48","74","165","190","664"],"lines":"48, 74, 165, 190, 664"},"geometry":{"type":"LineString","coordinates":[[18.959607,50.298663],[18.959637,50.298612],[18.959709,50.298587],[18.959786,50.298596],[18.959837,50.298635]]}},{"type":"Feature","properties":{"mode":"bus","n":5,"arr":["48","74","165","190","664"],"lines":"48, 74, 165, 190, 664"},"geometry":{"type":"LineString","coordinates":[[18.957499,50.298489],[18.958417,50.298625],[18.959574,50.298662],[18.959594,50.298665],[18.959609,50.298671],[18.95962,50.298682],[18.959632,50.298699],[18.959649,50.298715],[18.959676,50.298725],[18.959704,50.298731],[18.959734,50.298734],[18.959762,50.298729],[18.959787,50.298722],[18.959809,50.29871],[18.959821,50.298693],[18.959829,50.298662],[18.959845,50.298639],[18.959876,50.298623],[18.961481,50.298129],[18.963346,50.297499],[18.964025,50.297332],[18.964601,50.297212],[18.964995,50.297161],[18.966786,50.29684],[18.967069,50.29682],[18.967596,50.296838],[18.967749,50.296864]]}},{"type":"Feature","properties":{"mode":"bus","n":5,"arr":["48","74","165","190","664"],"lines":"48, 74, 165, 190, 664"},"geometry":{"type":"LineString","coordinates":[[18.955962,50.298557],[18.956024,50.298294]]}},{"type":"Feature","properties":{"mode":"bus","n":5,"arr":["48","74","165","190","664"],"lines":"48, 74, 165, 190, 664"},"geometry":{"type":"LineString","coordinates":[[18.95626,50.298346],[18.956711,50.298371]]}},{"type":"Feature","properties":{"mode":"bus","n":9,"arr":["48","74","139","165","190","632","664","998","M3"],"lines":"48, 74, 139, 165, 190, 632, 664, 998, M3"},"geometry":{"type":"LineString","coordinates":[[18.95616,50.298144],[18.956287,50.298167],[18.956457,50.298297],[18.956711,50.298371],[18.957499,50.298489]]}},{"type":"Feature","properties":{"mode":"bus","n":9,"arr":["48","74","139","165","190","632","664","998","M3"],"lines":"48, 74, 139, 165, 190, 632, 664, 998, M3"},"geometry":{"type":"LineString","coordinates":[[18.955005,50.297526],[18.955327,50.297587],[18.955542,50.297669],[18.955649,50.29774],[18.955914,50.297996]]}},{"type":"Feature","properties":{"mode":"bus","n":6,"arr":["48","74","139","165","190","664"],"lines":"48, 74, 139, 165, 190, 664"},"geometry":{"type":"LineString","coordinates":[[18.956189,50.298359],[18.95626,50.298346]]}},{"type":"Feature","properties":{"mode":"bus","n":6,"arr":["48","74","139","165","632","130N"],"lines":"48, 74, 139, 165, 632, 130N"},"geometry":{"type":"LineString","coordinates":[[18.93607,50.258815],[18.935941,50.258834]]}},{"type":"Feature","properties":{"mode":"bus","n":10,"arr":["51","70","109","115","138","165","177","193","900","130N"],"lines":"51, 70, 109, 115, 138, 165, 177, 193, 900, 130N"},"geometry":{"type":"LineString","coordinates":[[18.971128,50.262596],[18.970982,50.26252],[18.970968,50.262439],[18.971006,50.262381],[18.970986,50.26228],[18.969962,50.260652],[18.969896,50.260505],[18.969781,50.260388],[18.969771,50.260381],[18.969758,50.260377],[18.969743,50.260376],[18.969697,50.260378],[18.969571,50.260339]]}},{"type":"Feature","properties":{"mode":"bus","n":10,"arr":["51","70","109","115","138","165","177","193","900","130N"],"lines":"51, 70, 109, 115, 138, 165, 177, 193, 900, 130N"},"geometry":{"type":"LineString","coordinates":[[18.969651,50.260113],[18.969527,50.260186]]}},{"type":"Feature","properties":{"mode":"bus","n":10,"arr":["51","70","109","115","138","165","177","193","900","130N"],"lines":"51, 70, 109, 115, 138, 165, 177, 193, 900, 130N"},"geometry":{"type":"LineString","coordinates":[[18.971379,50.262431],[18.971305,50.262359],[18.971185,50.262312],[18.971127,50.262247],[18.969982,50.26042],[18.969915,50.260356],[18.969898,50.260328],[18.969904,50.260299],[18.969936,50.260243],[18.969889,50.260156],[18.969835,50.260126]]}},{"type":"Feature","properties":{"mode":"bus","n":10,"arr":["51","70","109","115","138","165","177","193","900","130N"],"lines":"51, 70, 109, 115, 138, 165, 177, 193, 900, 130N"},"geometry":{"type":"LineString","coordinates":[[18.97136,50.262529],[18.971289,50.262578]]}},{"type":"Feature","properties":{"mode":"bus","n":8,"arr":["51","70","115","138","165","177","193","130N"],"lines":"51, 70, 115, 138, 165, 177, 193, 130N"},"geometry":{"type":"LineString","coordinates":[[18.969571,50.260339],[18.96951,50.260259],[18.969527,50.260186]]}},{"type":"Feature","properties":{"mode":"bus","n":8,"arr":["51","70","109","115","138","165","193","900"],"lines":"51, 70, 109, 115, 138, 165, 193, 900"},"geometry":{"type":"LineString","coordinates":[[18.97136,50.262529],[18.971379,50.262431]]}},{"type":"Feature","properties":{"mode":"bus","n":8,"arr":["51","70","109","115","138","165","193","900"],"lines":"51, 70, 109, 115, 138, 165, 193, 900"},"geometry":{"type":"LineString","coordinates":[[18.973626,50.266437],[18.971314,50.262789]]}},{"type":"Feature","properties":{"mode":"bus","n":8,"arr":["51","70","109","115","138","165","193","900"],"lines":"51, 70, 109, 115, 138, 165, 193, 900"},"geometry":{"type":"LineString","coordinates":[[18.971289,50.262578],[18.971277,50.26267],[18.971303,50.262754],[18.971306,50.262764],[18.971306,50.26277],[18.971304,50.262773],[18.9713,50.262771],[18.971293,50.262767],[18.971284,50.262758],[18.971128,50.262596]]}},{"type":"Feature","properties":{"mode":"bus","n":9,"arr":["55","100","106","299","622","723","808","M4","903N"],"lines":"55, 100, 106, 299, 622, 723, 808, M4, 903N"},"geometry":{"type":"LineString","coordinates":[[19.174438,50.291149],[19.174404,50.291107],[19.17438,50.291088],[19.174347,50.291077],[19.17422,50.291052],[19.174054,50.291091],[19.173957,50.291215]]}},{"type":"Feature","properties":{"mode":"bus","n":9,"arr":["55","100","106","299","622","723","808","M4","902N"],"lines":"55, 100, 106, 299, 622, 723, 808, M4, 902N"},"geometry":{"type":"LineString","coordinates":[[19.174438,50.291149],[19.174383,50.291274],[19.174286,50.29132],[19.174238,50.291335],[19.174185,50.291336],[19.174116,50.29133],[19.174067,50.291318],[19.174031,50.291293],[19.173957,50.291215]]}},{"type":"Feature","properties":{"mode":"bus","n":6,"arr":["55","116","188","723","808","M4"],"lines":"55, 116, 188, 723, 808, M4"},"geometry":{"type":"LineString","coordinates":[[19.148621,50.287406],[19.14869,50.286964],[19.148874,50.286253],[19.148904,50.285698],[19.148772,50.285178],[19.148223,50.28371],[19.148023,50.282393],[19.14788,50.281898],[19.147835,50.281536],[19.147917,50.280964],[19.14789,50.280316],[19.147666,50.278727]]}},{"type":"Feature","properties":{"mode":"bus","n":6,"arr":["55","116","188","723","808","M4"],"lines":"55, 116, 188, 723, 808, M4"},"geometry":{"type":"LineString","coordinates":[[19.149195,50.287005],[19.149183,50.285897],[19.149129,50.285585],[19.14849,50.283904],[19.14843,50.28369],[19.14824,50.282467],[19.148253,50.281581],[19.148133,50.280902],[19.147987,50.278288]]}},{"type":"Feature","properties":{"mode":"bus","n":7,"arr":["57","186","259","692","699","M106","692N"],"lines":"57, 186, 259, 692, 699, M106, 692N"},"geometry":{"type":"LineString","coordinates":[[18.632605,50.30507],[18.632531,50.305009],[18.632518,50.30492],[18.632579,50.304848],[18.63274,50.304803]]}},{"type":"Feature","properties":{"mode":"bus","n":7,"arr":["57","186","259","692","699","M106","692N"],"lines":"57, 186, 259, 692, 699, M106, 692N"},"geometry":{"type":"LineString","coordinates":[[18.632942,50.304867],[18.632965,50.304904]]}},{"type":"Feature","properties":{"mode":"bus","n":7,"arr":["57","186","259","692","699","M106","692N"],"lines":"57, 186, 259, 692, 699, M106, 692N"},"geometry":{"type":"LineString","coordinates":[[18.632852,50.305083],[18.632806,50.305094]]}},{"type":"Feature","properties":{"mode":"bus","n":5,"arr":["57","692","699","M106","692N"],"lines":"57, 692, 699, M106, 692N"},"geometry":{"type":"LineString","coordinates":[[18.632806,50.305094],[18.632665,50.305091],[18.632605,50.30507]]}},{"type":"Feature","properties":{"mode":"bus","n":5,"arr":["57","692","699","M106","692N"],"lines":"57, 692, 699, M106, 692N"},"geometry":{"type":"LineString","coordinates":[[18.632543,50.304878],[18.632412,50.304962],[18.63226,50.304995],[18.630304,50.305097],[18.629735,50.305156],[18.624783,50.305798],[18.624259,50.305885],[18.623615,50.306069],[18.621109,50.306948],[18.617363,50.307961],[18.616455,50.30815],[18.61406,50.308516]]}},{"type":"Feature","properties":{"mode":"bus","n":7,"arr":["57","692","693","699","924","M106","Z-6"],"lines":"57, 692, 693, 699, 924, M106, Z-6"},"geometry":{"type":"LineString","coordinates":[[18.597489,50.32033],[18.597558,50.320385],[18.597602,50.320475],[18.597598,50.320535],[18.597536,50.320628],[18.59743,50.320695],[18.597323,50.320716],[18.597177,50.320714],[18.597055,50.320682]]}},{"type":"Feature","properties":{"mode":"bus","n":6,"arr":["57","692","693","699","924","M106"],"lines":"57, 692, 693, 699, 924, M106"},"geometry":{"type":"LineString","coordinates":[[18.597055,50.320682],[18.596954,50.320604],[18.59691,50.320501],[18.59694,50.3204],[18.597063,50.320308]]}},{"type":"Feature","properties":{"mode":"bus","n":5,"arr":["59","194","694","M104","M105"],"lines":"59, 194, 694, M104, M105"},"geometry":{"type":"LineString","coordinates":[[18.653729,50.254505],[18.653894,50.254523],[18.654018,50.254594],[18.654063,50.254699],[18.654049,50.254753],[18.653955,50.254841],[18.653802,50.254883],[18.653675,50.254876],[18.653544,50.254826]]}},{"type":"Feature","properties":{"mode":"bus","n":5,"arr":["59","194","694","M104","M105"],"lines":"59, 194, 694, M104, M105"},"geometry":{"type":"LineString","coordinates":[[18.656893,50.2615],[18.657,50.261467],[18.657026,50.261455],[18.657035,50.261439],[18.657028,50.261419],[18.655576,50.259392],[18.655326,50.259085],[18.654618,50.25832],[18.653844,50.257228],[18.653444,50.256479],[18.652889,50.255695],[18.652778,50.255437],[18.652793,50.255266],[18.652875,50.255177],[18.653287,50.254907],[18.653494,50.254842],[18.65352,50.254829],[18.65353,50.254813],[18.653526,50.254792],[18.653486,50.254717],[18.653459,50.254688],[18.653415,50.254671],[18.653303,50.254644],[18.65316,50.254646],[18.652614,50.254803],[18.652379,50.254825],[18.65216,50.25479],[18.651906,50.254673],[18.651809,50.254573],[18.651219,50.253736],[18.651052,50.253304],[18.649862,50.25171]]}},{"type":"Feature","properties":{"mode":"bus","n":5,"arr":["59","194","694","M104","M105"],"lines":"59, 194, 694, M104, M105"},"geometry":{"type":"LineString","coordinates":[[18.650031,50.251729],[18.65076,50.252682],[18.651927,50.254317],[18.652099,50.254491],[18.652216,50.254559],[18.652423,50.254587],[18.65284,50.254543],[18.653534,50.254574],[18.65368,50.254522],[18.653699,50.254513],[18.653706,50.254503],[18.653703,50.254492],[18.653688,50.25448],[18.653431,50.254325],[18.653084,50.254262],[18.652886,50.254263],[18.652415,50.254402],[18.652267,50.254474],[18.652111,50.254629],[18.652056,50.254821],[18.652116,50.254994],[18.652746,50.255855],[18.653199,50.256429],[18.653399,50.256595],[18.653844,50.257228]]}},{"type":"Feature","properties":{"mode":"bus","n":5,"arr":["59","194","694","M104","M105"],"lines":"59, 194, 694, M104, M105"},"geometry":{"type":"LineString","coordinates":[[18.661499,50.276651],[18.66131,50.272824],[18.661077,50.269026],[18.66102,50.268646],[18.660884,50.268272],[18.660173,50.266663],[18.660073,50.266533],[18.659627,50.265493],[18.659357,50.264995],[18.658774,50.264136],[18.65579,50.259947],[18.654888,50.25875],[18.654618,50.25832]]}},{"type":"Feature","properties":{"mode":"bus","n":5,"arr":["61","109","657","911","911N"],"lines":"61, 109, 657, 911, 911N"},"geometry":{"type":"LineString","coordinates":[[19.034827,50.26903],[19.03491,50.268984],[19.034929,50.268937]]}},{"type":"Feature","properties":{"mode":"bus","n":8,"arr":["64","80","134","142","191","614","615","M107"],"lines":"64, 80, 134, 142, 191, 614, 615, M107"},"geometry":{"type":"LineString","coordinates":[[18.82891,50.442555],[18.828886,50.442655],[18.828867,50.442686],[18.828827,50.442708],[18.827832,50.443038],[18.827664,50.443111],[18.827633,50.443131],[18.82762,50.443159],[18.827613,50.443216],[18.827575,50.443253]]}},{"type":"Feature","properties":{"mode":"bus","n":8,"arr":["64","80","134","142","191","614","615","M107"],"lines":"64, 80, 134, 142, 191, 614, 615, M107"},"geometry":{"type":"LineString","coordinates":[[18.827364,50.443289],[18.827296,50.443258],[18.827257,50.443248],[18.827216,50.44325],[18.826432,50.443387],[18.825574,50.443445],[18.819347,50.4437],[18.819025,50.443685]]}},{"type":"Feature","properties":{"mode":"bus","n":8,"arr":["64","80","134","142","191","614","615","M107"],"lines":"64, 80, 134, 142, 191, 614, 615, M107"},"geometry":{"type":"LineString","coordinates":[[18.819023,50.443625],[18.825476,50.44336],[18.826131,50.443326],[18.826589,50.443275],[18.827159,50.443181],[18.827204,50.443166],[18.827232,50.443138],[18.827268,50.443075],[18.827319,50.443048],[18.827403,50.443037],[18.827429,50.44303],[18.827449,50.443019],[18.827461,50.443003],[18.827521,50.442873],[18.8276,50.44244],[18.827607,50.442425],[18.827619,50.442415],[18.827637,50.442411],[18.827661,50.442413],[18.828446,50.442543],[18.82891,50.442555],[18.835705,50.442376]]}},{"type":"Feature","properties":{"mode":"bus","n":7,"arr":["64","80","83","134","191","M14","M107"],"lines":"64, 80, 83, 134, 191, M14, M107"},"geometry":{"type":"LineString","coordinates":[[18.851138,50.442245],[18.851146,50.442192],[18.851213,50.442126]]}},{"type":"Feature","properties":{"mode":"bus","n":7,"arr":["64","80","83","134","191","M14","M107"],"lines":"64, 80, 83, 134, 191, M14, M107"},"geometry":{"type":"LineString","coordinates":[[18.851392,50.442105],[18.8515,50.442153],[18.851537,50.442233],[18.851825,50.442352],[18.853772,50.442224],[18.854273,50.442173],[18.854596,50.442104],[18.854952,50.441978],[18.855322,50.441772],[18.855609,50.441575],[18.856609,50.441389],[18.857003,50.441338],[18.858093,50.441323],[18.859156,50.441203],[18.859418,50.441114],[18.860417,50.440645],[18.860967,50.440519]]}},{"type":"Feature","properties":{"mode":"bus","n":7,"arr":["64","80","83","134","191","M14","M107"],"lines":"64, 80, 83, 134, 191, M14, M107"},"geometry":{"type":"LineString","coordinates":[[18.861204,50.440431],[18.861337,50.440489]]}},{"type":"Feature","properties":{"mode":"bus","n":6,"arr":["64","80","83","134","191","M107"],"lines":"64, 80, 83, 134, 191, M107"},"geometry":{"type":"LineString","coordinates":[[18.851213,50.442126],[18.851392,50.442105]]}},{"type":"Feature","properties":{"mode":"bus","n":6,"arr":["64","80","83","134","191","M107"],"lines":"64, 80, 83, 134, 191, M107"},"geometry":{"type":"LineString","coordinates":[[18.851138,50.442245],[18.851051,50.442279]]}},{"type":"Feature","properties":{"mode":"bus","n":6,"arr":["69","75","157","268","294","M18"],"lines":"69, 75, 157, 268, 294, M18"},"geometry":{"type":"LineString","coordinates":[[18.903135,50.166728],[18.903123,50.16633],[18.903196,50.166172],[18.903536,50.165997],[18.904288,50.165727]]}},{"type":"Feature","properties":{"mode":"bus","n":7,"arr":["70","74","695","920","Z-2","Z-25","Z-45"],"lines":"70, 74, 695, 920, Z-2, Z-25, Z-45"},"geometry":{"type":"LineString","coordinates":[[19.094937,50.262552],[19.094999,50.262612],[19.094972,50.262704]]}},{"type":"Feature","properties":{"mode":"bus","n":7,"arr":["70","74","695","920","Z-2","Z-25","Z-45"],"lines":"70, 74, 695, 920, Z-2, Z-25, Z-45"},"geometry":{"type":"LineString","coordinates":[[19.094797,50.262532],[19.094719,50.262557],[19.094662,50.262638],[19.094691,50.2627],[19.094746,50.262727],[19.094756,50.262734],[19.094759,50.262741],[19.094755,50.262747],[19.094742,50.262753],[19.094601,50.262802]]}},{"type":"Feature","properties":{"mode":"bus","n":6,"arr":["70","74","920","Z-2","Z-25","Z-45"],"lines":"70, 74, 920, Z-2, Z-25, Z-45"},"geometry":{"type":"LineString","coordinates":[[19.094775,50.262742],[19.094904,50.262739],[19.094972,50.262704]]}},{"type":"Feature","properties":{"mode":"bus","n":6,"arr":["74","165","190","663","664","922"],"lines":"74, 165, 190, 663, 664, 922"},"geometry":{"type":"LineString","coordinates":[[18.970816,50.300579],[18.970891,50.300666],[18.971012,50.300736],[18.972074,50.301067],[18.972193,50.301134],[18.972591,50.301596],[18.972947,50.302217],[18.973435,50.302824],[18.973443,50.302839],[18.973441,50.302851],[18.97343,50.302861],[18.973408,50.302869],[18.972536,50.303078],[18.972457,50.303065],[18.972421,50.303053],[18.972398,50.303032],[18.971258,50.301263],[18.970952,50.30088],[18.97079,50.30062],[18.970489,50.300259],[18.970297,50.300141],[18.970273,50.300119],[18.970269,50.300092],[18.970277,50.300038],[18.970213,50.299827],[18.97021,50.299817],[18.97021,50.299811],[18.970213,50.299808],[18.970217,50.299809],[18.970224,50.299814],[18.970233,50.299822],[18.970408,50.299987],[18.970512,50.30002],[18.970539,50.300034],[18.970554,50.300054],[18.970572,50.300096],[18.970545,50.300143]]}},{"type":"Feature","properties":{"mode":"bus","n":6,"arr":["74","165","190","663","664","922"],"lines":"74, 165, 190, 663, 664, 922"},"geometry":{"type":"LineString","coordinates":[[18.968669,50.297715],[18.969376,50.298402],[18.969641,50.298711],[18.970202,50.299792]]}},{"type":"Feature","properties":{"mode":"bus","n":8,"arr":["76","160","219","223","972","995","M13","76N"],"lines":"76, 160, 219, 223, 972, 995, M13, 76N"},"geometry":{"type":"LineString","coordinates":[[19.124112,50.234587],[19.124102,50.234639]]}},{"type":"Feature","properties":{"mode":"bus","n":8,"arr":["76","160","219","223","972","995","M13","76N"],"lines":"76, 160, 219, 223, 972, 995, M13, 76N"},"geometry":{"type":"LineString","coordinates":[[19.124889,50.234834],[19.124541,50.234647],[19.124482,50.234531],[19.124399,50.2345],[19.124218,50.234506]]}},{"type":"Feature","properties":{"mode":"bus","n":8,"arr":["76","160","219","223","972","995","M13","76N"],"lines":"76, 160, 219, 223, 972, 995, M13, 76N"},"geometry":{"type":"LineString","coordinates":[[19.12425,50.234757],[19.124362,50.234762],[19.124459,50.234738],[19.124889,50.234834],[19.137601,50.240068],[19.138013,50.240249],[19.138739,50.24066]]}},{"type":"Feature","properties":{"mode":"bus","n":6,"arr":["76","160","219","972","995","76N"],"lines":"76, 160, 219, 972, 995, 76N"},"geometry":{"type":"LineString","coordinates":[[19.124218,50.234506],[19.124112,50.234587]]}},{"type":"Feature","properties":{"mode":"bus","n":5,"arr":["76","160","219","995","76N"],"lines":"76, 160, 219, 995, 76N"},"geometry":{"type":"LineString","coordinates":[[19.131853,50.210471],[19.131951,50.210503],[19.131975,50.210545],[19.131981,50.210567],[19.131972,50.210589],[19.131954,50.210613],[19.13193,50.210633],[19.131895,50.210645],[19.13182,50.210659],[19.131757,50.210643],[19.131714,50.210594],[19.131703,50.210569],[19.13171,50.210543],[19.131726,50.210519],[19.131748,50.210499],[19.131781,50.210487],[19.131853,50.210471]]}},{"type":"Feature","properties":{"mode":"bus","n":7,"arr":["76","160","219","788","972","995","76N"],"lines":"76, 160, 219, 788, 972, 995, 76N"},"geometry":{"type":"LineString","coordinates":[[19.1257,50.197418],[19.12577,50.197376],[19.125828,50.19737],[19.125905,50.197386],[19.12594,50.197399],[19.125961,50.197422],[19.12608,50.197657],[19.126084,50.197668],[19.126083,50.197675],[19.126078,50.197678],[19.126067,50.197676],[19.126051,50.19767],[19.125702,50.197509]]}},{"type":"Feature","properties":{"mode":"bus","n":7,"arr":["76","160","219","788","972","995","76N"],"lines":"76, 160, 219, 788, 972, 995, 76N"},"geometry":{"type":"LineString","coordinates":[[19.128558,50.199846],[19.128081,50.199691],[19.127805,50.199499],[19.127248,50.198655],[19.127083,50.198463],[19.126748,50.198177],[19.126097,50.197691]]}},{"type":"Feature","properties":{"mode":"bus","n":7,"arr":["76","160","219","672","788","972","76N"],"lines":"76, 160, 219, 672, 788, 972, 76N"},"geometry":{"type":"LineString","coordinates":[[19.11465,50.191799],[19.114416,50.191973],[19.11427,50.192149],[19.113735,50.193279],[19.113238,50.193766],[19.113124,50.193927],[19.112986,50.194257],[19.112844,50.194743],[19.112638,50.196212],[19.112657,50.196384],[19.112664,50.196403],[19.112681,50.196417],[19.112708,50.196425],[19.112749,50.196434],[19.112789,50.196448],[19.112814,50.196473],[19.112847,50.19653],[19.112818,50.19658],[19.112744,50.196618],[19.11265,50.196623],[19.112568,50.196594],[19.112524,50.196544],[19.112528,50.196487],[19.112578,50.196439],[19.11266,50.196416]]}},{"type":"Feature","properties":{"mode":"bus","n":8,"arr":["76","160","219","672","788","972","M101","76N"],"lines":"76, 160, 219, 672, 788, 972, M101, 76N"},"geometry":{"type":"LineString","coordinates":[[19.10339,50.189304],[19.105963,50.189743],[19.106793,50.189858],[19.107239,50.189888],[19.107971,50.189898],[19.109718,50.189821],[19.110697,50.189913],[19.111227,50.189998],[19.111622,50.190106],[19.112061,50.190303],[19.113271,50.191028],[19.114401,50.191498],[19.114602,50.191618],[19.114626,50.191628],[19.114651,50.191631],[19.114679,50.191627],[19.11476,50.191607],[19.11486,50.191631],[19.114921,50.191709],[19.114886,50.191779],[19.114796,50.19181],[19.114759,50.191817],[19.114722,50.191814],[19.11465,50.191799],[19.114609,50.191747],[19.114597,50.19172],[19.114604,50.191691],[19.114636,50.191638]]}},{"type":"Feature","properties":{"mode":"bus","n":8,"arr":["76","160","219","672","788","972","M101","76N"],"lines":"76, 160, 219, 672, 788, 972, M101, 76N"},"geometry":{"type":"LineString","coordinates":[[19.10296,50.189133],[19.103076,50.189204],[19.10334,50.189288],[19.103354,50.189293],[19.103362,50.189296],[19.103364,50.189298],[19.10336,50.189298],[19.103351,50.189297],[19.103336,50.189295],[19.103029,50.189241],[19.102825,50.189241],[19.102762,50.189203],[19.102753,50.189166]]}},{"type":"Feature","properties":{"mode":"bus","n":7,"arr":["76","160","219","672","788","M101","76N"],"lines":"76, 160, 219, 672, 788, M101, 76N"},"geometry":{"type":"LineString","coordinates":[[19.103365,50.184393],[19.103358,50.184464],[19.103461,50.184586],[19.103455,50.184899],[19.103119,50.186552],[19.102801,50.188667],[19.102804,50.188912],[19.10296,50.189133]]}},{"type":"Feature","properties":{"mode":"bus","n":7,"arr":["76","160","219","672","788","M101","76N"],"lines":"76, 160, 219, 672, 788, M101, 76N"},"geometry":{"type":"LineString","coordinates":[[19.103685,50.184327],[19.103586,50.184303],[19.103476,50.184315]]}},{"type":"Feature","properties":{"mode":"bus","n":7,"arr":["76","160","219","672","788","M101","76N"],"lines":"76, 160, 219, 672, 788, M101, 76N"},"geometry":{"type":"LineString","coordinates":[[19.103612,50.184568],[19.103706,50.184536],[19.103774,50.184445]]}},{"type":"Feature","properties":{"mode":"bus","n":7,"arr":["76","160","219","672","788","M101","76N"],"lines":"76, 160, 219, 672, 788, M101, 76N"},"geometry":{"type":"LineString","coordinates":[[19.102753,50.189166],[19.102794,50.18887]]}},{"type":"Feature","properties":{"mode":"bus","n":6,"arr":["76","160","672","788","M101","76N"],"lines":"76, 160, 672, 788, M101, 76N"},"geometry":{"type":"LineString","coordinates":[[19.103774,50.184445],[19.103753,50.184379],[19.103685,50.184327]]}},{"type":"Feature","properties":{"mode":"bus","n":6,"arr":["76","160","672","788","M101","76N"],"lines":"76, 160, 672, 788, M101, 76N"},"geometry":{"type":"LineString","coordinates":[[19.103098,50.184204],[19.103365,50.184393]]}},{"type":"Feature","properties":{"mode":"bus","n":6,"arr":["76","160","672","788","M101","76N"],"lines":"76, 160, 672, 788, M101, 76N"},"geometry":{"type":"LineString","coordinates":[[19.103476,50.184315],[19.103278,50.18428],[19.103098,50.184204],[19.100638,50.182795],[19.100126,50.182542],[19.099605,50.182337],[19.09864,50.182077],[19.097974,50.181972],[19.097269,50.181915],[19.096324,50.181893],[19.096303,50.18189],[19.096289,50.181882],[19.096282,50.18187],[19.09627,50.181828],[19.09612,50.181726]]}},{"type":"Feature","properties":{"mode":"bus","n":6,"arr":["76","160","672","788","M101","76N"],"lines":"76, 160, 672, 788, M101, 76N"},"geometry":{"type":"LineString","coordinates":[[19.094703,50.181721],[19.094603,50.181746],[19.094559,50.181764],[19.094531,50.181793],[19.094477,50.181882]]}},{"type":"Feature","properties":{"mode":"bus","n":6,"arr":["76","160","672","788","M101","76N"],"lines":"76, 160, 672, 788, M101, 76N"},"geometry":{"type":"LineString","coordinates":[[19.103455,50.184899],[19.103612,50.184568]]}},{"type":"Feature","properties":{"mode":"bus","n":6,"arr":["76","160","672","788","M101","76N"],"lines":"76, 160, 672, 788, M101, 76N"},"geometry":{"type":"LineString","coordinates":[[19.114916,50.19169],[19.114961,50.191687]]}},{"type":"Feature","properties":{"mode":"bus","n":6,"arr":["80","83","134","191","M14","M107"],"lines":"80, 83, 134, 191, M14, M107"},"geometry":{"type":"LineString","coordinates":[[18.851825,50.442352],[18.851672,50.442364],[18.851474,50.44233],[18.851323,50.442358],[18.851232,50.442339]]}},{"type":"Feature","properties":{"mode":"bus","n":6,"arr":["80","83","134","191","M14","M107"],"lines":"80, 83, 134, 191, M14, M107"},"geometry":{"type":"LineString","coordinates":[[18.860981,50.440623],[18.860657,50.440589]]}},{"type":"Feature","properties":{"mode":"bus","n":5,"arr":["85","107","M11","M103","M116"],"lines":"85, 107, M11, M103, M116"},"geometry":{"type":"LineString","coordinates":[[19.046937,50.411691],[19.046972,50.411748],[19.046998,50.411775],[19.047039,50.411792],[19.047109,50.411811],[19.047161,50.411818],[19.047211,50.411809],[19.047261,50.411793],[19.047302,50.411774],[19.047327,50.411745],[19.047359,50.411683],[19.047313,50.411605],[19.047251,50.411574],[19.047125,50.411559],[19.046982,50.411612],[19.046937,50.411691]]}},{"type":"Feature","properties":{"mode":"bus","n":12,"arr":["90","100","106","188","220","299","622","723","M4","902N","903N","904N"],"lines":"90, 100, 106, 188, 220, 299, 622, 723, M4, 902N, 903N, 904N"},"geometry":{"type":"LineString","coordinates":[[19.205878,50.290015],[19.206029,50.290023],[19.206151,50.289993],[19.206231,50.289936],[19.20626,50.289878],[19.20625,50.289776],[19.206203,50.289715],[19.20617,50.289689],[19.206123,50.289676],[19.205991,50.28966],[19.205805,50.289727],[19.205735,50.289869],[19.205573,50.289941],[19.204598,50.290226],[19.204365,50.290275]]}},{"type":"Feature","properties":{"mode":"bus","n":12,"arr":["90","100","106","188","220","299","622","723","M4","902N","903N","904N"],"lines":"90, 100, 106, 188, 220, 299, 622, 723, M4, 902N, 903N, 904N"},"geometry":{"type":"LineString","coordinates":[[19.204427,50.290362],[19.20438,50.290426],[19.204283,50.290453],[19.204186,50.290436],[19.204124,50.290381]]}},{"type":"Feature","properties":{"mode":"bus","n":11,"arr":["90","100","106","188","220","299","622","723","M4","902N","904N"],"lines":"90, 100, 106, 188, 220, 299, 622, 723, M4, 902N, 904N"},"geometry":{"type":"LineString","coordinates":[[19.205735,50.289869],[19.205795,50.289968],[19.205878,50.290015]]}},{"type":"Feature","properties":{"mode":"bus","n":11,"arr":["90","100","106","188","220","299","622","723","M4","902N","904N"],"lines":"90, 100, 106, 188, 220, 299, 622, 723, M4, 902N, 904N"},"geometry":{"type":"LineString","coordinates":[[19.204365,50.290275],[19.204427,50.290362]]}},{"type":"Feature","properties":{"mode":"bus","n":11,"arr":["90","100","106","188","220","299","622","723","M4","902N","904N"],"lines":"90, 100, 106, 188, 220, 299, 622, 723, M4, 902N, 904N"},"geometry":{"type":"LineString","coordinates":[[19.206384,50.289668],[19.206178,50.289683]]}},{"type":"Feature","properties":{"mode":"bus","n":12,"arr":["90","100","106","188","220","299","690","723","M4","902N","903N","904N"],"lines":"90, 100, 106, 188, 220, 299, 690, 723, M4, 902N, 903N, 904N"},"geometry":{"type":"LineString","coordinates":[[19.198112,50.292455],[19.198099,50.292521],[19.197985,50.292587],[19.197869,50.292587],[19.197776,50.292543]]}},{"type":"Feature","properties":{"mode":"bus","n":11,"arr":["90","100","106","188","220","299","690","723","M4","902N","904N"],"lines":"90, 100, 106, 188, 220, 299, 690, 723, M4, 902N, 904N"},"geometry":{"type":"LineString","coordinates":[[19.197799,50.292387],[19.197741,50.292475],[19.197776,50.292543]]}},{"type":"Feature","properties":{"mode":"bus","n":10,"arr":["90","100","106","188","220","299","690","723","M4","902N"],"lines":"90, 100, 106, 188, 220, 299, 690, 723, M4, 902N"},"geometry":{"type":"LineString","coordinates":[[19.197965,50.292356],[19.197879,50.292358],[19.197799,50.292387]]}},{"type":"Feature","properties":{"mode":"bus","n":6,"arr":["90","220","299","690","M4","903N"],"lines":"90, 220, 299, 690, M4, 903N"},"geometry":{"type":"LineString","coordinates":[[19.197965,50.292356],[19.198063,50.292391],[19.198112,50.292455]]}},{"type":"Feature","properties":{"mode":"bus","n":11,"arr":["90","100","106","188","220","299","622","723","M4","902N","903N"],"lines":"90, 100, 106, 188, 220, 299, 622, 723, M4, 902N, 903N"},"geometry":{"type":"LineString","coordinates":[[19.204365,50.290275],[19.20425,50.290256],[19.204177,50.290277],[19.204125,50.290325],[19.204124,50.290381]]}},{"type":"Feature","properties":{"mode":"bus","n":5,"arr":["91","299","723","M17","902N"],"lines":"91, 299, 723, M17, 902N"},"geometry":{"type":"LineString","coordinates":[[19.116539,50.279058],[19.1164,50.278939],[19.116354,50.27875]]}},{"type":"Feature","properties":{"mode":"bus","n":9,"arr":["91","154","299","723","808","835","M4","M17","902N"],"lines":"91, 154, 299, 723, 808, 835, M4, M17, 902N"},"geometry":{"type":"LineString","coordinates":[[19.116354,50.27875],[19.11671,50.278666]]}},{"type":"Feature","properties":{"mode":"bus","n":8,"arr":["91","299","723","808","835","M4","M17","902N"],"lines":"91, 299, 723, 808, 835, M4, M17, 902N"},"geometry":{"type":"LineString","coordinates":[[19.11671,50.278666],[19.11707,50.278553],[19.117617,50.278308],[19.11873,50.277669],[19.119237,50.277269],[19.119406,50.27718],[19.119725,50.277065],[19.120228,50.276983],[19.120492,50.276906],[19.121868,50.27636],[19.122835,50.276015]]}},{"type":"Feature","properties":{"mode":"bus","n":8,"arr":["100","106","299","622","723","808","M4","902N"],"lines":"100, 106, 299, 622, 723, 808, M4, 902N"},"geometry":{"type":"LineString","coordinates":[[19.167322,50.294368],[19.165404,50.293138],[19.165109,50.292921],[19.164097,50.292454],[19.163279,50.292124],[19.162144,50.291729],[19.156408,50.28987],[19.156074,50.289806],[19.155439,50.289557],[19.155184,50.289401],[19.151543,50.288014],[19.150986,50.287913],[19.149851,50.287645],[19.148621,50.287406]]}},{"type":"Feature","properties":{"mode":"bus","n":5,"arr":["106","219","292","788","995"],"lines":"106, 219, 292, 788, 995"},"geometry":{"type":"LineString","coordinates":[[19.138375,50.242341],[19.138457,50.242269],[19.138443,50.24217]]}},{"type":"Feature","properties":{"mode":"bus","n":8,"arr":["118","121","147","255","840","982","M21","840N"],"lines":"118, 121, 147, 255, 840, 982, M21, 840N"},"geometry":{"type":"LineString","coordinates":[[18.883383,50.301305],[18.88311,50.301306]]}},{"type":"Feature","properties":{"mode":"bus","n":10,"arr":["118","121","147","155","840","982","M1","M21","M24","840N"],"lines":"118, 121, 147, 155, 840, 982, M1, M21, M24, 840N"},"geometry":{"type":"LineString","coordinates":[[18.883544,50.30171],[18.883588,50.301674]]}},{"type":"Feature","properties":{"mode":"bus","n":5,"arr":["118","840","M1","M24","840N"],"lines":"118, 840, M1, M24, 840N"},"geometry":{"type":"LineString","coordinates":[[18.859215,50.300452],[18.85918,50.300383],[18.859174,50.30035],[18.859189,50.300318],[18.859237,50.30026]]}},{"type":"Feature","properties":{"mode":"bus","n":6,"arr":["118","147","840","M1","M24","840N"],"lines":"118, 147, 840, M1, M24, 840N"},"geometry":{"type":"LineString","coordinates":[[18.859237,50.30026],[18.859333,50.300239],[18.859383,50.300235],[18.859431,50.300245],[18.859548,50.300287],[18.860532,50.30032],[18.874061,50.301341],[18.875592,50.301482],[18.876947,50.301659],[18.877983,50.301877],[18.878477,50.302023],[18.878994,50.302207],[18.88042,50.302776],[18.880759,50.302769]]}},{"type":"Feature","properties":{"mode":"bus","n":13,"arr":["120","130","146","147","155","177","198","230","255","669","982","M21","130N"],"lines":"120, 130, 146, 147, 155, 177, 198, 230, 255, 669, 982, M21, 130N"},"geometry":{"type":"LineString","coordinates":[[18.838833,50.24201],[18.838967,50.24198],[18.839046,50.242001],[18.839116,50.242073],[18.839115,50.242111],[18.83912,50.24213],[18.839138,50.242146],[18.83982,50.242542],[18.840597,50.242869],[18.841204,50.243215],[18.841224,50.243224],[18.841243,50.243226],[18.841261,50.243221],[18.841277,50.243209],[18.841346,50.243144],[18.841446,50.243118],[18.841546,50.243121],[18.841641,50.243153],[18.841711,50.243214],[18.841729,50.243272],[18.841677,50.243368],[18.841604,50.243409]]}},{"type":"Feature","properties":{"mode":"bus","n":13,"arr":["120","130","146","147","155","177","198","230","255","669","982","M21","130N"],"lines":"120, 130, 146, 147, 155, 177, 198, 230, 255, 669, 982, M21, 130N"},"geometry":{"type":"LineString","coordinates":[[18.838788,50.242131],[18.838784,50.242066],[18.838833,50.24201],[18.838763,50.241794],[18.838759,50.241674],[18.838201,50.240556],[18.838113,50.240412],[18.837842,50.2401]]}},{"type":"Feature","properties":{"mode":"bus","n":5,"arr":["120","130","669","982","130N"],"lines":"120, 130, 669, 982, 130N"},"geometry":{"type":"LineString","coordinates":[[18.841604,50.243409],[18.841404,50.24342]]}},{"type":"Feature","properties":{"mode":"bus","n":5,"arr":["120","130","669","982","130N"],"lines":"120, 130, 669, 982, 130N"},"geometry":{"type":"LineString","coordinates":[[18.864717,50.236753],[18.863652,50.237537],[18.862971,50.237952],[18.862694,50.238095],[18.862221,50.23823],[18.860694,50.238513],[18.859955,50.238713],[18.859435,50.238911],[18.858513,50.239456],[18.858188,50.239579],[18.857905,50.239638],[18.856936,50.239775],[18.85641,50.239896],[18.847987,50.241933],[18.847134,50.242106],[18.846285,50.242335],[18.842701,50.243189],[18.842294,50.243245],[18.84219,50.243221],[18.841711,50.243214]]}},{"type":"Feature","properties":{"mode":"bus","n":10,"arr":["120","130","146","155","177","230","669","982","M21","130N"],"lines":"120, 130, 146, 155, 177, 230, 669, 982, M21, 130N"},"geometry":{"type":"LineString","coordinates":[[18.841404,50.24342],[18.841284,50.243361],[18.841246,50.243239]]}},{"type":"Feature","properties":{"mode":"bus","n":10,"arr":["120","130","146","155","177","230","669","982","M21","130N"],"lines":"120, 130, 146, 155, 177, 230, 669, 982, M21, 130N"},"geometry":{"type":"LineString","coordinates":[[18.83982,50.242542],[18.839647,50.242487],[18.839067,50.24221],[18.838901,50.242201],[18.838788,50.242131]]}},{"type":"Feature","properties":{"mode":"bus","n":5,"arr":["121","155","982","M1","M21"],"lines":"121, 155, 982, M1, M21"},"geometry":{"type":"LineString","coordinates":[[18.882932,50.301664],[18.883087,50.30174],[18.883262,50.301773],[18.883394,50.301761],[18.883544,50.30171]]}},{"type":"Feature","properties":{"mode":"bus","n":6,"arr":["126","156","186","676","687","A4N"],"lines":"126, 156, 186, 676, 687, A4N"},"geometry":{"type":"LineString","coordinates":[[18.662804,50.28294],[18.661277,50.283174],[18.660825,50.283159],[18.66072,50.283138],[18.660683,50.283136],[18.66065,50.283146],[18.660591,50.283177],[18.660477,50.283193],[18.660324,50.283152],[18.660261,50.283093],[18.660249,50.283015],[18.660312,50.282933],[18.660276,50.282834],[18.660172,50.282706],[18.660165,50.282697],[18.660163,50.28269],[18.660164,50.282687],[18.66017,50.282686],[18.660179,50.282689],[18.660193,50.282694],[18.660279,50.282731],[18.660454,50.282887],[18.660609,50.282906],[18.66067,50.282939],[18.660727,50.283033],[18.661077,50.283168]]}},{"type":"Feature","properties":{"mode":"bus","n":6,"arr":["126","156","186","676","687","A4N"],"lines":"126, 156, 186, 676, 687, A4N"},"geometry":{"type":"LineString","coordinates":[[18.657841,50.276744],[18.657845,50.278009],[18.657874,50.278288],[18.658002,50.278878],[18.658577,50.281024],[18.658736,50.281252],[18.659634,50.282295],[18.659855,50.282485],[18.660146,50.282674]]}},{"type":"Feature","properties":{"mode":"bus","n":7,"arr":["156","286","720","770","M16","617N","705N"],"lines":"156, 286, 720, 770, M16, 617N, 705N"},"geometry":{"type":"LineString","coordinates":[[18.774975,50.317878],[18.774948,50.317978],[18.77487,50.318039]]}},{"type":"Feature","properties":{"mode":"bus","n":7,"arr":["156","286","720","770","M16","617N","705N"],"lines":"156, 286, 720, 770, M16, 617N, 705N"},"geometry":{"type":"LineString","coordinates":[[18.77453,50.318036],[18.774443,50.317956],[18.774429,50.317907]]}},{"type":"Feature","properties":{"mode":"bus","n":6,"arr":["156","286","720","M16","617N","705N"],"lines":"156, 286, 720, M16, 617N, 705N"},"geometry":{"type":"LineString","coordinates":[[18.774534,50.317761],[18.774474,50.317803],[18.774429,50.317907]]}},{"type":"Feature","properties":{"mode":"bus","n":6,"arr":["156","286","720","M16","617N","705N"],"lines":"156, 286, 720, M16, 617N, 705N"},"geometry":{"type":"LineString","coordinates":[[18.774975,50.317878],[18.774889,50.31777]]}},{"type":"Feature","properties":{"mode":"bus","n":6,"arr":["160","160S","188","690","835","902N"],"lines":"160, 160S, 188, 690, 835, 902N"},"geometry":{"type":"LineString","coordinates":[[19.146221,50.273134],[19.146485,50.27311],[19.146593,50.273125]]}},{"type":"Feature","properties":{"mode":"bus","n":5,"arr":["160","219","223","995","M13"],"lines":"160, 219, 223, 995, M13"},"geometry":{"type":"LineString","coordinates":[[19.124102,50.234639],[19.124159,50.234724],[19.12425,50.234757]]}},{"type":"Feature","properties":{"mode":"bus","n":5,"arr":["160","160S","690","835","M15"],"lines":"160, 160S, 690, 835, M15"},"geometry":{"type":"LineString","coordinates":[[19.146782,50.273522],[19.146616,50.273602],[19.146502,50.273622],[19.146221,50.273589]]}},{"type":"Feature","properties":{"mode":"bus","n":6,"arr":["160","160S","188","690","835","M15"],"lines":"160, 160S, 188, 690, 835, M15"},"geometry":{"type":"LineString","coordinates":[[19.135014,50.273515],[19.134749,50.273559],[19.134594,50.273542],[19.134448,50.273489],[19.134345,50.273404]]}},{"type":"Feature","properties":{"mode":"bus","n":5,"arr":["165","664","840","998","840N"],"lines":"165, 664, 840, 998, 840N"},"geometry":{"type":"LineString","coordinates":[[18.93892,50.293289],[18.938875,50.293355],[18.93887,50.293471],[18.938869,50.293483],[18.938865,50.293489],[18.938859,50.29349],[18.93885,50.293486],[18.938839,50.293476],[18.938654,50.293285],[18.938649,50.29324],[18.938707,50.293182],[18.938803,50.293167],[18.93889,50.293193],[18.938923,50.293229],[18.938921,50.293268],[18.938922,50.293275],[18.938925,50.29328],[18.93893,50.293282],[18.938938,50.293281],[18.938948,50.293278],[18.9392,50.293181],[18.939665,50.293087],[18.940017,50.292984],[18.940842,50.292686],[18.94107,50.29265],[18.941286,50.29265],[18.941533,50.292697],[18.941751,50.292794],[18.942335,50.293262],[18.942589,50.293339],[18.942852,50.293377]]}},{"type":"Feature","properties":{"mode":"bus","n":5,"arr":["165","664","840","998","840N"],"lines":"165, 664, 840, 998, 840N"},"geometry":{"type":"LineString","coordinates":[[18.942335,50.293262],[18.942465,50.293356],[18.942848,50.293466]]}},{"type":"Feature","properties":{"mode":"bus","n":5,"arr":["166","262","536","931","M22"],"lines":"166, 262, 536, 931, M22"},"geometry":{"type":"LineString","coordinates":[[19.105566,50.127763],[19.105656,50.127994],[19.105732,50.128041],[19.105901,50.128303]]}},{"type":"Feature","properties":{"mode":"bus","n":5,"arr":["166","262","536","931","M22"],"lines":"166, 262, 536, 931, M22"},"geometry":{"type":"LineString","coordinates":[[19.106801,50.129026],[19.106937,50.12903],[19.107385,50.129113],[19.107695,50.129202],[19.107912,50.129324],[19.108169,50.1296],[19.108235,50.129708],[19.108238,50.130271]]}},{"type":"Feature","properties":{"mode":"bus","n":6,"arr":["166","262","536","931","995","M22"],"lines":"166, 262, 536, 931, 995, M22"},"geometry":{"type":"LineString","coordinates":[[19.126745,50.141232],[19.125933,50.140931],[19.117929,50.137407],[19.116798,50.136857],[19.116117,50.136488],[19.114613,50.135606],[19.113999,50.135213],[19.113198,50.134651],[19.112539,50.134146],[19.111811,50.133541],[19.110539,50.13234],[19.109624,50.13137],[19.108452,50.13048],[19.107418,50.129376],[19.107149,50.129202],[19.106324,50.128781],[19.105901,50.128303],[19.105636,50.128211],[19.105491,50.128209],[19.105406,50.128158],[19.105393,50.128059],[19.105498,50.127935],[19.105585,50.127677],[19.106583,50.125592],[19.107062,50.124761],[19.107739,50.123739],[19.108418,50.122964],[19.108757,50.122633],[19.109438,50.122036],[19.109693,50.12176],[19.109847,50.121673],[19.110085,50.121459],[19.111863,50.119741]]}},{"type":"Feature","properties":{"mode":"bus","n":5,"arr":["186","678","692","693","Z-6"],"lines":"186, 678, 692, 693, Z-6"},"geometry":{"type":"LineString","coordinates":[[18.645572,50.325859],[18.647532,50.32436],[18.647641,50.324245],[18.647805,50.323982],[18.647905,50.323425],[18.647962,50.323283],[18.648453,50.322743],[18.648433,50.322662],[18.64846,50.322596],[18.648537,50.322545],[18.648675,50.322528]]}},{"type":"Feature","properties":{"mode":"bus","n":5,"arr":["186","678","692","693","Z-6"],"lines":"186, 678, 692, 693, Z-6"},"geometry":{"type":"LineString","coordinates":[[18.648826,50.32259],[18.648862,50.32268],[18.648792,50.322766],[18.648703,50.322796],[18.648542,50.322807],[18.648286,50.322952]]}},{"type":"Feature","properties":{"mode":"bus","n":5,"arr":["223","536","931","995","M101"],"lines":"223, 536, 931, 995, M101"},"geometry":{"type":"LineString","coordinates":[[19.156577,50.181095],[19.15671,50.181152],[19.156745,50.181232],[19.157063,50.181393],[19.157075,50.181399],[19.157082,50.181404],[19.157083,50.181406],[19.157079,50.181406],[19.15707,50.181405],[19.157055,50.181401],[19.156744,50.181315],[19.15672,50.181311],[19.156697,50.181313],[19.156676,50.181321],[19.156617,50.181351],[19.15652,50.18136],[19.156436,50.181344],[19.156342,50.181276]]}},{"type":"Feature","properties":{"mode":"bus","n":5,"arr":["223","536","931","995","M101"],"lines":"223, 536, 931, 995, M101"},"geometry":{"type":"LineString","coordinates":[[19.156332,50.181197],[19.156449,50.181105]]}},{"type":"Feature","properties":{"mode":"bus","n":5,"arr":["223","536","931","995","M101"],"lines":"223, 536, 931, 995, M101"},"geometry":{"type":"LineString","coordinates":[[19.157107,50.181415],[19.157806,50.181686],[19.157947,50.181778],[19.160133,50.184506],[19.160391,50.184635],[19.160631,50.184661]]}},{"type":"Feature","properties":{"mode":"bus","n":5,"arr":["237","624","637","638","640"],"lines":"237, 624, 637, 638, 640"},"geometry":{"type":"LineString","coordinates":[[19.248908,50.360617],[19.249085,50.360641]]}},{"type":"Feature","properties":{"mode":"bus","n":5,"arr":["237","624","637","638","640"],"lines":"237, 624, 637, 638, 640"},"geometry":{"type":"LineString","coordinates":[[19.252611,50.361117],[19.252741,50.361046],[19.252843,50.361037],[19.252939,50.361055],[19.253055,50.361144],[19.253062,50.361218],[19.253017,50.361284]]}},{"type":"Feature","properties":{"mode":"bus","n":5,"arr":["237","624","637","638","640"],"lines":"237, 624, 637, 638, 640"},"geometry":{"type":"LineString","coordinates":[[19.262548,50.367325],[19.253718,50.361617],[19.253503,50.361497],[19.253063,50.361304],[19.253032,50.361295],[19.253,50.361294],[19.252968,50.361302],[19.252853,50.361344],[19.252741,50.361336],[19.252656,50.361302],[19.252585,50.361215],[19.252595,50.361055],[19.252442,50.36084],[19.252054,50.36048],[19.251913,50.360391],[19.251643,50.360301],[19.25133,50.36028],[19.250113,50.360426],[19.249798,50.360491],[19.249499,50.360583],[19.249133,50.360634],[19.249114,50.360639],[19.249105,50.360645],[19.249106,50.360654],[19.249117,50.360665],[19.249175,50.360711],[19.249192,50.360782],[19.249157,50.360851],[19.249052,50.36091],[19.248883,50.360918],[19.248792,50.360886],[19.24873,50.360834],[19.248708,50.36077],[19.24873,50.360705],[19.248796,50.36065],[19.248869,50.360629],[19.248889,50.360619],[19.248899,50.360606],[19.248897,50.36059],[19.248727,50.36016],[19.248224,50.358326],[19.248014,50.357409],[19.247491,50.347305],[19.247433,50.346866],[19.247343,50.346494],[19.24708,50.345778],[19.24684,50.345379],[19.244474,50.341968],[19.244297,50.341804],[19.244023,50.341638],[19.243141,50.341209],[19.242768,50.341059]]}},{"type":"Feature","properties":{"mode":"bus","n":5,"arr":["262","536","686","931","995"],"lines":"262, 536, 686, 931, 995"},"geometry":{"type":"LineString","coordinates":[[19.097537,50.102298],[19.097655,50.102243],[19.09769,50.102218],[19.097701,50.102186],[19.097701,50.102099],[19.097607,50.102038],[19.097542,50.102025],[19.097406,50.10204],[19.097356,50.102066]]}},{"type":"Feature","properties":{"mode":"bus","n":5,"arr":["262","536","931","995","M22"],"lines":"262, 536, 931, 995, M22"},"geometry":{"type":"LineString","coordinates":[[19.111863,50.119741],[19.111198,50.119589],[19.110362,50.119328],[19.10987,50.119132],[19.109614,50.118988],[19.109563,50.11893],[19.109469,50.118902],[19.109409,50.118907],[19.109378,50.118906],[19.10935,50.118897],[19.108994,50.118722],[19.108574,50.118418],[19.103424,50.114173],[19.103021,50.113829],[19.102577,50.113394],[19.100194,50.11091],[19.09997,50.110627],[19.09844,50.107647],[19.098143,50.106987],[19.097981,50.106501],[19.097881,50.106038],[19.097805,50.105579],[19.097774,50.105084]]}},{"type":"Feature","properties":{"mode":"bus","n":6,"arr":["299","723","808","835","M4","M17"],"lines":"299, 723, 808, 835, M4, M17"},"geometry":{"type":"LineString","coordinates":[[19.12293,50.276267],[19.122493,50.276321],[19.122158,50.276399],[19.120377,50.277089],[19.119822,50.277402],[19.1188,50.277813]]}},{"type":"Feature","properties":{"mode":"bus","n":6,"arr":["299","723","808","835","M4","M17"],"lines":"299, 723, 808, 835, M4, M17"},"geometry":{"type":"LineString","coordinates":[[19.118157,50.278174],[19.117752,50.278412],[19.117143,50.278861],[19.116928,50.278954]]}},{"type":"Feature","properties":{"mode":"bus","n":10,"arr":["604","606","637","638","640","656","690","716","M2","903N"],"lines":"604, 606, 637, 638, 640, 656, 690, 716, M2, 903N"},"geometry":{"type":"LineString","coordinates":[[19.22873,50.343377],[19.229002,50.34339],[19.229071,50.343428],[19.229103,50.343492],[19.229069,50.343545],[19.229044,50.34357],[19.229006,50.343586],[19.228923,50.343608],[19.22884,50.343587],[19.228802,50.343572],[19.228777,50.343548],[19.228741,50.343494]]}},{"type":"Feature","properties":{"mode":"bus","n":8,"arr":["604","637","638","640","654","716","814","M2"],"lines":"604, 637, 638, 640, 654, 716, 814, M2"},"geometry":{"type":"LineString","coordinates":[[19.224252,50.33626],[19.224268,50.336205],[19.224335,50.336167],[19.224423,50.336162],[19.224497,50.336192],[19.224528,50.336243],[19.224506,50.336296],[19.224405,50.336336],[19.224326,50.336327]]}},{"type":"Feature","properties":{"mode":"bus","n":9,"arr":["604","606","637","638","640","654","716","814","M2"],"lines":"604, 606, 637, 638, 640, 654, 716, 814, M2"},"geometry":{"type":"LineString","coordinates":[[19.224252,50.33626],[19.224326,50.336327]]}},{"type":"Feature","properties":{"mode":"bus","n":5,"arr":["604","638","654","716","814"],"lines":"604, 638, 654, 716, 814"},"geometry":{"type":"LineString","coordinates":[[19.226343,50.335188],[19.226421,50.335141],[19.226526,50.335019],[19.226682,50.334954]]}},{"type":"Feature","properties":{"mode":"bus","n":5,"arr":["604","606","640","656","690"],"lines":"604, 606, 640, 656, 690"},"geometry":{"type":"LineString","coordinates":[[19.216728,50.33812],[19.216736,50.338142]]}},{"type":"Feature","properties":{"mode":"bus","n":5,"arr":["612","644","716","814","M109"],"lines":"612, 644, 716, 814, M109"},"geometry":{"type":"LineString","coordinates":[[19.216214,50.321895],[19.216117,50.321892],[19.215941,50.321955]]}},{"type":"Feature","properties":{"mode":"bus","n":6,"arr":["637","638","716","808","814","M2"],"lines":"637, 638, 716, 808, 814, M2"},"geometry":{"type":"LineString","coordinates":[[19.227108,50.335152],[19.226909,50.33532],[19.226735,50.335368]]}},{"type":"Feature","properties":{"mode":"bus","n":6,"arr":["672","673","695","972","973","672N"],"lines":"672, 673, 695, 972, 973, 672N"},"geometry":{"type":"LineString","coordinates":[[19.046046,50.196353],[19.045978,50.196296],[19.045954,50.196282],[19.045922,50.196275],[19.045858,50.19627],[19.045778,50.196297]]}},{"type":"Feature","properties":{"mode":"bus","n":6,"arr":["672","673","695","972","973","672N"],"lines":"672, 673, 695, 972, 973, 672N"},"geometry":{"type":"LineString","coordinates":[[19.045102,50.196176],[19.045758,50.196313]]}},{"type":"Feature","properties":{"mode":"bus","n":6,"arr":["672","673","689","695","972","973"],"lines":"672, 673, 689, 695, 972, 973"},"geometry":{"type":"LineString","coordinates":[[19.045807,50.196962],[19.045865,50.196895],[19.045975,50.196599],[19.045973,50.196468],[19.045976,50.196458],[19.045986,50.19645],[19.04601,50.196437]]}},{"type":"Feature","properties":{"mode":"bus","n":6,"arr":["692","693","699","924","M106","Z-6"],"lines":"692, 693, 699, 924, M106, Z-6"},"geometry":{"type":"LineString","coordinates":[[18.597489,50.32033],[18.597372,50.320284],[18.597252,50.320274],[18.597063,50.320308]]}},{"type":"Feature","properties":{"mode":"bus","n":9,"arr":["A","21","273","274","531","536","627","686","M108"],"lines":"A, 21, 273, 274, 531, 536, 627, 686, M108"},"geometry":{"type":"LineString","coordinates":[[19.017908,50.100332],[19.016765,50.100038]]}},{"type":"Feature","properties":{"mode":"bus","n":7,"arr":["A","36","268","531","M10","M15","M18"],"lines":"A, 36, 268, 531, M10, M15, M18"},"geometry":{"type":"LineString","coordinates":[[18.982392,50.10926],[18.989552,50.106032],[18.995095,50.103591]]}},{"type":"Feature","properties":{"mode":"bus","n":7,"arr":["A","36","268","531","M10","M15","M18"],"lines":"A, 36, 268, 531, M10, M15, M18"},"geometry":{"type":"LineString","coordinates":[[18.994856,50.103389],[18.99308,50.104235],[18.982962,50.108768],[18.982419,50.109033],[18.9822,50.109108]]}},{"type":"Feature","properties":{"mode":"bus","n":8,"arr":["A","G","1","2","31","268","M18","1N"],"lines":"A, G, 1, 2, 31, 268, M18, 1N"},"geometry":{"type":"LineString","coordinates":[[18.969329,50.117756],[18.969306,50.117586],[18.969558,50.116621],[18.969671,50.115952],[18.969835,50.114012],[18.970007,50.111309]]}},{"type":"Feature","properties":{"mode":"bus","n":8,"arr":["A","G","1","2","31","268","M18","1N"],"lines":"A, G, 1, 2, 31, 268, M18, 1N"},"geometry":{"type":"LineString","coordinates":[[18.969879,50.118082],[18.969424,50.117845]]}},{"type":"Feature","properties":{"mode":"bus","n":14,"arr":["A","E","G","H","1","2","31","254","268","271","688","788","M18","1N"],"lines":"A, E, G, H, 1, 2, 31, 254, 268, 271, 688, 788, M18, 1N"},"geometry":{"type":"LineString","coordinates":[[18.974154,50.119791],[18.973883,50.119695],[18.972614,50.119131],[18.970815,50.118396],[18.969879,50.118082]]}},{"type":"Feature","properties":{"mode":"bus","n":7,"arr":["A","H","1","31","271","M18","1N"],"lines":"A, H, 1, 31, 271, M18, 1N"},"geometry":{"type":"LineString","coordinates":[[18.973138,50.119353],[18.973929,50.119619],[18.974366,50.119799]]}},{"type":"Feature","properties":{"mode":"bus","n":6,"arr":["A","G","H","2","137","268"],"lines":"A, G, H, 2, 137, 268"},"geometry":{"type":"LineString","coordinates":[[18.974631,50.119846],[18.974655,50.119808]]}},{"type":"Feature","properties":{"mode":"bus","n":7,"arr":["A","G","1","31","137","268","1N"],"lines":"A, G, 1, 31, 137, 268, 1N"},"geometry":{"type":"LineString","coordinates":[[18.974641,50.119928],[18.974762,50.119996]]}},{"type":"Feature","properties":{"mode":"bus","n":14,"arr":["A","E","G","1","2","31","137","254","268","271","688","788","M18","1N"],"lines":"A, E, G, 1, 2, 31, 137, 254, 268, 271, 688, 788, M18, 1N"},"geometry":{"type":"LineString","coordinates":[[18.978928,50.122127],[18.97738,50.121494],[18.976745,50.121159],[18.97549,50.120387],[18.974633,50.120007]]}},{"type":"Feature","properties":{"mode":"bus","n":15,"arr":["A","E","G","H","1","2","31","137","254","268","271","688","788","M18","1N"],"lines":"A, E, G, H, 1, 2, 31, 137, 254, 268, 271, 688, 788, M18, 1N"},"geometry":{"type":"LineString","coordinates":[[18.974633,50.120007],[18.974584,50.119984]]}},{"type":"Feature","properties":{"mode":"bus","n":15,"arr":["A","E","G","H","1","2","31","137","254","268","271","688","788","M18","1N"],"lines":"A, E, G, H, 1, 2, 31, 137, 254, 268, 271, 688, 788, M18, 1N"},"geometry":{"type":"LineString","coordinates":[[18.97429,50.119869],[18.974154,50.119791]]}},{"type":"Feature","properties":{"mode":"bus","n":8,"arr":["A","G","H","2","137","268","271","514"],"lines":"A, G, H, 2, 137, 268, 271, 514"},"geometry":{"type":"LineString","coordinates":[[18.980003,50.122293],[18.979843,50.1223]]}},{"type":"Feature","properties":{"mode":"bus","n":7,"arr":["A","G","H","2","137","268","514"],"lines":"A, G, H, 2, 137, 268, 514"},"geometry":{"type":"LineString","coordinates":[[18.980182,50.122298],[18.980003,50.122293]]}},{"type":"Feature","properties":{"mode":"bus","n":16,"arr":["A","E","G","H","1","2","31","137","254","268","271","514","688","788","M18","1N"],"lines":"A, E, G, H, 1, 2, 31, 137, 254, 268, 271, 514, 688, 788, M18, 1N"},"geometry":{"type":"LineString","coordinates":[[18.981248,50.125156],[18.980678,50.124475],[18.979889,50.123284],[18.979812,50.123054],[18.97981,50.122839]]}},{"type":"Feature","properties":{"mode":"bus","n":7,"arr":["A","B","H","31","262","272","536"],"lines":"A, B, H, 31, 262, 272, 536"},"geometry":{"type":"LineString","coordinates":[[18.970848,50.128404],[18.971469,50.129406],[18.97414,50.132529]]}},{"type":"Feature","properties":{"mode":"bus","n":14,"arr":["A","B","H","21","31","75","131","137","262","268","272","273","536","696"],"lines":"A, B, H, 21, 31, 75, 131, 137, 262, 268, 272, 273, 536, 696"},"geometry":{"type":"LineString","coordinates":[[18.97414,50.132529],[18.973089,50.133143],[18.972416,50.133467],[18.971604,50.133801],[18.966785,50.135502]]}},{"type":"Feature","properties":{"mode":"bus","n":10,"arr":["A","B","21","75","131","137","268","273","696","M18"],"lines":"A, B, 21, 75, 131, 137, 268, 273, 696, M18"},"geometry":{"type":"LineString","coordinates":[[18.966363,50.136336],[18.96627,50.136226]]}},{"type":"Feature","properties":{"mode":"bus","n":6,"arr":["A","B","75","137","268","696"],"lines":"A, B, 75, 137, 268, 696"},"geometry":{"type":"LineString","coordinates":[[18.965697,50.136384],[18.965662,50.136391]]}},{"type":"Feature","properties":{"mode":"bus","n":7,"arr":["A","B","75","137","268","696","M18"],"lines":"A, B, 75, 137, 268, 696, M18"},"geometry":{"type":"LineString","coordinates":[[18.965545,50.136416],[18.965662,50.136391]]}},{"type":"Feature","properties":{"mode":"bus","n":8,"arr":["A","B","H","75","137","268","696","M18"],"lines":"A, B, H, 75, 137, 268, 696, M18"},"geometry":{"type":"LineString","coordinates":[[18.965415,50.135949],[18.965259,50.136]]}},{"type":"Feature","properties":{"mode":"bus","n":14,"arr":["A","B","H","21","31","75","131","137","262","268","273","536","696","M18"],"lines":"A, B, H, 21, 31, 75, 131, 137, 262, 268, 273, 536, 696, M18"},"geometry":{"type":"LineString","coordinates":[[18.965556,50.135901],[18.965415,50.135949]]}},{"type":"Feature","properties":{"mode":"bus","n":12,"arr":["A","B","H","21","75","131","137","268","272","273","696","M18"],"lines":"A, B, H, 21, 75, 131, 137, 268, 272, 273, 696, M18"},"geometry":{"type":"LineString","coordinates":[[18.970848,50.128404],[18.968218,50.129085],[18.966192,50.129515],[18.965601,50.129672],[18.965114,50.129893],[18.964763,50.130129],[18.96454,50.130345],[18.964358,50.130586],[18.964207,50.130965],[18.964171,50.131412],[18.964702,50.133758],[18.964782,50.133935],[18.965259,50.134533],[18.965292,50.134606],[18.965299,50.134865],[18.965342,50.134967],[18.965717,50.135423],[18.965889,50.135703]]}},{"type":"Feature","properties":{"mode":"bus","n":14,"arr":["A","E","H","1","31","137","254","268","271","514","688","788","M18","1N"],"lines":"A, E, H, 1, 31, 137, 254, 268, 271, 514, 688, 788, M18, 1N"},"geometry":{"type":"LineString","coordinates":[[18.97981,50.122839],[18.979657,50.122524]]}},{"type":"Feature","properties":{"mode":"bus","n":12,"arr":["A","E","1","31","137","254","268","271","688","788","M18","1N"],"lines":"A, E, 1, 31, 137, 254, 268, 271, 688, 788, M18, 1N"},"geometry":{"type":"LineString","coordinates":[[18.979657,50.122524],[18.978928,50.122127]]}},{"type":"Feature","properties":{"mode":"bus","n":11,"arr":["A","1","31","137","254","268","271","688","788","M18","1N"],"lines":"A, 1, 31, 137, 254, 268, 271, 688, 788, M18, 1N"},"geometry":{"type":"LineString","coordinates":[[18.974286,50.120011],[18.974322,50.119966]]}},{"type":"Feature","properties":{"mode":"bus","n":10,"arr":["A","H","1","2","31","268","688","788","M18","1N"],"lines":"A, H, 1, 2, 31, 268, 688, 788, M18, 1N"},"geometry":{"type":"LineString","coordinates":[[18.969785,50.111067],[18.969537,50.111068]]}},{"type":"Feature","properties":{"mode":"bus","n":9,"arr":["A","G","H","1","2","31","268","M18","1N"],"lines":"A, G, H, 1, 2, 31, 268, M18, 1N"},"geometry":{"type":"LineString","coordinates":[[18.970065,50.110908],[18.970031,50.110857]]}},{"type":"Feature","properties":{"mode":"bus","n":10,"arr":["A","G","H","1","31","268","688","788","M18","1N"],"lines":"A, G, H, 1, 31, 268, 688, 788, M18, 1N"},"geometry":{"type":"LineString","coordinates":[[18.970148,50.110964],[18.970328,50.110971]]}},{"type":"Feature","properties":{"mode":"bus","n":7,"arr":["A","31","36","268","688","788","M18"],"lines":"A, 31, 36, 268, 688, 788, M18"},"geometry":{"type":"LineString","coordinates":[[18.978235,50.110372],[18.978218,50.110228]]}},{"type":"Feature","properties":{"mode":"bus","n":10,"arr":["A","21","273","274","531","536","627","686","696","M108"],"lines":"A, 21, 273, 274, 531, 536, 627, 686, 696, M108"},"geometry":{"type":"LineString","coordinates":[[19.016895,50.099949],[19.017968,50.100239]]}},{"type":"Feature","properties":{"mode":"bus","n":9,"arr":["A","21","273","274","531","536","627","686","696"],"lines":"A, 21, 273, 274, 531, 536, 627, 686, 696"},"geometry":{"type":"LineString","coordinates":[[19.017968,50.100239],[19.021304,50.101134],[19.021686,50.101216]]}},{"type":"Feature","properties":{"mode":"bus","n":9,"arr":["A","21","273","274","531","536","627","686","696"],"lines":"A, 21, 273, 274, 531, 536, 627, 686, 696"},"geometry":{"type":"LineString","coordinates":[[19.021671,50.101332],[19.020814,50.101127],[19.018883,50.100604]]}},{"type":"Feature","properties":{"mode":"bus","n":8,"arr":["A","21","273","274","531","536","627","686"],"lines":"A, 21, 273, 274, 531, 536, 627, 686"},"geometry":{"type":"LineString","coordinates":[[19.018883,50.100604],[19.017908,50.100332]]}},{"type":"Feature","properties":{"mode":"bus","n":11,"arr":["B","E","G","4","75","268","565","696","M10","M18","1N"],"lines":"B, E, G, 4, 75, 268, 565, 696, M10, M18, 1N"},"geometry":{"type":"LineString","coordinates":[[19.004978,50.086628],[19.00257,50.086835]]}},{"type":"Feature","properties":{"mode":"bus","n":11,"arr":["B","E","G","4","75","268","565","696","M10","M18","1N"],"lines":"B, E, G, 4, 75, 268, 565, 696, M10, M18, 1N"},"geometry":{"type":"LineString","coordinates":[[19.00255,50.086734],[19.003978,50.086618]]}},{"type":"Feature","properties":{"mode":"bus","n":10,"arr":["B","E","G","4","75","268","696","M10","M18","1N"],"lines":"B, E, G, 4, 75, 268, 696, M10, M18, 1N"},"geometry":{"type":"LineString","coordinates":[[19.00257,50.086835],[18.999871,50.087061],[18.999079,50.087188],[18.998652,50.087303],[18.998107,50.087508],[18.997391,50.087934],[18.997002,50.088266],[18.996831,50.08846],[18.996589,50.088821],[18.996412,50.089279],[18.995843,50.091122],[18.995711,50.091354],[18.995053,50.092172]]}},{"type":"Feature","properties":{"mode":"bus","n":8,"arr":["B","E","4","75","137","268","M18","1N"],"lines":"B, E, 4, 75, 137, 268, M18, 1N"},"geometry":{"type":"LineString","coordinates":[[18.99185,50.09805],[18.991746,50.098194],[18.991694,50.098334],[18.99171,50.098675]]}},{"type":"Feature","properties":{"mode":"bus","n":9,"arr":["B","E","4","75","137","268","565","M18","1N"],"lines":"B, E, 4, 75, 137, 268, 565, M18, 1N"},"geometry":{"type":"LineString","coordinates":[[18.99171,50.098675],[18.991869,50.09912]]}},{"type":"Feature","properties":{"mode":"bus","n":9,"arr":["B","E","4","75","137","268","565","M18","1N"],"lines":"B, E, 4, 75, 137, 268, 565, M18, 1N"},"geometry":{"type":"LineString","coordinates":[[18.994437,50.102732],[18.995136,50.103201]]}},{"type":"Feature","properties":{"mode":"bus","n":10,"arr":["B","E","G","4","75","137","268","565","M18","1N"],"lines":"B, E, G, 4, 75, 137, 268, 565, M18, 1N"},"geometry":{"type":"LineString","coordinates":[[18.991869,50.09912],[18.992496,50.100202],[18.993329,50.101548],[18.99396,50.102302],[18.994437,50.102732]]}},{"type":"Feature","properties":{"mode":"bus","n":16,"arr":["B","E","G","4","21","75","137","273","274","536","565","627","686","M10","M108","1N"],"lines":"B, E, G, 4, 21, 75, 137, 273, 274, 536, 565, 627, 686, M10, M108, 1N"},"geometry":{"type":"LineString","coordinates":[[18.995994,50.104162],[18.998625,50.106502]]}},{"type":"Feature","properties":{"mode":"bus","n":19,"arr":["B","H","1","4","21","75","137","157","254","273","274","514","536","565","627","686","M10","M108","1N"],"lines":"B, H, 1, 4, 21, 75, 137, 157, 254, 273, 274, 514, 536, 565, 627, 686, M10, M108, 1N"},"geometry":{"type":"LineString","coordinates":[[19.00297,50.111111],[19.003082,50.111235]]}},{"type":"Feature","properties":{"mode":"bus","n":14,"arr":["B","H","1","2","31","157","254","262","274","514","531","M10","M15","M108"],"lines":"B, H, 1, 2, 31, 157, 254, 262, 274, 514, 531, M10, M15, M108"},"geometry":{"type":"LineString","coordinates":[[19.003082,50.111235],[19.003885,50.112125],[19.004961,50.113541]]}},{"type":"Feature","properties":{"mode":"bus","n":13,"arr":["B","H","1","2","31","157","254","262","274","531","M10","M15","M108"],"lines":"B, H, 1, 2, 31, 157, 254, 262, 274, 531, M10, M15, M108"},"geometry":{"type":"LineString","coordinates":[[19.004961,50.113541],[19.005651,50.114473]]}},{"type":"Feature","properties":{"mode":"bus","n":9,"arr":["B","E","G","21","75","262","273","536","696"],"lines":"B, E, G, 21, 75, 262, 273, 536, 696"},"geometry":{"type":"LineString","coordinates":[[18.994312,50.119474],[18.993156,50.1201],[18.992741,50.120363],[18.990624,50.122042],[18.990128,50.122398],[18.989886,50.122537],[18.989352,50.122818],[18.988922,50.123008],[18.987023,50.123632]]}},{"type":"Feature","properties":{"mode":"bus","n":12,"arr":["B","E","G","1","21","75","262","273","536","565","696","1N"],"lines":"B, E, G, 1, 21, 75, 262, 273, 536, 565, 696, 1N"},"geometry":{"type":"LineString","coordinates":[[18.986823,50.1237],[18.987023,50.123632]]}},{"type":"Feature","properties":{"mode":"bus","n":12,"arr":["B","E","G","1","75","262","536","565","627","688","788","1N"],"lines":"B, E, G, 1, 75, 262, 536, 565, 627, 688, 788, 1N"},"geometry":{"type":"LineString","coordinates":[[18.986823,50.1237],[18.986054,50.123889],[18.985766,50.123912],[18.983869,50.124291],[18.983341,50.124441],[18.981248,50.125156]]}},{"type":"Feature","properties":{"mode":"bus","n":10,"arr":["B","E","G","4","75","268","565","696","M18","1N"],"lines":"B, E, G, 4, 75, 268, 565, 696, M18, 1N"},"geometry":{"type":"LineString","coordinates":[[19.003978,50.086618],[19.005093,50.086525]]}},{"type":"Feature","properties":{"mode":"bus","n":8,"arr":["E","4","75","268","565","696","M18","1N"],"lines":"E, 4, 75, 268, 565, 696, M18, 1N"},"geometry":{"type":"LineString","coordinates":[[19.005093,50.086525],[19.005209,50.086518]]}},{"type":"Feature","properties":{"mode":"bus","n":12,"arr":["E","H","1","31","157","254","531","688","696","788","M15","1N"],"lines":"E, H, 1, 31, 157, 254, 531, 688, 696, 788, M15, 1N"},"geometry":{"type":"LineString","coordinates":[[18.986557,50.11301],[18.986609,50.112973]]}},{"type":"Feature","properties":{"mode":"bus","n":13,"arr":["E","G","H","1","2","31","137","157","531","627","696","M15","1N"],"lines":"E, G, H, 1, 2, 31, 137, 157, 531, 627, 696, M15, 1N"},"geometry":{"type":"LineString","coordinates":[[18.986835,50.113462],[18.98651,50.113215],[18.986351,50.11315]]}},{"type":"Feature","properties":{"mode":"bus","n":16,"arr":["E","G","H","1","2","31","137","157","254","531","627","688","696","788","M15","1N"],"lines":"E, G, H, 1, 2, 31, 137, 157, 254, 531, 627, 688, 696, 788, M15, 1N"},"geometry":{"type":"LineString","coordinates":[[18.987374,50.113944],[18.986835,50.113462]]}},{"type":"Feature","properties":{"mode":"bus","n":16,"arr":["E","G","H","1","2","31","137","157","254","531","627","688","696","788","M15","1N"],"lines":"E, G, H, 1, 2, 31, 137, 157, 254, 531, 627, 688, 696, 788, M15, 1N"},"geometry":{"type":"LineString","coordinates":[[18.989468,50.11576],[18.987603,50.114149]]}},{"type":"Feature","properties":{"mode":"bus","n":15,"arr":["E","G","H","1","2","31","137","157","254","531","627","688","696","M15","1N"],"lines":"E, G, H, 1, 2, 31, 137, 157, 254, 531, 627, 688, 696, M15, 1N"},"geometry":{"type":"LineString","coordinates":[[18.987603,50.114149],[18.987374,50.113944]]}},{"type":"Feature","properties":{"mode":"bus","n":17,"arr":["E","G","H","1","2","31","137","157","254","514","531","627","688","696","788","M15","1N"],"lines":"E, G, H, 1, 2, 31, 137, 157, 254, 514, 531, 627, 688, 696, 788, M15, 1N"},"geometry":{"type":"LineString","coordinates":[[18.990639,50.116791],[18.989468,50.11576]]}},{"type":"Feature","properties":{"mode":"bus","n":21,"arr":["E","G","H","1","2","21","31","75","137","157","262","273","514","531","536","627","688","696","788","M15","1N"],"lines":"E, G, H, 1, 2, 21, 31, 75, 137, 157, 262, 273, 514, 531, 536, 627, 688, 696, 788, M15, 1N"},"geometry":{"type":"LineString","coordinates":[[18.990639,50.116791],[18.990783,50.116906]]}},{"type":"Feature","properties":{"mode":"bus","n":8,"arr":["E","G","21","75","262","273","536","696"],"lines":"E, G, 21, 75, 262, 273, 536, 696"},"geometry":{"type":"LineString","coordinates":[[18.990783,50.116906],[18.994312,50.119474]]}},{"type":"Feature","properties":{"mode":"bus","n":6,"arr":["E","H","157","254","696","M10"],"lines":"E, H, 157, 254, 696, M10"},"geometry":{"type":"LineString","coordinates":[[18.977564,50.103952],[18.976837,50.104164],[18.976397,50.104333]]}},{"type":"Feature","properties":{"mode":"bus","n":6,"arr":["G","H","157","254","696","M10"],"lines":"G, H, 157, 254, 696, M10"},"geometry":{"type":"LineString","coordinates":[[18.977198,50.104293],[18.977696,50.104144]]}},{"type":"Feature","properties":{"mode":"bus","n":5,"arr":["G","H","157","696","M10"],"lines":"G, H, 157, 696, M10"},"geometry":{"type":"LineString","coordinates":[[18.976544,50.104491],[18.977198,50.104293]]}},{"type":"Feature","properties":{"mode":"bus","n":6,"arr":["G","1","2","31","M18","1N"],"lines":"G, 1, 2, 31, M18, 1N"},"geometry":{"type":"LineString","coordinates":[[18.970007,50.111309],[18.970065,50.111133]]}},{"type":"Feature","properties":{"mode":"bus","n":9,"arr":["H","1","2","31","157","531","696","M15","1N"],"lines":"H, 1, 2, 31, 157, 531, 696, M15, 1N"},"geometry":{"type":"LineString","coordinates":[[18.986146,50.112909],[18.985837,50.112552]]}},{"type":"Feature","properties":{"mode":"bus","n":9,"arr":["H","1","2","31","157","531","696","M15","1N"],"lines":"H, 1, 2, 31, 157, 531, 696, M15, 1N"},"geometry":{"type":"LineString","coordinates":[[18.983065,50.110112],[18.982732,50.109886],[18.982328,50.109555],[18.982109,50.10944]]}},{"type":"Feature","properties":{"mode":"bus","n":10,"arr":["H","1","31","157","262","274","531","M10","M15","M108"],"lines":"H, 1, 31, 157, 262, 274, 531, M10, M15, M108"},"geometry":{"type":"LineString","coordinates":[[19.010807,50.11432],[19.007536,50.114245],[19.007047,50.114254],[19.006638,50.114284],[19.006257,50.11434],[19.005651,50.114473]]}},{"type":"Feature","properties":{"mode":"bus","n":8,"arr":["H","1","31","157","262","274","531","M108"],"lines":"H, 1, 31, 157, 262, 274, 531, M108"},"geometry":{"type":"LineString","coordinates":[[19.010893,50.114293],[19.010807,50.11432]]}},{"type":"Feature","properties":{"mode":"bus","n":5,"arr":["H","1","157","274","M108"],"lines":"H, 1, 157, 274, M108"},"geometry":{"type":"LineString","coordinates":[[19.00818,50.110117],[19.009218,50.111108],[19.00981,50.11152],[19.010222,50.111939],[19.01058,50.112388],[19.010723,50.112614],[19.010934,50.113062],[19.011073,50.113577],[19.011124,50.113964],[19.011058,50.114167],[19.010991,50.114242],[19.010893,50.114293]]}},{"type":"Feature","properties":{"mode":"bus","n":19,"arr":["H","1","2","4","21","31","75","137","157","262","273","514","531","536","565","627","686","M15","1N"],"lines":"H, 1, 2, 4, 21, 31, 75, 137, 157, 262, 273, 514, 531, 536, 565, 627, 686, M15, 1N"},"geometry":{"type":"LineString","coordinates":[[19.003082,50.111235],[19.00182,50.111698],[19.001403,50.111873],[18.99762,50.11354],[18.995138,50.114733],[18.990783,50.116906]]}},{"type":"Feature","properties":{"mode":"bus","n":12,"arr":["H","1","2","31","157","254","531","688","696","788","M15","1N"],"lines":"H, 1, 2, 31, 157, 254, 531, 688, 696, 788, M15, 1N"},"geometry":{"type":"LineString","coordinates":[[18.985837,50.112552],[18.983065,50.110112]]}},{"type":"Feature","properties":{"mode":"bus","n":5,"arr":["H","157","254","696","M10"],"lines":"H, 157, 254, 696, M10"},"geometry":{"type":"LineString","coordinates":[[18.982136,50.109104],[18.981663,50.108743],[18.981235,50.108478],[18.980799,50.108233],[18.980037,50.107869],[18.97966,50.107722],[18.979422,50.107574],[18.97903,50.107271],[18.978442,50.106707],[18.97794,50.106108],[18.977621,50.105619],[18.977244,50.104869]]}},{"type":"Feature","properties":{"mode":"bus","n":11,"arr":["H","1","31","157","254","531","688","696","788","M15","1N"],"lines":"H, 1, 31, 157, 254, 531, 688, 696, 788, M15, 1N"},"geometry":{"type":"LineString","coordinates":[[18.983065,50.110112],[18.982415,50.109388],[18.982386,50.109308]]}},{"type":"Feature","properties":{"mode":"bus","n":11,"arr":["H","1","31","157","254","531","688","696","788","M15","1N"],"lines":"H, 1, 31, 157, 254, 531, 688, 696, 788, M15, 1N"},"geometry":{"type":"LineString","coordinates":[[18.986257,50.112852],[18.985837,50.112552]]}},{"type":"Feature","properties":{"mode":"bus","n":12,"arr":["H","1","31","157","254","531","627","688","696","788","M15","1N"],"lines":"H, 1, 31, 157, 254, 531, 627, 688, 696, 788, M15, 1N"},"geometry":{"type":"LineString","coordinates":[[18.986351,50.112883],[18.986257,50.112852]]}},{"type":"Feature","properties":{"mode":"bus","n":12,"arr":["H","1","31","157","254","531","627","688","696","788","M15","1N"],"lines":"H, 1, 31, 157, 254, 531, 627, 688, 696, 788, M15, 1N"},"geometry":{"type":"LineString","coordinates":[[18.986835,50.113462],[18.986716,50.113292],[18.986571,50.113156],[18.986545,50.113062]]}},{"type":"Feature","properties":{"mode":"bus","n":19,"arr":["H","1","4","21","31","75","137","157","254","262","273","514","531","536","565","627","686","M15","1N"],"lines":"H, 1, 4, 21, 31, 75, 137, 157, 254, 262, 273, 514, 531, 536, 565, 627, 686, M15, 1N"},"geometry":{"type":"LineString","coordinates":[[19.00297,50.111111],[19.001688,50.11158],[18.997061,50.113583],[18.990639,50.116791]]}},{"type":"Feature","properties":{"mode":"bus","n":9,"arr":["0","50","72","74","91","190","222","662","663"],"lines":"0, 50, 72, 74, 91, 190, 222, 662, 663"},"geometry":{"type":"LineString","coordinates":[[19.0324,50.301949],[19.032362,50.302008],[19.03212,50.3022],[19.031634,50.302459],[19.029584,50.303542],[19.027658,50.304465],[19.027358,50.30459],[19.026789,50.304765],[19.026519,50.304873],[19.026327,50.304853],[19.026202,50.304784]]}},{"type":"Feature","properties":{"mode":"bus","n":12,"arr":["0","5","27","43","50","96","190","196","222","662","M25","M28"],"lines":"0, 5, 27, 43, 50, 96, 190, 196, 222, 662, M25, M28"},"geometry":{"type":"LineString","coordinates":[[19.027467,50.299737],[19.027302,50.300063],[19.027167,50.300554],[19.026414,50.304056],[19.026202,50.304784]]}},{"type":"Feature","properties":{"mode":"bus","n":5,"arr":["0","22","50","96","196"],"lines":"0, 22, 50, 96, 196"},"geometry":{"type":"LineString","coordinates":[[19.019267,50.301544],[19.009552,50.302223]]}},{"type":"Feature","properties":{"mode":"bus","n":6,"arr":["0","30","50","110","222","30N"],"lines":"0, 30, 50, 110, 222, 30N"},"geometry":{"type":"LineString","coordinates":[[19.00477,50.30365],[19.004997,50.303447],[19.005779,50.302904],[19.006473,50.302517],[19.006754,50.302302],[19.006942,50.302253],[19.008663,50.302258],[19.009552,50.302223]]}},{"type":"Feature","properties":{"mode":"bus","n":7,"arr":["0","50","190","222","663","664","30N"],"lines":"0, 50, 190, 222, 663, 664, 30N"},"geometry":{"type":"LineString","coordinates":[[19.00005,50.303563],[19.000298,50.303445],[19.000668,50.303348],[19.001501,50.303343],[19.002039,50.303271],[19.002638,50.303085],[19.003229,50.302811]]}},{"type":"Feature","properties":{"mode":"bus","n":5,"arr":["0","50","190","222","30N"],"lines":"0, 50, 190, 222, 30N"},"geometry":{"type":"LineString","coordinates":[[18.999707,50.3033],[18.999947,50.303394]]}},{"type":"Feature","properties":{"mode":"bus","n":8,"arr":["0","50","190","222","296","663","664","30N"],"lines":"0, 50, 190, 222, 296, 663, 664, 30N"},"geometry":{"type":"LineString","coordinates":[[18.999824,50.303607],[18.999843,50.303478],[18.999707,50.3033],[18.999494,50.303152],[18.999144,50.302839],[18.998934,50.302493],[18.998883,50.302361],[18.998844,50.301903],[18.99888,50.301767],[18.999013,50.30158],[18.99918,50.301408],[18.999617,50.301164],[19.001639,50.300388],[19.00195,50.30034],[19.002876,50.300438]]}},{"type":"Feature","properties":{"mode":"bus","n":11,"arr":["0","30","50","110","190","222","296","663","664","M11","30N"],"lines":"0, 30, 50, 110, 190, 222, 296, 663, 664, M11, 30N"},"geometry":{"type":"LineString","coordinates":[[19.004486,50.295463],[19.004064,50.296928],[19.003929,50.297297],[19.003873,50.297612],[19.003265,50.29908],[19.002949,50.300039],[19.002876,50.300438]]}},{"type":"Feature","properties":{"mode":"bus","n":8,"arr":["0","30","50","109","193","296","M11","30N"],"lines":"0, 30, 50, 109, 193, 296, M11, 30N"},"geometry":{"type":"LineString","coordinates":[[19.019336,50.27151],[19.019933,50.27261],[19.020559,50.27292],[19.022023,50.274565],[19.022172,50.274839],[19.02228,50.275188],[19.022242,50.275463],[19.022236,50.275478],[19.022225,50.275488],[19.022207,50.275491],[19.022183,50.275489],[19.021117,50.275293],[19.020887,50.275264],[19.020688,50.275274],[19.019195,50.2756],[19.01891,50.275682],[19.018472,50.27585],[19.017047,50.276255]]}},{"type":"Feature","properties":{"mode":"bus","n":6,"arr":["0","30","50","193","296","30N"],"lines":"0, 30, 50, 193, 296, 30N"},"geometry":{"type":"LineString","coordinates":[[19.018666,50.271687],[19.019336,50.27151]]}},{"type":"Feature","properties":{"mode":"bus","n":5,"arr":["0","30","50","296","30N"],"lines":"0, 30, 50, 296, 30N"},"geometry":{"type":"LineString","coordinates":[[19.020493,50.268284],[19.018002,50.268799],[19.017838,50.268964],[19.017684,50.269192],[19.017632,50.269468],[19.017975,50.270416],[19.018666,50.271687]]}},{"type":"Feature","properties":{"mode":"bus","n":19,"arr":["0","5","11","27","30","43","50","61","70","177","296","600","657","911","M11","M25","M28","30N","911N"],"lines":"0, 5, 11, 27, 30, 43, 50, 61, 70, 177, 296, 600, 657, 911, M11, M25, M28, 30N, 911N"},"geometry":{"type":"LineString","coordinates":[[19.01892,50.265654],[19.019363,50.26641],[19.019569,50.266632],[19.020493,50.268284]]}},{"type":"Feature","properties":{"mode":"bus","n":22,"arr":["0","5","11","27","43","50","61","70","149","154","177","296","600","657","911","AP","M11","M25","M28","30N","76N","911N"],"lines":"0, 5, 11, 27, 43, 50, 61, 70, 149, 154, 177, 296, 600, 657, 911, AP, M11, M25, M28, 30N, 76N, 911N"},"geometry":{"type":"LineString","coordinates":[[19.018701,50.265275],[19.01892,50.265654]]}},{"type":"Feature","properties":{"mode":"bus","n":29,"arr":["0","5","7","11","23","27","43","50","61","70","110","149","154","177","193","296","600","657","674","911","AP","M11","M25","M28","7N","30N","76N","840N","911N"],"lines":"0, 5, 7, 11, 23, 27, 43, 50, 61, 70, 110, 149, 154, 177, 193, 296, 600, 657, 674, 911, AP, M11, M25, M28, 7N, 30N, 76N, 840N, 911N"},"geometry":{"type":"LineString","coordinates":[[19.017639,50.2638],[19.018144,50.264296],[19.018701,50.265275]]}},{"type":"Feature","properties":{"mode":"bus","n":48,"arr":["0","5","6","7","11","23","27","30","40","43","50","61","70","110","149","154","177","193","296","600","601","657","673","674","807","808","814","835","840","911","930","AP","M1","M2","M3","M4","M11","M23","M24","M25","M28","M101","1N","7N","30N","76N","840N","911N"],"lines":"0, 5, 6, 7, 11, 23, 27, 30, 40, 43, 50, 61, 70, 110, 149, 154, 177, 193, 296, 600, 601, 657, 673, 674, 807, 808, 814, 835, 840, 911, 930, AP, M1, M2, M3, M4, M11, M23, M24, M25, M28, M101, 1N, 7N, 30N, 76N, 840N, 911N"},"geometry":{"type":"LineString","coordinates":[[19.016451,50.262769],[19.016935,50.263224],[19.017639,50.2638]]}},{"type":"Feature","properties":{"mode":"bus","n":39,"arr":["0","5","6","7","11","23","27","30","43","50","61","70","110","149","154","177","193","296","600","601","657","673","674","840","911","930","AP","M1","M11","M24","M25","M28","M101","1N","7N","30N","76N","840N","911N"],"lines":"0, 5, 6, 7, 11, 23, 27, 30, 43, 50, 61, 70, 110, 149, 154, 177, 193, 296, 600, 601, 657, 673, 674, 840, 911, 930, AP, M1, M11, M24, M25, M28, M101, 1N, 7N, 30N, 76N, 840N, 911N"},"geometry":{"type":"LineString","coordinates":[[19.01587,50.262241],[19.016451,50.262769]]}},{"type":"Feature","properties":{"mode":"bus","n":34,"arr":["0","5","7","11","23","27","43","50","61","70","110","154","177","193","296","297","600","601","657","674","910","911","930","AP","M11","M25","M28","M101","1N","7N","30N","76N","840N","911N"],"lines":"0, 5, 7, 11, 23, 27, 43, 50, 61, 70, 110, 154, 177, 193, 296, 297, 600, 601, 657, 674, 910, 911, 930, AP, M11, M25, M28, M101, 1N, 7N, 30N, 76N, 840N, 911N"},"geometry":{"type":"LineString","coordinates":[[19.013978,50.260401],[19.015375,50.261732],[19.01587,50.262241]]}},{"type":"Feature","properties":{"mode":"bus","n":19,"arr":["0","11","27","50","61","110","154","177","193","296","297","600","657","674","910","930","M11","M25","M28"],"lines":"0, 11, 27, 50, 61, 110, 154, 177, 193, 296, 297, 600, 657, 674, 910, 930, M11, M25, M28"},"geometry":{"type":"LineString","coordinates":[[19.011189,50.25905],[19.011151,50.259137],[19.011147,50.259171],[19.011164,50.259203],[19.01122,50.259264],[19.012198,50.259582],[19.012252,50.259638],[19.01225,50.259699]]}},{"type":"Feature","properties":{"mode":"bus","n":33,"arr":["0","9","10","11","12","27","45","48","50","61","110","154","177","193","296","297","600","601","657","672","674","910","930","AP","M10","M11","M12","M22","M25","M28","M101","Z210","657N"],"lines":"0, 9, 10, 11, 12, 27, 45, 48, 50, 61, 110, 154, 177, 193, 296, 297, 600, 601, 657, 672, 674, 910, 930, AP, M10, M11, M12, M22, M25, M28, M101, Z210, 657N"},"geometry":{"type":"LineString","coordinates":[[19.011189,50.25905],[19.011771,50.258684]]}},{"type":"Feature","properties":{"mode":"bus","n":30,"arr":["0","9","10","11","12","45","48","50","61","110","154","177","193","296","297","600","601","657","672","674","910","930","AP","M10","M12","M22","M28","M101","Z210","657N"],"lines":"0, 9, 10, 11, 12, 45, 48, 50, 61, 110, 154, 177, 193, 296, 297, 600, 601, 657, 672, 674, 910, 930, AP, M10, M12, M22, M28, M101, Z210, 657N"},"geometry":{"type":"LineString","coordinates":[[19.011771,50.258684],[19.012296,50.258323],[19.013804,50.258259],[19.014093,50.258212]]}},{"type":"Feature","properties":{"mode":"bus","n":39,"arr":["0","9","10","12","37","46","48","50","61","110","115","193","297","600","601","632","672","674","689","910","911","930","AP","M10","M12","M22","M28","M101","Z210","1N","7N","30N","76N","130N","297N","657N","840N","905N","911N"],"lines":"0, 9, 10, 12, 37, 46, 48, 50, 61, 110, 115, 193, 297, 600, 601, 632, 672, 674, 689, 910, 911, 930, AP, M10, M12, M22, M28, M101, Z210, 1N, 7N, 30N, 76N, 130N, 297N, 657N, 840N, 905N, 911N"},"geometry":{"type":"LineString","coordinates":[[19.014093,50.258212],[19.014168,50.258256],[19.014226,50.258261],[19.015258,50.258288],[19.015518,50.258259]]}},{"type":"Feature","properties":{"mode":"bus","n":41,"arr":["0","9","10","12","37","46","48","50","61","110","115","149","193","297","600","601","632","672","674","689","910","911","930","AP","M10","M12","M22","M28","M101","Z210","1N","7N","30N","76N","130N","297N","657N","672N","840N","905N","911N"],"lines":"0, 9, 10, 12, 37, 46, 48, 50, 61, 110, 115, 149, 193, 297, 600, 601, 632, 672, 674, 689, 910, 911, 930, AP, M10, M12, M22, M28, M101, Z210, 1N, 7N, 30N, 76N, 130N, 297N, 657N, 672N, 840N, 905N, 911N"},"geometry":{"type":"LineString","coordinates":[[19.015758,50.258297],[19.015518,50.258259]]}},{"type":"Feature","properties":{"mode":"bus","n":41,"arr":["0","9","10","12","37","46","48","50","61","110","115","149","193","297","600","601","632","672","674","689","910","911","930","AP","M10","M12","M22","M28","M101","Z210","1N","7N","30N","76N","130N","297N","657N","672N","840N","905N","911N"],"lines":"0, 9, 10, 12, 37, 46, 48, 50, 61, 110, 115, 149, 193, 297, 600, 601, 632, 672, 674, 689, 910, 911, 930, AP, M10, M12, M22, M28, M101, Z210, 1N, 7N, 30N, 76N, 130N, 297N, 657N, 672N, 840N, 905N, 911N"},"geometry":{"type":"LineString","coordinates":[[19.017804,50.258303],[19.016695,50.258391]]}},{"type":"Feature","properties":{"mode":"bus","n":39,"arr":["0","9","10","12","37","46","48","50","61","110","149","193","297","600","601","632","672","674","689","910","911","930","AP","M10","M12","M22","M28","M101","Z210","1N","7N","30N","76N","297N","657N","672N","840N","905N","911N"],"lines":"0, 9, 10, 12, 37, 46, 48, 50, 61, 110, 149, 193, 297, 600, 601, 632, 672, 674, 689, 910, 911, 930, AP, M10, M12, M22, M28, M101, Z210, 1N, 7N, 30N, 76N, 297N, 657N, 672N, 840N, 905N, 911N"},"geometry":{"type":"LineString","coordinates":[[19.016444,50.258334],[19.016235,50.258285],[19.015758,50.258297]]}},{"type":"Feature","properties":{"mode":"bus","n":32,"arr":["0","9","10","12","37","48","50","61","110","149","193","297","601","632","672","674","689","910","911","930","AP","M10","M12","M22","M28","M101","Z210","1N","76N","297N","657N","911N"],"lines":"0, 9, 10, 12, 37, 48, 50, 61, 110, 149, 193, 297, 601, 632, 672, 674, 689, 910, 911, 930, AP, M10, M12, M22, M28, M101, Z210, 1N, 76N, 297N, 657N, 911N"},"geometry":{"type":"LineString","coordinates":[[19.016695,50.258391],[19.016444,50.258334]]}},{"type":"Feature","properties":{"mode":"bus","n":39,"arr":["0","9","10","12","37","46","48","50","61","110","115","149","193","297","600","601","632","672","674","689","910","911","AP","M10","M12","M22","M28","M101","Z210","7N","30N","76N","130N","297N","657N","672N","840N","905N","911N"],"lines":"0, 9, 10, 12, 37, 46, 48, 50, 61, 110, 115, 149, 193, 297, 600, 601, 632, 672, 674, 689, 910, 911, AP, M10, M12, M22, M28, M101, Z210, 7N, 30N, 76N, 130N, 297N, 657N, 672N, 840N, 905N, 911N"},"geometry":{"type":"LineString","coordinates":[[19.018126,50.258277],[19.017804,50.258303]]}},{"type":"Feature","properties":{"mode":"bus","n":38,"arr":["0","9","10","12","37","46","48","50","61","110","115","193","297","600","601","632","672","674","689","910","911","AP","M10","M12","M13","M22","M28","M101","Z210","7N","30N","130N","297N","657N","672N","840N","905N","911N"],"lines":"0, 9, 10, 12, 37, 46, 48, 50, 61, 110, 115, 193, 297, 600, 601, 632, 672, 674, 689, 910, 911, AP, M10, M12, M13, M22, M28, M101, Z210, 7N, 30N, 130N, 297N, 657N, 672N, 840N, 905N, 911N"},"geometry":{"type":"LineString","coordinates":[[19.018595,50.258239],[19.018126,50.258277]]}},{"type":"Feature","properties":{"mode":"bus","n":21,"arr":["0","9","10","37","50","61","297","601","632","689","911","AP","M10","M12","M28","M101","7N","30N","657N","840N","911N"],"lines":"0, 9, 10, 37, 50, 61, 297, 601, 632, 689, 911, AP, M10, M12, M28, M101, 7N, 30N, 657N, 840N, 911N"},"geometry":{"type":"LineString","coordinates":[[19.020495,50.257592],[19.020262,50.257688],[19.019871,50.257804],[19.019338,50.258094],[19.018805,50.258278],[19.01876,50.258308],[19.01875,50.258313],[19.018741,50.258314],[19.018733,50.258311],[19.018727,50.258303],[19.018718,50.258287],[19.018702,50.25827],[19.018677,50.258259],[19.018595,50.258239]]}},{"type":"Feature","properties":{"mode":"bus","n":39,"arr":["0","9","10","12","37","46","48","50","61","110","115","193","297","600","601","632","672","674","689","910","911","AP","M10","M12","M13","M22","M28","M101","Z210","1N","7N","30N","130N","297N","657N","672N","840N","905N","911N"],"lines":"0, 9, 10, 12, 37, 46, 48, 50, 61, 110, 115, 193, 297, 600, 601, 632, 672, 674, 689, 910, 911, AP, M10, M12, M13, M22, M28, M101, Z210, 1N, 7N, 30N, 130N, 297N, 657N, 672N, 840N, 905N, 911N"},"geometry":{"type":"LineString","coordinates":[[19.020047,50.257677],[19.020495,50.257592]]}},{"type":"Feature","properties":{"mode":"bus","n":33,"arr":["0","9","10","12","37","48","50","61","110","193","297","600","601","632","672","674","689","911","AP","M10","M12","M13","M22","M28","M101","Z210","1N","7N","30N","657N","672N","840N","911N"],"lines":"0, 9, 10, 12, 37, 48, 50, 61, 110, 193, 297, 600, 601, 632, 672, 674, 689, 911, AP, M10, M12, M13, M22, M28, M101, Z210, 1N, 7N, 30N, 657N, 672N, 840N, 911N"},"geometry":{"type":"LineString","coordinates":[[19.018943,50.258016],[19.019192,50.257969],[19.020047,50.257677]]}},{"type":"Feature","properties":{"mode":"bus","n":34,"arr":["0","9","10","12","37","48","50","61","110","193","297","600","601","632","672","674","689","911","AP","M10","M12","M13","M22","M28","M101","Z210","1N","7N","30N","76N","657N","672N","840N","911N"],"lines":"0, 9, 10, 12, 37, 48, 50, 61, 110, 193, 297, 600, 601, 632, 672, 674, 689, 911, AP, M10, M12, M13, M22, M28, M101, Z210, 1N, 7N, 30N, 76N, 657N, 672N, 840N, 911N"},"geometry":{"type":"LineString","coordinates":[[19.01806,50.258121],[19.018943,50.258016]]}},{"type":"Feature","properties":{"mode":"bus","n":35,"arr":["0","9","10","12","37","48","50","61","110","193","297","600","601","632","672","674","689","911","930","AP","M10","M12","M13","M22","M28","M101","Z210","1N","7N","30N","76N","657N","672N","840N","911N"],"lines":"0, 9, 10, 12, 37, 48, 50, 61, 110, 193, 297, 600, 601, 632, 672, 674, 689, 911, 930, AP, M10, M12, M13, M22, M28, M101, Z210, 1N, 7N, 30N, 76N, 657N, 672N, 840N, 911N"},"geometry":{"type":"LineString","coordinates":[[19.018072,50.258058],[19.017955,50.258104],[19.017941,50.258111],[19.017935,50.258116],[19.017937,50.258119],[19.017946,50.258121],[19.017963,50.258122],[19.01806,50.258121]]}},{"type":"Feature","properties":{"mode":"bus","n":34,"arr":["0","9","10","37","48","50","61","110","193","297","600","601","632","672","674","689","911","930","AP","M10","M12","M13","M22","M28","M101","Z210","1N","7N","30N","76N","657N","672N","840N","911N"],"lines":"0, 9, 10, 37, 48, 50, 61, 110, 193, 297, 600, 601, 632, 672, 674, 689, 911, 930, AP, M10, M12, M13, M22, M28, M101, Z210, 1N, 7N, 30N, 76N, 657N, 672N, 840N, 911N"},"geometry":{"type":"LineString","coordinates":[[19.018105,50.258051],[19.018072,50.258058]]}},{"type":"Feature","properties":{"mode":"bus","n":30,"arr":["0","9","10","37","50","61","110","193","600","601","632","672","689","911","930","AP","M10","M12","M13","M22","M28","M101","Z210","1N","7N","30N","76N","657N","840N","911N"],"lines":"0, 9, 10, 37, 50, 61, 110, 193, 600, 601, 632, 672, 689, 911, 930, AP, M10, M12, M13, M22, M28, M101, Z210, 1N, 7N, 30N, 76N, 657N, 840N, 911N"},"geometry":{"type":"LineString","coordinates":[[19.018293,50.258037],[19.018105,50.258051]]}},{"type":"Feature","properties":{"mode":"bus","n":34,"arr":["0","9","10","12","37","48","50","61","110","193","297","600","601","632","672","674","689","911","930","AP","M10","M12","M22","M28","M101","Z210","1N","7N","30N","76N","657N","672N","840N","911N"],"lines":"0, 9, 10, 12, 37, 48, 50, 61, 110, 193, 297, 600, 601, 632, 672, 674, 689, 911, 930, AP, M10, M12, M22, M28, M101, Z210, 1N, 7N, 30N, 76N, 657N, 672N, 840N, 911N"},"geometry":{"type":"LineString","coordinates":[[19.017911,50.258122],[19.016818,50.258213],[19.015518,50.258259]]}},{"type":"Feature","properties":{"mode":"bus","n":12,"arr":["9","37","48","297","600","672","689","930","M10","1N","7N","840N"],"lines":"9, 37, 48, 297, 600, 672, 689, 930, M10, 1N, 7N, 840N"},"geometry":{"type":"LineString","coordinates":[[19.016814,50.258169],[19.016852,50.258173]]}},{"type":"Feature","properties":{"mode":"bus","n":20,"arr":["9","10","37","48","110","193","297","600","601","672","689","930","M10","M12","M22","M101","Z210","1N","7N","840N"],"lines":"9, 10, 37, 48, 110, 193, 297, 600, 601, 672, 689, 930, M10, M12, M22, M101, Z210, 1N, 7N, 840N"},"geometry":{"type":"LineString","coordinates":[[19.016852,50.258173],[19.016885,50.258182]]}},{"type":"Feature","properties":{"mode":"bus","n":26,"arr":["9","10","37","48","61","110","193","297","600","601","632","672","689","911","930","M10","M12","M22","M101","Z210","1N","7N","76N","657N","840N","911N"],"lines":"9, 10, 37, 48, 61, 110, 193, 297, 600, 601, 632, 672, 689, 911, 930, M10, M12, M22, M101, Z210, 1N, 7N, 76N, 657N, 840N, 911N"},"geometry":{"type":"LineString","coordinates":[[19.016885,50.258182],[19.016907,50.258188]]}},{"type":"Feature","properties":{"mode":"bus","n":31,"arr":["0","9","10","37","48","50","61","110","193","297","600","601","632","672","689","911","930","AP","M10","M12","M22","M28","M101","Z210","1N","7N","30N","76N","657N","840N","911N"],"lines":"0, 9, 10, 37, 48, 50, 61, 110, 193, 297, 600, 601, 632, 672, 689, 911, 930, AP, M10, M12, M22, M28, M101, Z210, 1N, 7N, 30N, 76N, 657N, 840N, 911N"},"geometry":{"type":"LineString","coordinates":[[19.016907,50.258188],[19.016979,50.258201]]}},{"type":"Feature","properties":{"mode":"bus","n":23,"arr":["0","11","50","61","110","177","193","296","600","601","657","674","911","930","AP","M28","M101","1N","7N","30N","76N","840N","911N"],"lines":"0, 11, 50, 61, 110, 177, 193, 296, 600, 601, 657, 674, 911, 930, AP, M28, M101, 1N, 7N, 30N, 76N, 840N, 911N"},"geometry":{"type":"LineString","coordinates":[[19.014093,50.258212],[19.014154,50.25885],[19.013935,50.259347],[19.013959,50.259456],[19.01405,50.259572]]}},{"type":"Feature","properties":{"mode":"bus","n":46,"arr":["0","5","6","7","11","23","27","30","40","43","50","61","70","110","177","193","296","600","601","657","673","674","807","808","814","835","840","911","930","AP","M1","M2","M3","M4","M11","M23","M24","M25","M28","M101","1N","7N","30N","76N","840N","911N"],"lines":"0, 5, 6, 7, 11, 23, 27, 30, 40, 43, 50, 61, 70, 110, 177, 193, 296, 600, 601, 657, 673, 674, 807, 808, 814, 835, 840, 911, 930, AP, M1, M2, M3, M4, M11, M23, M24, M25, M28, M101, 1N, 7N, 30N, 76N, 840N, 911N"},"geometry":{"type":"LineString","coordinates":[[19.018876,50.265229],[19.018512,50.264598],[19.018308,50.264329],[19.017993,50.26404],[19.017639,50.2638]]}},{"type":"Feature","properties":{"mode":"bus","n":31,"arr":["0","5","6","7","11","23","27","30","43","50","61","70","110","177","193","296","600","657","673","674","840","911","M1","M3","M11","M24","M25","7N","30N","840N","911N"],"lines":"0, 5, 6, 7, 11, 23, 27, 30, 43, 50, 61, 70, 110, 177, 193, 296, 600, 657, 673, 674, 840, 911, M1, M3, M11, M24, M25, 7N, 30N, 840N, 911N"},"geometry":{"type":"LineString","coordinates":[[19.018876,50.265229],[19.019089,50.265596]]}},{"type":"Feature","properties":{"mode":"bus","n":15,"arr":["0","5","11","27","43","50","61","70","177","600","657","911","M25","30N","911N"],"lines":"0, 5, 11, 27, 43, 50, 61, 70, 177, 600, 657, 911, M25, 30N, 911N"},"geometry":{"type":"LineString","coordinates":[[19.021105,50.271009],[19.021237,50.271016]]}},{"type":"Feature","properties":{"mode":"bus","n":12,"arr":["5","11","27","43","61","70","177","600","657","911","M25","911N"],"lines":"5, 11, 27, 43, 61, 70, 177, 600, 657, 911, M25, 911N"},"geometry":{"type":"LineString","coordinates":[[19.021237,50.271016],[19.021442,50.271029]]}},{"type":"Feature","properties":{"mode":"bus","n":7,"arr":["0","30","50","109","296","M11","30N"],"lines":"0, 30, 50, 109, 296, M11, 30N"},"geometry":{"type":"LineString","coordinates":[[19.020949,50.27114],[19.020764,50.271205],[19.020599,50.27122],[19.019336,50.27151]]}},{"type":"Feature","properties":{"mode":"bus","n":6,"arr":["0","30","50","110","M11","30N"],"lines":"0, 30, 50, 110, M11, 30N"},"geometry":{"type":"LineString","coordinates":[[19.004226,50.303461],[19.004566,50.303575]]}},{"type":"Feature","properties":{"mode":"bus","n":9,"arr":["0","22","30","50","96","110","196","222","30N"],"lines":"0, 22, 30, 50, 96, 110, 196, 222, 30N"},"geometry":{"type":"LineString","coordinates":[[19.009552,50.302223],[19.010384,50.307206],[19.010383,50.307222],[19.010374,50.307233],[19.010358,50.307241],[19.010334,50.307244],[19.009888,50.307258],[19.00928,50.307233],[19.004357,50.306798],[19.004192,50.306761],[19.003861,50.306733],[19.003613,50.306784]]}},{"type":"Feature","properties":{"mode":"bus","n":9,"arr":["0","5","22","27","43","50","196","M25","M28"],"lines":"0, 5, 22, 27, 43, 50, 196, M25, M28"},"geometry":{"type":"LineString","coordinates":[[19.02696,50.298731],[19.027368,50.299087]]}},{"type":"Feature","properties":{"mode":"bus","n":7,"arr":["1","4","30","673","920","1N","76N"],"lines":"1, 4, 30, 673, 920, 1N, 76N"},"geometry":{"type":"LineString","coordinates":[[19.02261,50.260868],[19.022542,50.26093],[19.022535,50.261028],[19.0234,50.263513],[19.023559,50.2637],[19.023852,50.263883]]}},{"type":"Feature","properties":{"mode":"bus","n":19,"arr":["1","4","30","40","601","673","807","808","814","835","920","930","AP","M2","M4","M23","M101","1N","76N"],"lines":"1, 4, 30, 40, 601, 673, 807, 808, 814, 835, 920, 930, AP, M2, M4, M23, M101, 1N, 76N"},"geometry":{"type":"LineString","coordinates":[[19.023996,50.263918],[19.024559,50.26403],[19.024902,50.264045],[19.025828,50.263854],[19.026842,50.263609]]}},{"type":"Feature","properties":{"mode":"bus","n":20,"arr":["1","4","30","40","154","601","673","807","808","814","835","920","930","AP","M2","M4","M23","M101","1N","76N"],"lines":"1, 4, 30, 40, 154, 601, 673, 807, 808, 814, 835, 920, 930, AP, M2, M4, M23, M101, 1N, 76N"},"geometry":{"type":"LineString","coordinates":[[19.026842,50.263609],[19.027125,50.263525],[19.029947,50.262852],[19.030183,50.262776],[19.031125,50.262379],[19.031489,50.262278],[19.031772,50.262238],[19.035501,50.261984]]}},{"type":"Feature","properties":{"mode":"bus","n":19,"arr":["1","4","30","40","154","673","807","808","814","835","920","930","AP","M2","M4","M23","M101","1N","76N"],"lines":"1, 4, 30, 40, 154, 673, 807, 808, 814, 835, 920, 930, AP, M2, M4, M23, M101, 1N, 76N"},"geometry":{"type":"LineString","coordinates":[[19.035501,50.261984],[19.036437,50.261958],[19.038411,50.261946],[19.039597,50.261967],[19.041508,50.261872],[19.042124,50.261877]]}},{"type":"Feature","properties":{"mode":"bus","n":9,"arr":["1","4","30","673","920","930","M101","1N","76N"],"lines":"1, 4, 30, 673, 920, 930, M101, 1N, 76N"},"geometry":{"type":"LineString","coordinates":[[19.042124,50.261877],[19.042871,50.261845],[19.043254,50.261857],[19.04448,50.26198]]}},{"type":"Feature","properties":{"mode":"bus","n":7,"arr":["1","4","673","920","930","1N","76N"],"lines":"1, 4, 673, 920, 930, 1N, 76N"},"geometry":{"type":"LineString","coordinates":[[19.04448,50.26198],[19.044766,50.261934],[19.044994,50.261798],[19.045063,50.261693],[19.045221,50.261192],[19.045367,50.261028],[19.045573,50.260934],[19.046289,50.260812],[19.04646,50.26076]]}},{"type":"Feature","properties":{"mode":"bus","n":6,"arr":["1","4","673","920","930","1N"],"lines":"1, 4, 673, 920, 930, 1N"},"geometry":{"type":"LineString","coordinates":[[19.04646,50.26076],[19.046769,50.260454],[19.04764,50.259123],[19.047836,50.258738],[19.048106,50.258057],[19.048163,50.25771],[19.048191,50.256751],[19.048009,50.255708]]}},{"type":"Feature","properties":{"mode":"bus","n":8,"arr":["1","4","673","674","900","920","1N","672N"],"lines":"1, 4, 673, 674, 900, 920, 1N, 672N"},"geometry":{"type":"LineString","coordinates":[[19.048283,50.251825],[19.049778,50.247671]]}},{"type":"Feature","properties":{"mode":"bus","n":5,"arr":["1","4","673","920","1N"],"lines":"1, 4, 673, 920, 1N"},"geometry":{"type":"LineString","coordinates":[[19.049778,50.247671],[19.051068,50.244241],[19.052911,50.239104]]}},{"type":"Feature","properties":{"mode":"bus","n":8,"arr":["1","4","672","673","920","M10","M13","1N"],"lines":"1, 4, 672, 673, 920, M10, M13, 1N"},"geometry":{"type":"LineString","coordinates":[[19.052911,50.239104],[19.054149,50.23587],[19.055102,50.233205],[19.055598,50.231405],[19.056369,50.229159]]}},{"type":"Feature","properties":{"mode":"bus","n":8,"arr":["1","4","672","673","920","M10","M13","1N"],"lines":"1, 4, 672, 673, 920, M10, M13, 1N"},"geometry":{"type":"LineString","coordinates":[[19.052268,50.241491],[19.054761,50.234824],[19.055147,50.233977],[19.055328,50.233464],[19.05589,50.231556],[19.056403,50.230033],[19.056405,50.229926],[19.056647,50.229237],[19.056707,50.229141]]}},{"type":"Feature","properties":{"mode":"bus","n":6,"arr":["1","4","672","673","M10","1N"],"lines":"1, 4, 672, 673, M10, 1N"},"geometry":{"type":"LineString","coordinates":[[19.056369,50.229159],[19.058339,50.223647]]}},{"type":"Feature","properties":{"mode":"bus","n":6,"arr":["1","4","672","673","M10","1N"],"lines":"1, 4, 672, 673, M10, 1N"},"geometry":{"type":"LineString","coordinates":[[19.057517,50.226853],[19.057762,50.226152]]}},{"type":"Feature","properties":{"mode":"bus","n":8,"arr":["1","4","672","673","695","M10","1N","672N"],"lines":"1, 4, 672, 673, 695, M10, 1N, 672N"},"geometry":{"type":"LineString","coordinates":[[19.058339,50.223647],[19.058988,50.221947],[19.059545,50.220693],[19.060058,50.219237],[19.060147,50.218791],[19.06018,50.218302],[19.060115,50.217746],[19.060025,50.217377],[19.059897,50.217035],[19.059737,50.21669],[19.059469,50.216241],[19.058949,50.215605],[19.05139,50.207704],[19.051134,50.207401],[19.05084,50.206969],[19.050633,50.206529],[19.050538,50.20625]]}},{"type":"Feature","properties":{"mode":"bus","n":8,"arr":["1","4","672","673","695","M10","1N","672N"],"lines":"1, 4, 672, 673, 695, M10, 1N, 672N"},"geometry":{"type":"LineString","coordinates":[[19.057762,50.226152],[19.058601,50.223806],[19.058781,50.223213],[19.058789,50.222976],[19.060136,50.219611],[19.060259,50.219171],[19.060333,50.218706],[19.060337,50.218143],[19.060276,50.217727],[19.060119,50.217164],[19.0599,50.216661],[19.059603,50.21617],[19.059316,50.215799],[19.054926,50.211178],[19.051812,50.207952],[19.051303,50.207367],[19.050903,50.206749],[19.050714,50.206239],[19.050615,50.205777],[19.050583,50.205436],[19.050606,50.205052],[19.050704,50.204568],[19.050835,50.204171],[19.051912,50.201638],[19.052136,50.200928],[19.05221,50.200425],[19.0522,50.199986],[19.052124,50.19955],[19.051934,50.199009]]}},{"type":"Feature","properties":{"mode":"bus","n":7,"arr":["1","4","672","695","M10","1N","672N"],"lines":"1, 4, 672, 695, M10, 1N, 672N"},"geometry":{"type":"LineString","coordinates":[[19.050538,50.20625],[19.050231,50.20583],[19.049923,50.205698],[19.04938,50.205527],[19.049151,50.205407],[19.049011,50.205286],[19.045218,50.201278],[19.044813,50.20079]]}},{"type":"Feature","properties":{"mode":"bus","n":10,"arr":["1","4","672","673","689","695","973","M10","1N","672N"],"lines":"1, 4, 672, 673, 689, 695, 973, M10, 1N, 672N"},"geometry":{"type":"LineString","coordinates":[[19.044813,50.20079],[19.044641,50.200355],[19.044645,50.199972],[19.044763,50.199561],[19.045177,50.198538]]}},{"type":"Feature","properties":{"mode":"bus","n":10,"arr":["1","4","672","673","689","695","972","973","M10","1N"],"lines":"1, 4, 672, 673, 689, 695, 972, 973, M10, 1N"},"geometry":{"type":"LineString","coordinates":[[19.045177,50.198538],[19.045807,50.196962]]}},{"type":"Feature","properties":{"mode":"bus","n":5,"arr":["1","4","689","M10","1N"],"lines":"1, 4, 689, M10, 1N"},"geometry":{"type":"LineString","coordinates":[[19.045577,50.195974],[19.045596,50.195467],[19.045537,50.195338],[19.045211,50.195076],[19.044858,50.194846],[19.044343,50.194454],[19.04392,50.194039],[19.038409,50.187826],[19.037444,50.186804],[19.037027,50.186435],[19.036084,50.185728],[19.032882,50.183565],[19.031448,50.182535],[19.030135,50.181486],[19.025772,50.177869],[19.025203,50.177343],[19.024664,50.176732],[19.022064,50.173551]]}},{"type":"Feature","properties":{"mode":"bus","n":5,"arr":["1","4","689","M10","1N"],"lines":"1, 4, 689, M10, 1N"},"geometry":{"type":"LineString","coordinates":[[19.051016,50.197736],[19.050349,50.197201],[19.049936,50.196935],[19.049369,50.19663],[19.048677,50.196335],[19.04683,50.195688],[19.046036,50.195374],[19.045394,50.195046],[19.045072,50.194845],[19.044616,50.19451],[19.044057,50.193988],[19.038533,50.187771],[19.037702,50.186876],[19.037205,50.186421],[19.03619,50.185658],[19.032999,50.183508],[19.031546,50.182464],[19.030252,50.181426],[19.02589,50.177812],[19.025333,50.177291],[19.024808,50.176702],[19.021562,50.172716]]}},{"type":"Feature","properties":{"mode":"bus","n":7,"arr":["1","4","36","688","788","M10","1N"],"lines":"1, 4, 36, 688, 788, M10, 1N"},"geometry":{"type":"LineString","coordinates":[[19.021414,50.17275],[19.017205,50.167545],[19.016972,50.16722],[19.016794,50.166904],[19.016607,50.166478]]}},{"type":"Feature","properties":{"mode":"bus","n":7,"arr":["1","4","36","688","788","M10","1N"],"lines":"1, 4, 36, 688, 788, M10, 1N"},"geometry":{"type":"LineString","coordinates":[[19.020805,50.171792],[19.020033,50.170797],[19.01927,50.169716],[19.017676,50.167238],[19.017363,50.166648]]}},{"type":"Feature","properties":{"mode":"bus","n":6,"arr":["1","4","36","688","788","1N"],"lines":"1, 4, 36, 688, 788, 1N"},"geometry":{"type":"LineString","coordinates":[[19.016607,50.166478],[19.01629,50.165948],[19.016186,50.165853],[19.015361,50.165308],[19.015192,50.165139],[19.014711,50.164549]]}},{"type":"Feature","properties":{"mode":"bus","n":6,"arr":["1","4","36","688","788","1N"],"lines":"1, 4, 36, 688, 788, 1N"},"geometry":{"type":"LineString","coordinates":[[19.017363,50.166648],[19.016759,50.165665],[19.016458,50.165383],[19.01608,50.165155],[19.015518,50.164951],[19.015042,50.164749],[19.014711,50.164549],[19.011662,50.160812]]}},{"type":"Feature","properties":{"mode":"bus","n":6,"arr":["1","4","36","688","788","1N"],"lines":"1, 4, 36, 688, 788, 1N"},"geometry":{"type":"LineString","coordinates":[[18.988953,50.128605],[18.988815,50.128419],[18.988707,50.128189],[18.988359,50.126362]]}},{"type":"Feature","properties":{"mode":"bus","n":7,"arr":["1","4","36","514","688","788","1N"],"lines":"1, 4, 36, 514, 688, 788, 1N"},"geometry":{"type":"LineString","coordinates":[[19.011662,50.160812],[19.009558,50.15825],[19.009321,50.157917],[19.006543,50.152656],[19.006363,50.152333],[19.00615,50.152035],[19.005786,50.151632],[19.001487,50.147408],[19.001043,50.147066],[19.00065,50.14682],[18.999283,50.146105],[18.998657,50.145714],[18.998134,50.145331],[18.997532,50.144786],[18.997242,50.144432],[18.996838,50.143815],[18.995879,50.141277]]}},{"type":"Feature","properties":{"mode":"bus","n":7,"arr":["1","4","36","565","688","788","1N"],"lines":"1, 4, 36, 565, 688, 788, 1N"},"geometry":{"type":"LineString","coordinates":[[18.995879,50.141277],[18.995718,50.140871]]}},{"type":"Feature","properties":{"mode":"bus","n":7,"arr":["1","4","36","131","688","788","1N"],"lines":"1, 4, 36, 131, 688, 788, 1N"},"geometry":{"type":"LineString","coordinates":[[18.995718,50.140871],[18.995133,50.13929],[18.994828,50.138559],[18.993543,50.136391],[18.99316,50.135679],[18.991887,50.133485]]}},{"type":"Feature","properties":{"mode":"bus","n":7,"arr":["1","4","36","131","688","788","1N"],"lines":"1, 4, 36, 131, 688, 788, 1N"},"geometry":{"type":"LineString","coordinates":[[18.991414,50.131898],[18.991876,50.13345],[18.991879,50.13346],[18.99188,50.133466],[18.99188,50.133468],[18.991878,50.133466],[18.991874,50.13346],[18.991868,50.133451],[18.991532,50.132838],[18.991418,50.132547],[18.991252,50.131937]]}},{"type":"Feature","properties":{"mode":"bus","n":9,"arr":["1","4","36","131","254","565","688","788","1N"],"lines":"1, 4, 36, 131, 254, 565, 688, 788, 1N"},"geometry":{"type":"LineString","coordinates":[[18.991252,50.131937],[18.991231,50.131859]]}},{"type":"Feature","properties":{"mode":"bus","n":10,"arr":["1","4","36","131","254","514","565","688","788","1N"],"lines":"1, 4, 36, 131, 254, 514, 565, 688, 788, 1N"},"geometry":{"type":"LineString","coordinates":[[18.991231,50.131859],[18.990854,50.130511],[18.99078,50.130294],[18.990532,50.129785],[18.990398,50.129633],[18.99011,50.129404],[18.989408,50.128943],[18.988953,50.128605]]}},{"type":"Feature","properties":{"mode":"bus","n":13,"arr":["1","2","4","21","36","131","273","514","565","688","696","788","1N"],"lines":"1, 2, 4, 21, 36, 131, 273, 514, 565, 688, 696, 788, 1N"},"geometry":{"type":"LineString","coordinates":[[18.988359,50.126362],[18.988165,50.125676],[18.987816,50.125123]]}},{"type":"Feature","properties":{"mode":"bus","n":9,"arr":["1","4","21","36","273","688","696","788","1N"],"lines":"1, 4, 21, 36, 273, 688, 696, 788, 1N"},"geometry":{"type":"LineString","coordinates":[[18.987816,50.125123],[18.986823,50.1237]]}},{"type":"Feature","properties":{"mode":"bus","n":5,"arr":["1","2","31","M18","1N"],"lines":"1, 2, 31, M18, 1N"},"geometry":{"type":"LineString","coordinates":[[18.9706,50.111076],[18.970138,50.111089]]}},{"type":"Feature","properties":{"mode":"bus","n":10,"arr":["1","4","21","36","273","627","688","696","788","1N"],"lines":"1, 4, 21, 36, 273, 627, 688, 696, 788, 1N"},"geometry":{"type":"LineString","coordinates":[[18.987023,50.123632],[18.988015,50.12506]]}},{"type":"Feature","properties":{"mode":"bus","n":14,"arr":["1","2","4","21","36","131","273","514","565","627","688","696","788","1N"],"lines":"1, 2, 4, 21, 36, 131, 273, 514, 565, 627, 688, 696, 788, 1N"},"geometry":{"type":"LineString","coordinates":[[18.988015,50.12506],[18.988244,50.125502],[18.988539,50.126695],[18.988713,50.127206],[18.989077,50.128132],[18.989289,50.128462]]}},{"type":"Feature","properties":{"mode":"bus","n":10,"arr":["1","2","4","36","131","514","565","688","788","1N"],"lines":"1, 2, 4, 36, 131, 514, 565, 688, 788, 1N"},"geometry":{"type":"LineString","coordinates":[[18.989289,50.128462],[18.98966,50.128834],[18.990498,50.129554],[18.99065,50.129732],[18.990842,50.130072],[18.990938,50.130313],[18.991388,50.131814]]}},{"type":"Feature","properties":{"mode":"bus","n":8,"arr":["1","4","36","131","514","688","788","1N"],"lines":"1, 4, 36, 131, 514, 688, 788, 1N"},"geometry":{"type":"LineString","coordinates":[[18.991388,50.131814],[18.991414,50.131898]]}},{"type":"Feature","properties":{"mode":"bus","n":9,"arr":["1","4","292","672","673","920","M10","M13","1N"],"lines":"1, 4, 292, 672, 673, 920, M10, M13, 1N"},"geometry":{"type":"LineString","coordinates":[[19.056707,50.229141],[19.057517,50.226853]]}},{"type":"Feature","properties":{"mode":"bus","n":5,"arr":["1","672","M10","M13","1N"],"lines":"1, 672, M10, M13, 1N"},"geometry":{"type":"LineString","coordinates":[[19.052268,50.241491],[19.052172,50.242168],[19.052264,50.242919],[19.05224,50.243165],[19.052066,50.243407],[19.051849,50.243542],[19.05163,50.243619],[19.051283,50.243663],[19.051034,50.243643],[19.05072,50.243571],[19.050331,50.243368],[19.049371,50.242762],[19.04901,50.242633],[19.048643,50.242584],[19.048393,50.242582],[19.04805,50.24263],[19.045912,50.24309],[19.045244,50.24328]]}},{"type":"Feature","properties":{"mode":"bus","n":8,"arr":["1","672","674","900","M10","M13","1N","672N"],"lines":"1, 672, 674, 900, M10, M13, 1N, 672N"},"geometry":{"type":"LineString","coordinates":[[19.045244,50.24328],[19.042456,50.243877]]}},{"type":"Feature","properties":{"mode":"bus","n":6,"arr":["1","672","674","900","1N","672N"],"lines":"1, 672, 674, 900, 1N, 672N"},"geometry":{"type":"LineString","coordinates":[[19.042456,50.243877],[19.039672,50.244398],[19.038127,50.244729],[19.038017,50.244812],[19.037998,50.244865],[19.038396,50.24618]]}},{"type":"Feature","properties":{"mode":"bus","n":7,"arr":["1","672","674","900","910","1N","672N"],"lines":"1, 672, 674, 900, 910, 1N, 672N"},"geometry":{"type":"LineString","coordinates":[[19.038396,50.24618],[19.038424,50.246284]]}},{"type":"Feature","properties":{"mode":"bus","n":6,"arr":["1","672","674","910","1N","672N"],"lines":"1, 672, 674, 910, 1N, 672N"},"geometry":{"type":"LineString","coordinates":[[19.038424,50.246284],[19.037705,50.24646],[19.037215,50.246674],[19.033407,50.249204],[19.033182,50.249435],[19.033023,50.249751]]}},{"type":"Feature","properties":{"mode":"bus","n":9,"arr":["1","51","110","672","674","910","Z210","1N","672N"],"lines":"1, 51, 110, 672, 674, 910, Z210, 1N, 672N"},"geometry":{"type":"LineString","coordinates":[[19.033023,50.249751],[19.033001,50.249954],[19.033033,50.250225],[19.033273,50.251113],[19.033273,50.251133],[19.033258,50.251147],[19.033228,50.251156],[19.031731,50.251365],[19.026674,50.251778]]}},{"type":"Feature","properties":{"mode":"bus","n":13,"arr":["1","51","110","600","672","674","900","910","M13","M22","Z210","1N","672N"],"lines":"1, 51, 110, 600, 672, 674, 900, 910, M13, M22, Z210, 1N, 672N"},"geometry":{"type":"LineString","coordinates":[[19.026674,50.251778],[19.027105,50.253841]]}},{"type":"Feature","properties":{"mode":"bus","n":8,"arr":["1","4","30","673","910","920","1N","76N"],"lines":"1, 4, 30, 673, 910, 920, 1N, 76N"},"geometry":{"type":"LineString","coordinates":[[19.025239,50.260519],[19.02261,50.260868]]}},{"type":"Feature","properties":{"mode":"bus","n":11,"arr":["2","21","131","254","271","272","273","514","565","627","696"],"lines":"2, 21, 131, 254, 271, 272, 273, 514, 565, 627, 696"},"geometry":{"type":"LineString","coordinates":[[18.981248,50.125156],[18.981556,50.125492],[18.981656,50.125678],[18.98173,50.126593],[18.981675,50.127965]]}},{"type":"Feature","properties":{"mode":"bus","n":11,"arr":["2","21","131","254","271","272","273","514","565","627","696"],"lines":"2, 21, 131, 254, 271, 272, 273, 514, 565, 627, 696"},"geometry":{"type":"LineString","coordinates":[[18.981942,50.129578],[18.981756,50.128696]]}},{"type":"Feature","properties":{"mode":"bus","n":10,"arr":["2","21","131","254","272","273","514","565","627","696"],"lines":"2, 21, 131, 254, 272, 273, 514, 565, 627, 696"},"geometry":{"type":"LineString","coordinates":[[18.982018,50.129933],[18.981942,50.129578]]}},{"type":"Feature","properties":{"mode":"bus","n":9,"arr":["2","21","131","254","273","514","565","627","696"],"lines":"2, 21, 131, 254, 273, 514, 565, 627, 696"},"geometry":{"type":"LineString","coordinates":[[18.982237,50.129912],[18.982018,50.129933]]}},{"type":"Feature","properties":{"mode":"bus","n":7,"arr":["2","21","131","273","514","565","696"],"lines":"2, 21, 131, 273, 514, 565, 696"},"geometry":{"type":"LineString","coordinates":[[18.982237,50.129912],[18.982512,50.129822],[18.982615,50.129757],[18.983954,50.128488],[18.98403,50.128311],[18.984113,50.127837],[18.984233,50.127715],[18.984353,50.127655],[18.985159,50.12757],[18.98549,50.12749],[18.985795,50.127353],[18.986052,50.127142],[18.986491,50.126862],[18.986628,50.126809],[18.986858,50.12676],[18.98767,50.126643],[18.98812,50.126501],[18.988359,50.126362]]}},{"type":"Feature","properties":{"mode":"bus","n":17,"arr":["3","5","19","64","80","83","134","158","179","191","614","615","780","M3","M14","M102","M107"],"lines":"3, 5, 19, 64, 80, 83, 134, 158, 179, 191, 614, 615, 780, M3, M14, M102, M107"},"geometry":{"type":"LineString","coordinates":[[18.863346,50.447584],[18.863105,50.447495],[18.862881,50.447337]]}},{"type":"Feature","properties":{"mode":"bus","n":5,"arr":["3","614","615","780","M14"],"lines":"3, 614, 615, 780, M14"},"geometry":{"type":"LineString","coordinates":[[18.863876,50.447667],[18.863561,50.447638],[18.863346,50.447584]]}},{"type":"Feature","properties":{"mode":"bus","n":8,"arr":["3","87","145","179","614","615","780","M14"],"lines":"3, 87, 145, 179, 614, 615, 780, M14"},"geometry":{"type":"LineString","coordinates":[[18.863956,50.44773],[18.863876,50.447667]]}},{"type":"Feature","properties":{"mode":"bus","n":9,"arr":["3","5","87","145","179","614","615","780","M14"],"lines":"3, 5, 87, 145, 179, 614, 615, 780, M14"},"geometry":{"type":"LineString","coordinates":[[18.864181,50.448032],[18.863956,50.44773]]}},{"type":"Feature","properties":{"mode":"bus","n":12,"arr":["3","5","19","87","145","179","614","615","780","M3","M14","M102"],"lines":"3, 5, 19, 87, 145, 179, 614, 615, 780, M3, M14, M102"},"geometry":{"type":"LineString","coordinates":[[18.864332,50.44824],[18.864181,50.448032]]}},{"type":"Feature","properties":{"mode":"bus","n":19,"arr":["3","5","19","64","80","83","87","134","145","158","179","191","614","615","780","M3","M14","M102","M107"],"lines":"3, 5, 19, 64, 80, 83, 87, 134, 145, 158, 179, 191, 614, 615, 780, M3, M14, M102, M107"},"geometry":{"type":"LineString","coordinates":[[18.864332,50.44824],[18.864432,50.448371]]}},{"type":"Feature","properties":{"mode":"bus","n":23,"arr":["3","5","19","64","80","83","87","129","134","145","158","179","180","191","614","615","670","671","780","M3","M14","M102","M107"],"lines":"3, 5, 19, 64, 80, 83, 87, 129, 134, 145, 158, 179, 180, 191, 614, 615, 670, 671, 780, M3, M14, M102, M107"},"geometry":{"type":"LineString","coordinates":[[18.864432,50.448371],[18.864466,50.448418],[18.864454,50.448491]]}},{"type":"Feature","properties":{"mode":"bus","n":24,"arr":["3","5","19","64","80","83","87","129","134","142","145","158","179","180","191","614","615","670","671","780","M3","M14","M102","M107"],"lines":"3, 5, 19, 64, 80, 83, 87, 129, 134, 142, 145, 158, 179, 180, 191, 614, 615, 670, 671, 780, M3, M14, M102, M107"},"geometry":{"type":"LineString","coordinates":[[18.864454,50.448491],[18.863801,50.448646]]}},{"type":"Feature","properties":{"mode":"bus","n":5,"arr":["3","142","614","615","780"],"lines":"3, 142, 614, 615, 780"},"geometry":{"type":"LineString","coordinates":[[18.816586,50.454735],[18.818706,50.452744],[18.820106,50.451024],[18.8204,50.450593],[18.82062,50.450198],[18.820625,50.450158],[18.820622,50.450145],[18.820612,50.450137],[18.820593,50.450134],[18.819366,50.450045],[18.819144,50.450012],[18.818885,50.449908],[18.818801,50.449842],[18.818708,50.449752],[18.818611,50.449572],[18.818606,50.449165],[18.818855,50.446205],[18.818947,50.444149],[18.819025,50.443685]]}},{"type":"Feature","properties":{"mode":"bus","n":8,"arr":["3","64","80","134","191","614","780","M107"],"lines":"3, 64, 80, 134, 191, 614, 780, M107"},"geometry":{"type":"LineString","coordinates":[[18.807032,50.439072],[18.811457,50.439874],[18.812012,50.43994],[18.812998,50.440023],[18.815637,50.440122],[18.816491,50.440143],[18.818293,50.440084],[18.818512,50.440099],[18.818639,50.44013],[18.818816,50.440218],[18.81914,50.440478],[18.819131,50.44067],[18.819086,50.44081],[18.818988,50.442437],[18.81897,50.443153],[18.819023,50.443625]]}},{"type":"Feature","properties":{"mode":"bus","n":10,"arr":["3","64","80","134","142","191","614","615","780","M107"],"lines":"3, 64, 80, 134, 142, 191, 614, 615, 780, M107"},"geometry":{"type":"LineString","coordinates":[[18.819025,50.443685],[18.819023,50.443625]]}},{"type":"Feature","properties":{"mode":"bus","n":23,"arr":["3","5","19","80","83","87","129","134","142","145","158","179","180","191","614","615","670","671","780","M3","M14","M102","M107"],"lines":"3, 5, 19, 80, 83, 87, 129, 134, 142, 145, 158, 179, 180, 191, 614, 615, 670, 671, 780, M3, M14, M102, M107"},"geometry":{"type":"LineString","coordinates":[[18.863801,50.448646],[18.863166,50.447737]]}},{"type":"Feature","properties":{"mode":"bus","n":10,"arr":["3","87","129","145","180","614","615","670","671","780"],"lines":"3, 87, 129, 145, 180, 614, 615, 670, 671, 780"},"geometry":{"type":"LineString","coordinates":[[18.863346,50.447584],[18.863204,50.447643],[18.863166,50.447737]]}},{"type":"Feature","properties":{"mode":"bus","n":13,"arr":["3","19","64","80","134","142","158","191","614","615","M3","M102","M107"],"lines":"3, 19, 64, 80, 134, 142, 158, 191, 614, 615, M3, M102, M107"},"geometry":{"type":"LineString","coordinates":[[18.861204,50.440431],[18.86125,50.440407]]}},{"type":"Feature","properties":{"mode":"bus","n":7,"arr":["4","75","268","565","696","M18","1N"],"lines":"4, 75, 268, 565, 696, M18, 1N"},"geometry":{"type":"LineString","coordinates":[[19.005209,50.086518],[19.005778,50.086518]]}},{"type":"Feature","properties":{"mode":"bus","n":8,"arr":["4","21","75","268","565","696","M18","1N"],"lines":"4, 21, 75, 268, 565, 696, M18, 1N"},"geometry":{"type":"LineString","coordinates":[[19.006183,50.08655],[19.005778,50.086518]]}},{"type":"Feature","properties":{"mode":"bus","n":5,"arr":["4","565","686","688","788"],"lines":"4, 565, 686, 688, 788"},"geometry":{"type":"LineString","coordinates":[[18.990783,50.116906],[18.990308,50.117176],[18.99006,50.117373],[18.989371,50.118331],[18.98771,50.120774],[18.987329,50.121231],[18.987056,50.121462],[18.986739,50.121642],[18.986133,50.121832],[18.985821,50.121899]]}},{"type":"Feature","properties":{"mode":"bus","n":6,"arr":["4","36","565","627","688","788"],"lines":"4, 36, 565, 627, 688, 788"},"geometry":{"type":"LineString","coordinates":[[18.985821,50.121899],[18.987023,50.123632]]}},{"type":"Feature","properties":{"mode":"bus","n":6,"arr":["4","673","674","900","920","672N"],"lines":"4, 673, 674, 900, 920, 672N"},"geometry":{"type":"LineString","coordinates":[[19.049889,50.248145],[19.051013,50.245021]]}},{"type":"Feature","properties":{"mode":"bus","n":5,"arr":["4","673","920","930","76N"],"lines":"4, 673, 920, 930, 76N"},"geometry":{"type":"LineString","coordinates":[[19.046417,50.262264],[19.046416,50.261695],[19.046567,50.261176]]}},{"type":"Feature","properties":{"mode":"bus","n":8,"arr":["4","30","149","673","920","930","M101","76N"],"lines":"4, 30, 149, 673, 920, 930, M101, 76N"},"geometry":{"type":"LineString","coordinates":[[19.041529,50.262036],[19.041922,50.262008],[19.042499,50.262026],[19.043507,50.262109],[19.044225,50.262194],[19.047259,50.262947]]}},{"type":"Feature","properties":{"mode":"bus","n":18,"arr":["4","30","40","149","154","673","807","808","814","835","920","930","AP","M2","M4","M23","M101","76N"],"lines":"4, 30, 40, 149, 154, 673, 807, 808, 814, 835, 920, 930, AP, M2, M4, M23, M101, 76N"},"geometry":{"type":"LineString","coordinates":[[19.035399,50.262501],[19.038612,50.262271],[19.04006,50.262108],[19.041529,50.262036]]}},{"type":"Feature","properties":{"mode":"bus","n":19,"arr":["4","30","40","149","154","601","673","807","808","814","835","920","930","AP","M2","M4","M23","M101","76N"],"lines":"4, 30, 40, 149, 154, 601, 673, 807, 808, 814, 835, 920, 930, AP, M2, M4, M23, M101, 76N"},"geometry":{"type":"LineString","coordinates":[[19.02692,50.263748],[19.030088,50.262991],[19.030645,50.262885],[19.031671,50.262773],[19.033804,50.262651],[19.034637,50.262548],[19.035399,50.262501]]}},{"type":"Feature","properties":{"mode":"bus","n":7,"arr":["4","30","154","673","920","1N","76N"],"lines":"4, 30, 154, 673, 920, 1N, 76N"},"geometry":{"type":"LineString","coordinates":[[19.0263,50.262857],[19.026516,50.263108],[19.026842,50.263609]]}},{"type":"Feature","properties":{"mode":"bus","n":7,"arr":["4","30","154","673","920","1N","76N"],"lines":"4, 30, 154, 673, 920, 1N, 76N"},"geometry":{"type":"LineString","coordinates":[[19.025239,50.260519],[19.025618,50.261774],[19.025846,50.262395]]}},{"type":"Feature","properties":{"mode":"bus","n":5,"arr":["5","17","179","780","M14"],"lines":"5, 17, 179, 780, M14"},"geometry":{"type":"LineString","coordinates":[[18.946275,50.435949],[18.946282,50.435827],[18.946222,50.435577],[18.946257,50.435322],[18.946267,50.435303],[18.946291,50.435289],[18.946348,50.43527],[18.946688,50.434955],[18.946806,50.434804],[18.946875,50.434639],[18.946877,50.434618],[18.946865,50.434601],[18.946839,50.434588],[18.946624,50.43452],[18.946579,50.434493],[18.946562,50.434476],[18.946557,50.434457],[18.946601,50.434026],[18.946671,50.433976],[18.946903,50.433932],[18.946932,50.433923],[18.946947,50.433907],[18.946949,50.433886],[18.94689,50.433632],[18.946756,50.433352],[18.946602,50.433206],[18.946449,50.433185]]}},{"type":"Feature","properties":{"mode":"bus","n":8,"arr":["5","73","114","164","264","780","M16","M28"],"lines":"5, 73, 114, 164, 264, 780, M16, M28"},"geometry":{"type":"LineString","coordinates":[[18.95551,50.390022],[18.955234,50.390005],[18.954203,50.390041],[18.953041,50.390152],[18.949847,50.390641],[18.945654,50.391094]]}},{"type":"Feature","properties":{"mode":"bus","n":8,"arr":["5","73","114","164","185","264","M16","M28"],"lines":"5, 73, 114, 164, 185, 264, M16, M28"},"geometry":{"type":"LineString","coordinates":[[18.959915,50.391709],[18.95921,50.391543],[18.958698,50.391338],[18.957281,50.390424],[18.957053,50.390311],[18.956797,50.390227],[18.956498,50.39017],[18.95551,50.390022]]}},{"type":"Feature","properties":{"mode":"bus","n":9,"arr":["5","73","114","185","264","780","M16","M28","M116"],"lines":"5, 73, 114, 185, 264, 780, M16, M28, M116"},"geometry":{"type":"LineString","coordinates":[[18.960337,50.391802],[18.959915,50.391709]]}},{"type":"Feature","properties":{"mode":"bus","n":8,"arr":["5","73","114","185","780","M16","M28","M116"],"lines":"5, 73, 114, 185, 780, M16, M28, M116"},"geometry":{"type":"LineString","coordinates":[[18.961043,50.391654],[18.961135,50.391793],[18.961064,50.391923],[18.961048,50.391941],[18.961024,50.391948],[18.960993,50.391945],[18.960337,50.391802]]}},{"type":"Feature","properties":{"mode":"bus","n":7,"arr":["5","73","114","185","780","M28","M116"],"lines":"5, 73, 114, 185, 780, M28, M116"},"geometry":{"type":"LineString","coordinates":[[18.960356,50.391404],[18.960615,50.391421],[18.960798,50.391478],[18.960941,50.39156],[18.961043,50.391654]]}},{"type":"Feature","properties":{"mode":"bus","n":8,"arr":["5","73","114","164","185","780","M28","M116"],"lines":"5, 73, 114, 164, 185, 780, M28, M116"},"geometry":{"type":"LineString","coordinates":[[18.960356,50.391404],[18.960135,50.391446],[18.960011,50.391519]]}},{"type":"Feature","properties":{"mode":"bus","n":9,"arr":["5","73","114","164","185","780","M16","M28","M116"],"lines":"5, 73, 114, 164, 185, 780, M16, M28, M116"},"geometry":{"type":"LineString","coordinates":[[18.960011,50.391519],[18.959915,50.391709]]}},{"type":"Feature","properties":{"mode":"bus","n":9,"arr":["5","73","114","164","264","700","780","M16","M28"],"lines":"5, 73, 114, 164, 264, 700, 780, M16, M28"},"geometry":{"type":"LineString","coordinates":[[18.945654,50.391094],[18.945463,50.390154],[18.945171,50.389295],[18.945072,50.388863],[18.944824,50.387228],[18.944564,50.386268],[18.94432,50.385537],[18.944286,50.38482],[18.944167,50.384222],[18.943427,50.381431],[18.943407,50.381184],[18.943444,50.380592],[18.943657,50.378529]]}},{"type":"Feature","properties":{"mode":"bus","n":10,"arr":["5","73","114","164","185","264","700","780","M16","M28"],"lines":"5, 73, 114, 164, 185, 264, 700, 780, M16, M28"},"geometry":{"type":"LineString","coordinates":[[18.943657,50.378529],[18.943906,50.375415],[18.943977,50.373672]]}},{"type":"Feature","properties":{"mode":"bus","n":9,"arr":["5","24","52","99","104","164","185","264","M28"],"lines":"5, 24, 52, 99, 104, 164, 185, 264, M28"},"geometry":{"type":"LineString","coordinates":[[18.943977,50.373672],[18.94725,50.373401],[18.948901,50.373243],[18.952362,50.372831],[18.952706,50.372771],[18.952882,50.372685],[18.953302,50.372374],[18.953871,50.371851]]}},{"type":"Feature","properties":{"mode":"bus","n":9,"arr":["5","24","52","99","104","164","185","264","M28"],"lines":"5, 24, 52, 99, 104, 164, 185, 264, M28"},"geometry":{"type":"LineString","coordinates":[[18.95521,50.371241],[18.956908,50.371225],[18.959914,50.371074]]}},{"type":"Feature","properties":{"mode":"bus","n":5,"arr":["5","24","99","104","M28"],"lines":"5, 24, 99, 104, M28"},"geometry":{"type":"LineString","coordinates":[[18.953871,50.371851],[18.954223,50.371347]]}},{"type":"Feature","properties":{"mode":"bus","n":7,"arr":["5","24","104","164","185","264","M28"],"lines":"5, 24, 104, 164, 185, 264, M28"},"geometry":{"type":"LineString","coordinates":[[18.959914,50.371074],[18.961993,50.370933],[18.962864,50.370833],[18.970479,50.36985],[18.970958,50.369776],[18.972294,50.369482]]}},{"type":"Feature","properties":{"mode":"bus","n":6,"arr":["5","85","164","185","264","M28"],"lines":"5, 85, 164, 185, 264, M28"},"geometry":{"type":"LineString","coordinates":[[18.982348,50.366565],[18.982216,50.366684],[18.982024,50.366766],[18.9792,50.367455],[18.978804,50.367585],[18.977681,50.368058],[18.977398,50.368154],[18.974039,50.369067],[18.972294,50.369482]]}},{"type":"Feature","properties":{"mode":"bus","n":6,"arr":["5","85","164","185","264","M28"],"lines":"5, 85, 164, 185, 264, M28"},"geometry":{"type":"LineString","coordinates":[[18.981688,50.359152],[18.981035,50.352985],[18.980736,50.349845],[18.980731,50.349542],[18.980787,50.349193],[18.9812,50.348175],[18.981252,50.346868],[18.981166,50.346586],[18.980484,50.345673]]}},{"type":"Feature","properties":{"mode":"bus","n":5,"arr":["5","85","164","185","264"],"lines":"5, 85, 164, 185, 264"},"geometry":{"type":"LineString","coordinates":[[18.990604,50.366196],[18.990059,50.366301],[18.989053,50.366327],[18.988813,50.366305],[18.987959,50.366133],[18.987577,50.366106],[18.987187,50.366134],[18.985716,50.366334],[18.985047,50.366402],[18.984179,50.366432],[18.983087,50.366508],[18.98246,50.366607],[18.982426,50.366607],[18.982397,50.366596],[18.982348,50.366565]]}},{"type":"Feature","properties":{"mode":"bus","n":5,"arr":["5","85","164","185","264"],"lines":"5, 85, 164, 185, 264"},"geometry":{"type":"LineString","coordinates":[[18.990458,50.364031],[18.9901,50.362346],[18.989509,50.36005],[18.989467,50.359915],[18.989325,50.359781],[18.98909,50.359739],[18.985814,50.359859],[18.985675,50.359847],[18.985531,50.359785],[18.985445,50.359678],[18.98533,50.35911],[18.985249,50.359041],[18.985094,50.359009],[18.981688,50.359152]]}},{"type":"Feature","properties":{"mode":"bus","n":6,"arr":["5","42","164","264","M17","M28"],"lines":"5, 42, 164, 264, M17, M28"},"geometry":{"type":"LineString","coordinates":[[18.980484,50.345673],[18.982065,50.345758],[18.982627,50.345823],[18.986669,50.346574],[18.986927,50.346605],[18.995188,50.34653],[18.997988,50.346462],[18.998757,50.346474],[18.999973,50.346553],[19.000157,50.346541],[19.001365,50.346263],[19.001546,50.346239],[19.002269,50.346257],[19.002888,50.346189]]}},{"type":"Feature","properties":{"mode":"bus","n":5,"arr":["5","42","264","M17","M28"],"lines":"5, 42, 264, M17, M28"},"geometry":{"type":"LineString","coordinates":[[19.002888,50.346189],[19.006138,50.345815],[19.007105,50.345805],[19.008475,50.345603],[19.009703,50.34557],[19.010379,50.345705],[19.011002,50.345705],[19.013342,50.345654],[19.014516,50.345554],[19.014877,50.345497]]}},{"type":"Feature","properties":{"mode":"bus","n":5,"arr":["5","42","M11","M17","M28"],"lines":"5, 42, M11, M17, M28"},"geometry":{"type":"LineString","coordinates":[[19.010926,50.3307],[19.011605,50.33108],[19.012117,50.331439],[19.012335,50.331663],[19.012628,50.33209],[19.01273,50.33234],[19.014156,50.343933],[19.014253,50.344195],[19.01454,50.34472],[19.014877,50.345497]]}},{"type":"Feature","properties":{"mode":"bus","n":6,"arr":["5","96","196","664","M11","30N"],"lines":"5, 96, 196, 664, M11, 30N"},"geometry":{"type":"LineString","coordinates":[[19.009232,50.329608],[19.010926,50.3307]]}},{"type":"Feature","properties":{"mode":"bus","n":7,"arr":["5","96","110","196","664","M11","30N"],"lines":"5, 96, 110, 196, 664, M11, 30N"},"geometry":{"type":"LineString","coordinates":[[19.003129,50.324746],[19.003216,50.325066],[19.003337,50.325241],[19.004026,50.325973],[19.004715,50.326657],[19.005018,50.326921],[19.005467,50.327245],[19.009232,50.329608]]}},{"type":"Feature","properties":{"mode":"bus","n":11,"arr":["5","30","72","91","96","110","196","222","664","M11","30N"],"lines":"5, 30, 72, 91, 96, 110, 196, 222, 664, M11, 30N"},"geometry":{"type":"LineString","coordinates":[[19.003245,50.31984],[19.003232,50.323607],[19.003208,50.324144],[19.003129,50.324746]]}},{"type":"Feature","properties":{"mode":"bus","n":13,"arr":["5","30","72","74","91","96","110","196","222","663","664","M11","30N"],"lines":"5, 30, 72, 74, 91, 96, 110, 196, 222, 663, 664, M11, 30N"},"geometry":{"type":"LineString","coordinates":[[19.003249,50.319803],[19.003245,50.31984]]}},{"type":"Feature","properties":{"mode":"bus","n":6,"arr":["5","72","74","91","110","663"],"lines":"5, 72, 74, 91, 110, 663"},"geometry":{"type":"LineString","coordinates":[[19.010084,50.320303],[19.00999,50.320333],[19.009771,50.320339],[19.008051,50.319902],[19.007323,50.319743],[19.004875,50.319684],[19.003426,50.319724]]}},{"type":"Feature","properties":{"mode":"bus","n":11,"arr":["5","27","43","72","74","91","96","196","663","M25","M28"],"lines":"5, 27, 43, 72, 74, 91, 96, 196, 663, M25, M28"},"geometry":{"type":"LineString","coordinates":[[19.026144,50.304967],[19.025845,50.30582],[19.025151,50.307212]]}},{"type":"Feature","properties":{"mode":"bus","n":14,"arr":["5","27","43","50","72","74","91","96","190","196","222","663","M25","M28"],"lines":"5, 27, 43, 50, 72, 74, 91, 96, 190, 196, 222, 663, M25, M28"},"geometry":{"type":"LineString","coordinates":[[19.026202,50.304784],[19.026144,50.304967]]}},{"type":"Feature","properties":{"mode":"bus","n":6,"arr":["27","43","190","222","M25","M28"],"lines":"27, 43, 190, 222, M25, M28"},"geometry":{"type":"LineString","coordinates":[[19.013728,50.293211],[19.013708,50.293217]]}},{"type":"Feature","properties":{"mode":"bus","n":6,"arr":["5","27","43","662","M25","M28"],"lines":"5, 27, 43, 662, M25, M28"},"geometry":{"type":"LineString","coordinates":[[19.017778,50.285763],[19.013742,50.29267],[19.013653,50.292836],[19.013676,50.292956],[19.013754,50.293082],[19.013728,50.293211]]}},{"type":"Feature","properties":{"mode":"bus","n":7,"arr":["5","27","43","193","662","M25","M28"],"lines":"5, 27, 43, 193, 662, M25, M28"},"geometry":{"type":"LineString","coordinates":[[19.019334,50.283132],[19.017778,50.285763]]}},{"type":"Feature","properties":{"mode":"bus","n":6,"arr":["5","27","43","193","M25","M28"],"lines":"5, 27, 43, 193, M25, M28"},"geometry":{"type":"LineString","coordinates":[[19.02096,50.279961],[19.020932,50.280483],[19.020487,50.281129],[19.019334,50.283132]]}},{"type":"Feature","properties":{"mode":"bus","n":5,"arr":["5","27","43","M25","M28"],"lines":"5, 27, 43, M25, M28"},"geometry":{"type":"LineString","coordinates":[[19.023156,50.275668],[19.023163,50.275767],[19.022461,50.277421],[19.022245,50.277559],[19.021533,50.277783],[19.021314,50.277888],[19.021136,50.278025],[19.020978,50.278266],[19.020904,50.278594],[19.020905,50.279183],[19.02096,50.279961]]}},{"type":"Feature","properties":{"mode":"bus","n":5,"arr":["5","27","43","M25","M28"],"lines":"5, 27, 43, M25, M28"},"geometry":{"type":"LineString","coordinates":[[19.024657,50.270293],[19.024931,50.272672],[19.025057,50.27304],[19.025366,50.273477],[19.025389,50.273672],[19.025333,50.273796],[19.025112,50.273945],[19.024414,50.274142],[19.024283,50.274207],[19.024136,50.274324],[19.023895,50.274603],[19.023634,50.275128],[19.023335,50.275504]]}},{"type":"Feature","properties":{"mode":"bus","n":7,"arr":["5","27","43","109","M11","M25","M28"],"lines":"5, 27, 43, 109, M11, M25, M28"},"geometry":{"type":"LineString","coordinates":[[19.024364,50.270363],[19.024598,50.271993],[19.024629,50.27238],[19.024598,50.272649],[19.024523,50.272905],[19.023467,50.27495],[19.023156,50.275668]]}},{"type":"Feature","properties":{"mode":"bus","n":8,"arr":["5","27","43","61","600","911","M28","911N"],"lines":"5, 27, 43, 61, 600, 911, M28, 911N"},"geometry":{"type":"LineString","coordinates":[[19.020493,50.268284],[19.023813,50.267499],[19.023912,50.267502],[19.023975,50.267528],[19.024021,50.267566],[19.024364,50.270363]]}},{"type":"Feature","properties":{"mode":"bus","n":11,"arr":["5","7","11","23","43","70","154","600","657","M11","M25"],"lines":"5, 7, 11, 23, 43, 70, 154, 600, 657, M11, M25"},"geometry":{"type":"LineString","coordinates":[[19.012405,50.260164],[19.01249,50.26017]]}},{"type":"Feature","properties":{"mode":"bus","n":14,"arr":["5","11","27","43","61","70","109","177","600","657","911","M11","M25","911N"],"lines":"5, 11, 27, 43, 61, 70, 109, 177, 600, 657, 911, M11, M25, 911N"},"geometry":{"type":"LineString","coordinates":[[19.021442,50.271029],[19.024364,50.270363]]}},{"type":"Feature","properties":{"mode":"bus","n":13,"arr":["5","11","27","43","61","70","109","177","600","657","911","M25","911N"],"lines":"5, 11, 27, 43, 61, 70, 109, 177, 600, 657, 911, M25, 911N"},"geometry":{"type":"LineString","coordinates":[[19.024657,50.270293],[19.024364,50.270363]]}},{"type":"Feature","properties":{"mode":"bus","n":8,"arr":["5","24","52","99","104","185","264","M28"],"lines":"5, 24, 52, 99, 104, 185, 264, M28"},"geometry":{"type":"LineString","coordinates":[[18.953871,50.371851],[18.954337,50.37151],[18.954782,50.371334],[18.95521,50.371241]]}},{"type":"Feature","properties":{"mode":"bus","n":21,"arr":["6","8","58","71","80","187","194","202","287","617","650","687","694","702","759","840","M1","M14","M16","M100","M106"],"lines":"6, 8, 58, 71, 80, 187, 194, 202, 287, 617, 650, 687, 694, 702, 759, 840, M1, M14, M16, M100, M106"},"geometry":{"type":"LineString","coordinates":[[18.676327,50.303571],[18.676288,50.303633],[18.675464,50.30423],[18.675439,50.304243],[18.675412,50.304244],[18.675383,50.304235],[18.674761,50.30392]]}},{"type":"Feature","properties":{"mode":"bus","n":35,"arr":["6","8","32","41","58","71","80","126","156","187","194","197","202","224","287","617","650","669","676","678","687","692","694","699","702","759","840","M1","M14","M16","M18","M100","M105","M106","32N"],"lines":"6, 8, 32, 41, 58, 71, 80, 126, 156, 187, 194, 197, 202, 224, 287, 617, 650, 669, 676, 678, 687, 692, 694, 699, 702, 759, 840, M1, M14, M16, M18, M100, M105, M106, 32N"},"geometry":{"type":"LineString","coordinates":[[18.674761,50.30392],[18.675173,50.303644],[18.675273,50.303469],[18.675286,50.303291],[18.675249,50.303176],[18.675453,50.302964],[18.675691,50.302784]]}},{"type":"Feature","properties":{"mode":"bus","n":35,"arr":["6","8","32","41","58","71","80","126","156","187","194","197","202","224","287","617","650","669","676","678","687","692","694","699","702","759","840","M1","M14","M16","M18","M100","M105","M106","32N"],"lines":"6, 8, 32, 41, 58, 71, 80, 126, 156, 187, 194, 197, 202, 224, 287, 617, 650, 669, 676, 678, 687, 692, 694, 699, 702, 759, 840, M1, M14, M16, M18, M100, M105, M106, 32N"},"geometry":{"type":"LineString","coordinates":[[18.676987,50.303072],[18.676496,50.303476],[18.676327,50.303571]]}},{"type":"Feature","properties":{"mode":"bus","n":32,"arr":["6","8","32","58","71","80","126","156","187","194","197","202","224","287","617","650","676","678","687","692","694","699","702","759","840","M1","M14","M16","M100","M105","M106","32N"],"lines":"6, 8, 32, 58, 71, 80, 126, 156, 187, 194, 197, 202, 224, 287, 617, 650, 676, 678, 687, 692, 694, 699, 702, 759, 840, M1, M14, M16, M100, M105, M106, 32N"},"geometry":{"type":"LineString","coordinates":[[18.675848,50.302667],[18.675691,50.302784]]}},{"type":"Feature","properties":{"mode":"bus","n":35,"arr":["6","8","32","57","58","71","80","126","156","187","194","197","202","224","259","287","617","650","676","678","687","692","694","699","702","759","840","M1","M14","M16","M100","M105","M106","32N","692N"],"lines":"6, 8, 32, 57, 58, 71, 80, 126, 156, 187, 194, 197, 202, 224, 259, 287, 617, 650, 676, 678, 687, 692, 694, 699, 702, 759, 840, M1, M14, M16, M100, M105, M106, 32N, 692N"},"geometry":{"type":"LineString","coordinates":[[18.676012,50.30254],[18.675848,50.302667]]}},{"type":"Feature","properties":{"mode":"bus","n":37,"arr":["6","8","32","57","58","59","71","80","126","156","187","194","197","202","224","259","287","617","650","676","678","687","692","694","699","702","759","840","M1","M14","M16","M100","M104","M105","M106","32N","692N"],"lines":"6, 8, 32, 57, 58, 59, 71, 80, 126, 156, 187, 194, 197, 202, 224, 259, 287, 617, 650, 676, 678, 687, 692, 694, 699, 702, 759, 840, M1, M14, M16, M100, M104, M105, M106, 32N, 692N"},"geometry":{"type":"LineString","coordinates":[[18.676113,50.302468],[18.676012,50.30254]]}},{"type":"Feature","properties":{"mode":"bus","n":38,"arr":["6","8","32","57","58","59","71","80","126","156","187","194","197","202","224","259","287","617","650","676","678","687","692","694","699","702","759","840","M1","M14","M16","M100","M104","M105","M106","32N","692N","840N"],"lines":"6, 8, 32, 57, 58, 59, 71, 80, 126, 156, 187, 194, 197, 202, 224, 259, 287, 617, 650, 676, 678, 687, 692, 694, 699, 702, 759, 840, M1, M14, M16, M100, M104, M105, M106, 32N, 692N, 840N"},"geometry":{"type":"LineString","coordinates":[[18.676587,50.302168],[18.676113,50.302468]]}},{"type":"Feature","properties":{"mode":"bus","n":17,"arr":["6","32","71","126","156","197","287","617","650","678","692","699","840","M1","M16","M105","32N"],"lines":"6, 32, 71, 126, 156, 197, 287, 617, 650, 678, 692, 699, 840, M1, M16, M105, 32N"},"geometry":{"type":"LineString","coordinates":[[18.677394,50.302714],[18.676488,50.302227]]}},{"type":"Feature","properties":{"mode":"bus","n":36,"arr":["6","8","32","57","58","59","71","80","126","156","187","194","197","202","224","259","287","617","650","676","678","687","692","694","699","702","759","840","M1","M14","M16","M100","M104","M105","M106","32N"],"lines":"6, 8, 32, 57, 58, 59, 71, 80, 126, 156, 187, 194, 197, 202, 224, 259, 287, 617, 650, 676, 678, 687, 692, 694, 699, 702, 759, 840, M1, M14, M16, M100, M104, M105, M106, 32N"},"geometry":{"type":"LineString","coordinates":[[18.677394,50.302714],[18.677198,50.302891]]}},{"type":"Feature","properties":{"mode":"bus","n":39,"arr":["6","8","32","41","57","58","59","71","80","126","156","187","194","197","202","224","259","287","617","650","669","676","678","687","692","694","699","702","759","840","M1","M14","M16","M18","M100","M104","M105","M106","32N"],"lines":"6, 8, 32, 41, 57, 58, 59, 71, 80, 126, 156, 187, 194, 197, 202, 224, 259, 287, 617, 650, 669, 676, 678, 687, 692, 694, 699, 702, 759, 840, M1, M14, M16, M18, M100, M104, M105, M106, 32N"},"geometry":{"type":"LineString","coordinates":[[18.677198,50.302891],[18.676987,50.303072]]}},{"type":"Feature","properties":{"mode":"bus","n":12,"arr":["6","32","156","197","259","617","692","699","840","M1","M16","32N"],"lines":"6, 32, 156, 197, 259, 617, 692, 699, 840, M1, M16, 32N"},"geometry":{"type":"LineString","coordinates":[[18.676439,50.302645],[18.677082,50.302991]]}},{"type":"Feature","properties":{"mode":"bus","n":13,"arr":["6","32","156","197","259","617","692","699","840","M1","M16","32N","840N"],"lines":"6, 32, 156, 197, 259, 617, 692, 699, 840, M1, M16, 32N, 840N"},"geometry":{"type":"LineString","coordinates":[[18.676113,50.302468],[18.676439,50.302645]]}},{"type":"Feature","properties":{"mode":"bus","n":35,"arr":["6","8","32","57","58","59","71","80","156","187","194","197","202","224","259","287","617","650","676","687","692","694","699","702","759","840","M1","M14","M16","M100","M104","M106","32N","692N","840N"],"lines":"6, 8, 32, 57, 58, 59, 71, 80, 156, 187, 194, 197, 202, 224, 259, 287, 617, 650, 676, 687, 692, 694, 699, 702, 759, 840, M1, M14, M16, M100, M104, M106, 32N, 692N, 840N"},"geometry":{"type":"LineString","coordinates":[[18.677119,50.301883],[18.676587,50.302168]]}},{"type":"Feature","properties":{"mode":"bus","n":35,"arr":["6","8","32","57","58","59","71","80","156","187","194","197","202","224","259","287","617","650","676","687","692","694","699","702","759","840","M1","M14","M16","M100","M104","M106","32N","692N","840N"],"lines":"6, 8, 32, 57, 58, 59, 71, 80, 156, 187, 194, 197, 202, 224, 259, 287, 617, 650, 676, 687, 692, 694, 699, 702, 759, 840, M1, M14, M16, M100, M104, M106, 32N, 692N, 840N"},"geometry":{"type":"LineString","coordinates":[[18.67778,50.302243],[18.67762,50.302457]]}},{"type":"Feature","properties":{"mode":"bus","n":10,"arr":["6","59","156","187","259","287","617","676","M104","840N"],"lines":"6, 59, 156, 187, 259, 287, 617, 676, M104, 840N"},"geometry":{"type":"LineString","coordinates":[[18.686114,50.30087],[18.681899,50.303191]]}},{"type":"Feature","properties":{"mode":"bus","n":10,"arr":["6","59","156","187","259","287","617","759","M104","840N"],"lines":"6, 59, 156, 187, 259, 287, 617, 759, M104, 840N"},"geometry":{"type":"LineString","coordinates":[[18.689199,50.299156],[18.686114,50.30087]]}},{"type":"Feature","properties":{"mode":"bus","n":11,"arr":["6","59","156","187","259","287","617","759","840","M104","840N"],"lines":"6, 59, 156, 187, 259, 287, 617, 759, 840, M104, 840N"},"geometry":{"type":"LineString","coordinates":[[18.689199,50.299156],[18.690667,50.29841],[18.69339,50.297225]]}},{"type":"Feature","properties":{"mode":"bus","n":6,"arr":["6","156","259","617","840","840N"],"lines":"6, 156, 259, 617, 840, 840N"},"geometry":{"type":"LineString","coordinates":[[18.69339,50.297225],[18.693665,50.297167]]}},{"type":"Feature","properties":{"mode":"bus","n":7,"arr":["6","156","259","617","840","A4","840N"],"lines":"6, 156, 259, 617, 840, A4, 840N"},"geometry":{"type":"LineString","coordinates":[[18.693665,50.297167],[18.694114,50.297239]]}},{"type":"Feature","properties":{"mode":"bus","n":8,"arr":["6","156","259","617","840","A4","840N","A4N"],"lines":"6, 156, 259, 617, 840, A4, 840N, A4N"},"geometry":{"type":"LineString","coordinates":[[18.694114,50.297239],[18.713129,50.301265],[18.729729,50.304872]]}},{"type":"Feature","properties":{"mode":"bus","n":9,"arr":["6","156","259","617","840","A4","701N","840N","A4N"],"lines":"6, 156, 259, 617, 840, A4, 701N, 840N, A4N"},"geometry":{"type":"LineString","coordinates":[[18.729729,50.304872],[18.730358,50.30501]]}},{"type":"Feature","properties":{"mode":"bus","n":10,"arr":["6","156","259","617","840","A4","617N","701N","840N","A4N"],"lines":"6, 156, 259, 617, 840, A4, 617N, 701N, 840N, A4N"},"geometry":{"type":"LineString","coordinates":[[18.730358,50.30501],[18.730611,50.305068]]}},{"type":"Feature","properties":{"mode":"bus","n":8,"arr":["6","156","259","617","840","617N","701N","840N"],"lines":"6, 156, 259, 617, 840, 617N, 701N, 840N"},"geometry":{"type":"LineString","coordinates":[[18.732382,50.305385],[18.731731,50.305307],[18.730611,50.305068]]}},{"type":"Feature","properties":{"mode":"bus","n":7,"arr":["6","156","617","840","617N","701N","840N"],"lines":"6, 156, 617, 840, 617N, 701N, 840N"},"geometry":{"type":"LineString","coordinates":[[18.74036,50.30555],[18.734243,50.305468],[18.733,50.305427],[18.732382,50.305385]]}},{"type":"Feature","properties":{"mode":"bus","n":5,"arr":["6","617","840","701N","840N"],"lines":"6, 617, 840, 701N, 840N"},"geometry":{"type":"LineString","coordinates":[[18.761016,50.305798],[18.748529,50.305649],[18.746528,50.305604],[18.74036,50.30555]]}},{"type":"Feature","properties":{"mode":"bus","n":7,"arr":["6","617","720","770","840","701N","840N"],"lines":"6, 617, 720, 770, 840, 701N, 840N"},"geometry":{"type":"LineString","coordinates":[[18.766042,50.305867],[18.761016,50.305798]]}},{"type":"Feature","properties":{"mode":"bus","n":8,"arr":["6","286","617","720","770","840","701N","840N"],"lines":"6, 286, 617, 720, 770, 840, 701N, 840N"},"geometry":{"type":"LineString","coordinates":[[18.766221,50.305871],[18.766042,50.305867]]}},{"type":"Feature","properties":{"mode":"bus","n":6,"arr":["6","286","617","840","701N","840N"],"lines":"6, 286, 617, 840, 701N, 840N"},"geometry":{"type":"LineString","coordinates":[[18.776515,50.306559],[18.772941,50.305938],[18.769114,50.305877],[18.768276,50.305905],[18.766221,50.305871]]}},{"type":"Feature","properties":{"mode":"bus","n":16,"arr":["6","15","81","83","156","286","617","709","720","770","840","M16","617N","701N","705N","840N"],"lines":"6, 15, 81, 83, 156, 286, 617, 709, 720, 770, 840, M16, 617N, 701N, 705N, 840N"},"geometry":{"type":"LineString","coordinates":[[18.776515,50.306559],[18.776597,50.306374],[18.776791,50.305399],[18.776847,50.305325],[18.776899,50.305068]]}},{"type":"Feature","properties":{"mode":"bus","n":21,"arr":["6","15","23","32","47","81","83","111","156","286","617","709","720","770","840","M16","32N","617N","701N","705N","840N"],"lines":"6, 15, 23, 32, 47, 81, 83, 111, 156, 286, 617, 709, 720, 770, 840, M16, 32N, 617N, 701N, 705N, 840N"},"geometry":{"type":"LineString","coordinates":[[18.776899,50.305068],[18.778675,50.305195],[18.78136,50.305582]]}},{"type":"Feature","properties":{"mode":"bus","n":9,"arr":["6","7","23","111","840","M24","701N","705N","840N"],"lines":"6, 7, 23, 111, 840, M24, 701N, 705N, 840N"},"geometry":{"type":"LineString","coordinates":[[18.781753,50.305495],[18.781925,50.305553],[18.782542,50.305582]]}},{"type":"Feature","properties":{"mode":"bus","n":10,"arr":["6","7","23","111","234","840","M24","701N","705N","840N"],"lines":"6, 7, 23, 111, 234, 840, M24, 701N, 705N, 840N"},"geometry":{"type":"LineString","coordinates":[[18.782542,50.305582],[18.782882,50.305597]]}},{"type":"Feature","properties":{"mode":"bus","n":12,"arr":["6","7","23","111","198","234","840","M24","7N","701N","705N","840N"],"lines":"6, 7, 23, 111, 198, 234, 840, M24, 7N, 701N, 705N, 840N"},"geometry":{"type":"LineString","coordinates":[[18.783248,50.305614],[18.782882,50.305597]]}},{"type":"Feature","properties":{"mode":"bus","n":14,"arr":["6","7","111","198","234","706","720","770","840","M16","M24","7N","701N","840N"],"lines":"6, 7, 111, 198, 234, 706, 720, 770, 840, M16, M24, 7N, 701N, 840N"},"geometry":{"type":"LineString","coordinates":[[18.786027,50.302334],[18.785838,50.304502],[18.785806,50.304657],[18.785738,50.304778],[18.785599,50.304921],[18.784545,50.305773],[18.784292,50.305842],[18.784032,50.305816]]}},{"type":"Feature","properties":{"mode":"bus","n":5,"arr":["6","234","840","701N","840N"],"lines":"6, 234, 840, 701N, 840N"},"geometry":{"type":"LineString","coordinates":[[18.798188,50.299054],[18.795671,50.300266],[18.794371,50.301015],[18.793864,50.301364],[18.792047,50.30275],[18.791414,50.303256],[18.791266,50.303444]]}},{"type":"Feature","properties":{"mode":"bus","n":6,"arr":["6","234","840","M24","701N","840N"],"lines":"6, 234, 840, M24, 701N, 840N"},"geometry":{"type":"LineString","coordinates":[[18.818783,50.293512],[18.817353,50.293426],[18.814958,50.293344],[18.814814,50.293279],[18.814783,50.293243],[18.814776,50.293237],[18.814771,50.293234],[18.814766,50.293235],[18.814761,50.293238],[18.814757,50.293245],[18.814731,50.293307],[18.814717,50.293327],[18.814694,50.293339],[18.814661,50.293344],[18.813947,50.293369],[18.812876,50.293483],[18.811874,50.293674],[18.811122,50.293866],[18.809652,50.294288],[18.808355,50.29471],[18.805111,50.29586],[18.804049,50.29629],[18.803074,50.29675],[18.802524,50.296968],[18.801848,50.297274],[18.798188,50.299054]]}},{"type":"Feature","properties":{"mode":"bus","n":7,"arr":["6","155","255","840","M24","701N","840N"],"lines":"6, 155, 255, 840, M24, 701N, 840N"},"geometry":{"type":"LineString","coordinates":[[18.84646,50.299338],[18.852185,50.29974]]}},{"type":"Feature","properties":{"mode":"bus","n":6,"arr":["6","155","255","840","M24","840N"],"lines":"6, 155, 255, 840, M24, 840N"},"geometry":{"type":"LineString","coordinates":[[18.852185,50.29974],[18.853273,50.299822],[18.853466,50.299804]]}},{"type":"Feature","properties":{"mode":"bus","n":6,"arr":["6","39","146","155","230","255"],"lines":"6, 39, 146, 155, 230, 255"},"geometry":{"type":"LineString","coordinates":[[18.853831,50.299734],[18.853769,50.299498],[18.854006,50.298024]]}},{"type":"Feature","properties":{"mode":"bus","n":6,"arr":["6","39","146","155","230","255"],"lines":"6, 39, 146, 155, 230, 255"},"geometry":{"type":"LineString","coordinates":[[18.855449,50.288992],[18.856354,50.283477],[18.856341,50.283335],[18.856403,50.282976],[18.856507,50.282628],[18.856781,50.282178],[18.858031,50.280973],[18.858694,50.28047],[18.858883,50.28039]]}},{"type":"Feature","properties":{"mode":"bus","n":5,"arr":["6","23","39","146","147"],"lines":"6, 23, 39, 146, 147"},"geometry":{"type":"LineString","coordinates":[[18.858883,50.28039],[18.859065,50.280447],[18.859292,50.280581],[18.859368,50.280658],[18.859519,50.28072],[18.859913,50.280825],[18.860903,50.281022],[18.869471,50.28254],[18.870319,50.282666],[18.873609,50.283293],[18.876193,50.283737]]}},{"type":"Feature","properties":{"mode":"bus","n":5,"arr":["6","23","39","146","147"],"lines":"6, 23, 39, 146, 147"},"geometry":{"type":"LineString","coordinates":[[18.869184,50.282419],[18.869157,50.282485]]}},{"type":"Feature","properties":{"mode":"bus","n":6,"arr":["6","22","48","74","139","632"],"lines":"6, 22, 48, 74, 139, 632"},"geometry":{"type":"LineString","coordinates":[[18.939925,50.283245],[18.939791,50.283097],[18.938589,50.282077]]}},{"type":"Feature","properties":{"mode":"bus","n":6,"arr":["6","22","48","74","139","632"],"lines":"6, 22, 48, 74, 139, 632"},"geometry":{"type":"LineString","coordinates":[[18.942513,50.285845],[18.946234,50.289783],[18.946542,50.290152]]}},{"type":"Feature","properties":{"mode":"bus","n":6,"arr":["6","22","48","74","139","632"],"lines":"6, 22, 48, 74, 139, 632"},"geometry":{"type":"LineString","coordinates":[[18.939925,50.283245],[18.939967,50.283377],[18.940197,50.283672],[18.941854,50.285336],[18.942477,50.285817],[18.942488,50.285825],[18.942495,50.285829],[18.942499,50.28583],[18.9425,50.285827],[18.942498,50.285821],[18.942492,50.285812],[18.942431,50.285712],[18.941978,50.285286],[18.940151,50.283417],[18.939925,50.283245]]}},{"type":"Feature","properties":{"mode":"bus","n":6,"arr":["6","22","48","74","139","632"],"lines":"6, 22, 48, 74, 139, 632"},"geometry":{"type":"LineString","coordinates":[[18.943565,50.286958],[18.94345,50.28699]]}},{"type":"Feature","properties":{"mode":"bus","n":5,"arr":["6","22","48","139","632"],"lines":"6, 22, 48, 139, 632"},"geometry":{"type":"LineString","coordinates":[[18.940789,50.284064],[18.940887,50.284025]]}},{"type":"Feature","properties":{"mode":"bus","n":7,"arr":["6","48","74","139","632","840","840N"],"lines":"6, 48, 74, 139, 632, 840, 840N"},"geometry":{"type":"LineString","coordinates":[[18.946542,50.290152],[18.946734,50.290308],[18.95006,50.292224],[18.951328,50.292983],[18.951633,50.293272],[18.95237,50.294256],[18.952535,50.294407],[18.953923,50.295118],[18.955776,50.295765]]}},{"type":"Feature","properties":{"mode":"bus","n":5,"arr":["6","840","998","M3","840N"],"lines":"6, 840, 998, M3, 840N"},"geometry":{"type":"LineString","coordinates":[[18.955776,50.295765],[18.956563,50.294774],[18.956853,50.29448],[18.956993,50.294406]]}},{"type":"Feature","properties":{"mode":"bus","n":5,"arr":["6","840","998","M3","840N"],"lines":"6, 840, 998, M3, 840N"},"geometry":{"type":"LineString","coordinates":[[18.955925,50.295808],[18.956966,50.29451],[18.956993,50.294406],[18.957183,50.294152],[18.957275,50.293922],[18.957444,50.293218],[18.957612,50.292881],[18.957831,50.292649],[18.958141,50.292412],[18.95841,50.292272],[18.958777,50.292135]]}},{"type":"Feature","properties":{"mode":"bus","n":9,"arr":["6","23","51","138","673","674","840","M3","840N"],"lines":"6, 23, 51, 138, 673, 674, 840, M3, 840N"},"geometry":{"type":"LineString","coordinates":[[18.975711,50.282224],[18.972999,50.283967]]}},{"type":"Feature","properties":{"mode":"bus","n":8,"arr":["6","51","138","673","674","840","M3","840N"],"lines":"6, 51, 138, 673, 674, 840, M3, 840N"},"geometry":{"type":"LineString","coordinates":[[18.975867,50.282124],[18.975711,50.282224]]}},{"type":"Feature","properties":{"mode":"bus","n":11,"arr":["6","7","23","109","673","674","840","M3","M24","7N","840N"],"lines":"6, 7, 23, 109, 673, 674, 840, M3, M24, 7N, 840N"},"geometry":{"type":"LineString","coordinates":[[18.99297,50.271254],[18.98623,50.275588],[18.985261,50.276083],[18.984537,50.276552]]}},{"type":"Feature","properties":{"mode":"bus","n":11,"arr":["6","7","23","109","673","674","840","M3","M24","7N","840N"],"lines":"6, 7, 23, 109, 673, 674, 840, M3, M24, 7N, 840N"},"geometry":{"type":"LineString","coordinates":[[18.996362,50.270996],[18.996644,50.270869]]}},{"type":"Feature","properties":{"mode":"bus","n":11,"arr":["6","7","23","109","673","674","840","M3","M24","7N","840N"],"lines":"6, 7, 23, 109, 673, 674, 840, M3, M24, 7N, 840N"},"geometry":{"type":"LineString","coordinates":[[18.984813,50.27656],[18.990046,50.273215],[18.991886,50.272105],[18.992187,50.271953],[18.99259,50.271792],[18.993083,50.271654],[18.993556,50.271565]]}},{"type":"Feature","properties":{"mode":"bus","n":12,"arr":["6","7","23","109","110","673","674","840","M3","M24","7N","840N"],"lines":"6, 7, 23, 109, 110, 673, 674, 840, M3, M24, 7N, 840N"},"geometry":{"type":"LineString","coordinates":[[18.996837,50.270631],[18.995767,50.270749],[18.994737,50.270758],[18.994352,50.270778],[18.994023,50.270822],[18.993486,50.270979],[18.99297,50.271254]]}},{"type":"Feature","properties":{"mode":"bus","n":12,"arr":["6","7","23","109","110","673","674","840","M3","M24","7N","840N"],"lines":"6, 7, 23, 109, 110, 673, 674, 840, M3, M24, 7N, 840N"},"geometry":{"type":"LineString","coordinates":[[18.993556,50.271565],[18.994981,50.271327],[18.995511,50.271216],[18.996362,50.270996]]}},{"type":"Feature","properties":{"mode":"bus","n":13,"arr":["6","7","23","109","110","673","674","840","M1","M3","M24","7N","840N"],"lines":"6, 7, 23, 109, 110, 673, 674, 840, M1, M3, M24, 7N, 840N"},"geometry":{"type":"LineString","coordinates":[[18.998222,50.270288],[18.996837,50.270631]]}},{"type":"Feature","properties":{"mode":"bus","n":13,"arr":["6","7","23","109","110","673","674","840","M1","M3","M24","7N","840N"],"lines":"6, 7, 23, 109, 110, 673, 674, 840, M1, M3, M24, 7N, 840N"},"geometry":{"type":"LineString","coordinates":[[18.996771,50.270835],[18.998392,50.270427]]}},{"type":"Feature","properties":{"mode":"bus","n":11,"arr":["6","7","23","673","674","840","M1","M3","M24","7N","840N"],"lines":"6, 7, 23, 673, 674, 840, M1, M3, M24, 7N, 840N"},"geometry":{"type":"LineString","coordinates":[[19.003368,50.269011],[18.998222,50.270288]]}},{"type":"Feature","properties":{"mode":"bus","n":12,"arr":["6","7","23","110","673","674","840","M1","M3","M24","7N","840N"],"lines":"6, 7, 23, 110, 673, 674, 840, M1, M3, M24, 7N, 840N"},"geometry":{"type":"LineString","coordinates":[[19.011554,50.266961],[19.010858,50.267104],[19.009341,50.267469],[19.006344,50.26833],[19.003368,50.269011]]}},{"type":"Feature","properties":{"mode":"bus","n":12,"arr":["6","7","23","110","673","674","840","M1","M3","M24","7N","840N"],"lines":"6, 7, 23, 110, 673, 674, 840, M1, M3, M24, 7N, 840N"},"geometry":{"type":"LineString","coordinates":[[19.012664,50.267117],[19.008141,50.268209],[19.006115,50.268598],[19.005658,50.268668],[19.002968,50.269285],[18.998392,50.270427]]}},{"type":"Feature","properties":{"mode":"bus","n":13,"arr":["6","7","23","110","193","673","674","840","M1","M3","M24","7N","840N"],"lines":"6, 7, 23, 110, 193, 673, 674, 840, M1, M3, M24, 7N, 840N"},"geometry":{"type":"LineString","coordinates":[[19.018701,50.265275],[19.017891,50.265449],[19.014652,50.266237],[19.011554,50.266961]]}},{"type":"Feature","properties":{"mode":"bus","n":13,"arr":["6","7","23","110","193","673","674","840","M1","M3","M24","7N","840N"],"lines":"6, 7, 23, 110, 193, 673, 674, 840, M1, M3, M24, 7N, 840N"},"geometry":{"type":"LineString","coordinates":[[19.01892,50.265654],[19.015561,50.266458],[19.012664,50.267117]]}},{"type":"Feature","properties":{"mode":"bus","n":6,"arr":["6","673","840","M1","M3","M24"],"lines":"6, 673, 840, M1, M3, M24"},"geometry":{"type":"LineString","coordinates":[[19.018701,50.265275],[19.018876,50.265229]]}},{"type":"Feature","properties":{"mode":"bus","n":18,"arr":["6","30","40","601","673","807","808","814","835","840","930","M1","M2","M3","M4","M23","M24","M101"],"lines":"6, 30, 40, 601, 673, 807, 808, 814, 835, 840, 930, M1, M2, M3, M4, M23, M24, M101"},"geometry":{"type":"LineString","coordinates":[[19.022141,50.260908],[19.022245,50.260991],[19.02228,50.261079],[19.023151,50.263653],[19.023154,50.263781],[19.023018,50.263985]]}},{"type":"Feature","properties":{"mode":"bus","n":19,"arr":["6","30","40","601","673","807","808","814","835","840","910","930","M1","M2","M3","M4","M23","M24","M101"],"lines":"6, 30, 40, 601, 673, 807, 808, 814, 835, 840, 910, 930, M1, M2, M3, M4, M23, M24, M101"},"geometry":{"type":"LineString","coordinates":[[19.020701,50.260975],[19.022141,50.260908]]}},{"type":"Feature","properties":{"mode":"bus","n":10,"arr":["6","30","601","673","840","910","930","M1","M24","M101"],"lines":"6, 30, 601, 673, 840, 910, 930, M1, M24, M101"},"geometry":{"type":"LineString","coordinates":[[19.020701,50.260975],[19.020523,50.260926],[19.020103,50.260544],[19.019978,50.260511],[19.019927,50.260506],[19.01988,50.260518],[19.018409,50.261172],[19.017092,50.261711]]}},{"type":"Feature","properties":{"mode":"bus","n":16,"arr":["6","30","149","673","840","910","911","930","AP","M1","M24","7N","30N","76N","840N","911N"],"lines":"6, 30, 149, 673, 840, 910, 911, 930, AP, M1, M24, 7N, 30N, 76N, 840N, 911N"},"geometry":{"type":"LineString","coordinates":[[19.017092,50.261711],[19.01587,50.262241]]}},{"type":"Feature","properties":{"mode":"bus","n":18,"arr":["6","7","23","30","110","149","154","193","673","674","840","AP","M1","M3","M24","7N","76N","840N"],"lines":"6, 7, 23, 30, 110, 149, 154, 193, 673, 674, 840, AP, M1, M3, M24, 7N, 76N, 840N"},"geometry":{"type":"LineString","coordinates":[[19.019089,50.265596],[19.01892,50.265654]]}},{"type":"Feature","properties":{"mode":"bus","n":12,"arr":["6","7","23","109","673","674","840","M1","M3","M24","7N","840N"],"lines":"6, 7, 23, 109, 673, 674, 840, M1, M3, M24, 7N, 840N"},"geometry":{"type":"LineString","coordinates":[[18.996644,50.270869],[18.996771,50.270835]]}},{"type":"Feature","properties":{"mode":"bus","n":7,"arr":["6","48","74","139","632","998","M3"],"lines":"6, 48, 74, 139, 632, 998, M3"},"geometry":{"type":"LineString","coordinates":[[18.955776,50.295765],[18.955925,50.295808]]}},{"type":"Feature","properties":{"mode":"bus","n":12,"arr":["6","7","111","198","706","720","770","840","M16","M24","7N","840N"],"lines":"6, 7, 111, 198, 706, 720, 770, 840, M16, M24, 7N, 840N"},"geometry":{"type":"LineString","coordinates":[[18.786053,50.30216],[18.786027,50.302334]]}},{"type":"Feature","properties":{"mode":"bus","n":8,"arr":["7","198","706","720","770","M16","M24","7N"],"lines":"7, 198, 706, 720, 770, M16, M24, 7N"},"geometry":{"type":"LineString","coordinates":[[18.786874,50.298554],[18.786791,50.298955],[18.78637,50.300403],[18.786053,50.30216]]}},{"type":"Feature","properties":{"mode":"bus","n":26,"arr":["6","7","15","23","32","47","81","83","111","156","198","234","286","617","706","709","720","770","840","M16","M24","7N","32N","617N","701N","840N"],"lines":"6, 7, 15, 23, 32, 47, 81, 83, 111, 156, 198, 234, 286, 617, 706, 709, 720, 770, 840, M16, M24, 7N, 32N, 617N, 701N, 840N"},"geometry":{"type":"LineString","coordinates":[[18.781753,50.305495],[18.781918,50.305449]]}},{"type":"Feature","properties":{"mode":"bus","n":10,"arr":["6","32","47","111","617","840","M16","617N","701N","840N"],"lines":"6, 32, 47, 111, 617, 840, M16, 617N, 701N, 840N"},"geometry":{"type":"LineString","coordinates":[[18.781918,50.305449],[18.782894,50.305497]]}},{"type":"Feature","properties":{"mode":"bus","n":13,"arr":["6","32","47","111","617","706","720","840","M16","32N","617N","701N","840N"],"lines":"6, 32, 47, 111, 617, 706, 720, 840, M16, 32N, 617N, 701N, 840N"},"geometry":{"type":"LineString","coordinates":[[18.783207,50.305513],[18.782894,50.305497]]}},{"type":"Feature","properties":{"mode":"bus","n":23,"arr":["6","7","15","23","32","47","81","83","111","156","286","617","706","709","720","770","840","M16","M24","32N","617N","701N","840N"],"lines":"6, 7, 15, 23, 32, 47, 81, 83, 111, 156, 286, 617, 706, 709, 720, 770, 840, M16, M24, 32N, 617N, 701N, 840N"},"geometry":{"type":"LineString","coordinates":[[18.783248,50.305614],[18.783207,50.305513]]}},{"type":"Feature","properties":{"mode":"bus","n":14,"arr":["6","8","32","58","194","197","202","687","692","694","699","M1","M16","32N"],"lines":"6, 8, 32, 58, 194, 197, 202, 687, 692, 694, 699, M1, M16, 32N"},"geometry":{"type":"LineString","coordinates":[[18.672912,50.304708],[18.672866,50.304746]]}},{"type":"Feature","properties":{"mode":"bus","n":6,"arr":["32","197","202","692","699","32N"],"lines":"32, 197, 202, 692, 699, 32N"},"geometry":{"type":"LineString","coordinates":[[18.672866,50.304746],[18.672732,50.304965],[18.672632,50.305069]]}},{"type":"Feature","properties":{"mode":"bus","n":22,"arr":["6","8","58","71","80","187","194","202","287","617","650","676","687","694","702","759","840","M1","M14","M16","M100","M106"],"lines":"6, 8, 58, 71, 80, 187, 194, 202, 287, 617, 650, 676, 687, 694, 702, 759, 840, M1, M14, M16, M100, M106"},"geometry":{"type":"LineString","coordinates":[[18.67778,50.302243],[18.677621,50.302136],[18.677119,50.301883]]}},{"type":"Feature","properties":{"mode":"bus","n":33,"arr":["6","8","32","57","58","59","71","80","156","187","194","197","202","224","259","287","617","650","676","687","692","694","699","702","759","840","M1","M14","M16","M100","M104","M106","32N"],"lines":"6, 8, 32, 57, 58, 59, 71, 80, 156, 187, 194, 197, 202, 224, 259, 287, 617, 650, 676, 687, 692, 694, 699, 702, 759, 840, M1, M14, M16, M100, M104, M106, 32N"},"geometry":{"type":"LineString","coordinates":[[18.67762,50.302457],[18.677394,50.302714]]}},{"type":"Feature","properties":{"mode":"bus","n":5,"arr":["7","51","109","138","7N"],"lines":"7, 51, 109, 138, 7N"},"geometry":{"type":"LineString","coordinates":[[18.974657,50.270911],[18.974741,50.27129],[18.975208,50.272527]]}},{"type":"Feature","properties":{"mode":"bus","n":5,"arr":["7","51","109","138","7N"],"lines":"7, 51, 109, 138, 7N"},"geometry":{"type":"LineString","coordinates":[[18.97486,50.271101],[18.974846,50.27098],[18.974554,50.27014],[18.974548,50.270129],[18.974537,50.270122],[18.974523,50.27012],[18.974504,50.270123],[18.97447,50.270132],[18.974448,50.270141],[18.974438,50.270153],[18.974438,50.270169],[18.974644,50.270769]]}},{"type":"Feature","properties":{"mode":"bus","n":8,"arr":["7","22","23","48","74","139","632","7N"],"lines":"7, 22, 23, 48, 74, 139, 632, 7N"},"geometry":{"type":"LineString","coordinates":[[18.943753,50.279342],[18.942769,50.279959],[18.942128,50.280327],[18.940175,50.281294]]}},{"type":"Feature","properties":{"mode":"bus","n":8,"arr":["7","22","23","48","74","139","632","7N"],"lines":"7, 22, 23, 48, 74, 139, 632, 7N"},"geometry":{"type":"LineString","coordinates":[[18.939708,50.281524],[18.938589,50.282077]]}},{"type":"Feature","properties":{"mode":"bus","n":7,"arr":["7","22","23","48","74","632","7N"],"lines":"7, 22, 23, 48, 74, 632, 7N"},"geometry":{"type":"LineString","coordinates":[[18.940175,50.281294],[18.939708,50.281524]]}},{"type":"Feature","properties":{"mode":"bus","n":5,"arr":["7","23","74","139","7N"],"lines":"7, 23, 74, 139, 7N"},"geometry":{"type":"LineString","coordinates":[[18.94132,50.280837],[18.941209,50.280891]]}},{"type":"Feature","properties":{"mode":"bus","n":7,"arr":["7","22","23","48","139","632","7N"],"lines":"7, 22, 23, 48, 139, 632, 7N"},"geometry":{"type":"LineString","coordinates":[[18.94076,50.281108],[18.939782,50.28159]]}},{"type":"Feature","properties":{"mode":"bus","n":5,"arr":["7","23","48","139","7N"],"lines":"7, 23, 48, 139, 7N"},"geometry":{"type":"LineString","coordinates":[[18.939782,50.28159],[18.939708,50.281524]]}},{"type":"Feature","properties":{"mode":"bus","n":7,"arr":["7","13","39","121","139","669","7N"],"lines":"7, 13, 39, 121, 139, 669, 7N"},"geometry":{"type":"LineString","coordinates":[[18.902051,50.254013],[18.902177,50.254107],[18.90219,50.254262],[18.901728,50.25649],[18.901491,50.257322],[18.901507,50.257534],[18.901687,50.258285],[18.901724,50.258705],[18.901653,50.259677],[18.901513,50.260738],[18.901522,50.260893],[18.901592,50.2612],[18.901662,50.261323],[18.901897,50.261608],[18.903046,50.262815],[18.90325,50.263096],[18.903214,50.263188]]}},{"type":"Feature","properties":{"mode":"bus","n":12,"arr":["7","13","39","48","120","121","130","139","177","669","7N","130N"],"lines":"7, 13, 39, 48, 120, 121, 130, 139, 177, 669, 7N, 130N"},"geometry":{"type":"LineString","coordinates":[[18.900097,50.252914],[18.900184,50.25313],[18.900218,50.253803],[18.90048,50.253971],[18.900641,50.254054],[18.900853,50.254074],[18.902051,50.254013]]}},{"type":"Feature","properties":{"mode":"bus","n":12,"arr":["7","13","39","48","120","121","130","139","177","669","7N","130N"],"lines":"7, 13, 39, 48, 120, 121, 130, 139, 177, 669, 7N, 130N"},"geometry":{"type":"LineString","coordinates":[[18.902945,50.253329],[18.901117,50.25279],[18.900692,50.252749],[18.900276,50.252773]]}},{"type":"Feature","properties":{"mode":"bus","n":12,"arr":["7","13","39","48","120","121","130","139","177","669","7N","130N"],"lines":"7, 13, 39, 48, 120, 121, 130, 139, 177, 669, 7N, 130N"},"geometry":{"type":"LineString","coordinates":[[18.903319,50.253492],[18.902533,50.253963]]}},{"type":"Feature","properties":{"mode":"bus","n":7,"arr":["7","146","230","255","982","M21","7N"],"lines":"7, 146, 230, 255, 982, M21, 7N"},"geometry":{"type":"LineString","coordinates":[[18.859013,50.262602],[18.859129,50.262745],[18.859198,50.262776]]}},{"type":"Feature","properties":{"mode":"bus","n":5,"arr":["7","23","147","155","7N"],"lines":"7, 23, 147, 155, 7N"},"geometry":{"type":"LineString","coordinates":[[18.863263,50.276488],[18.86368,50.276434]]}},{"type":"Feature","properties":{"mode":"bus","n":6,"arr":["7","23","147","155","255","7N"],"lines":"7, 23, 147, 155, 255, 7N"},"geometry":{"type":"LineString","coordinates":[[18.841201,50.270024],[18.842805,50.270751],[18.844429,50.271379],[18.845537,50.271867],[18.845642,50.271988],[18.847274,50.272924],[18.84729,50.272931],[18.847303,50.272934],[18.847313,50.272931],[18.847322,50.272924],[18.847327,50.272913],[18.84734,50.272875],[18.847345,50.272864],[18.847353,50.272857],[18.847364,50.272854],[18.847377,50.272857],[18.847392,50.272865],[18.848105,50.273292],[18.848176,50.273384],[18.852198,50.2757],[18.852227,50.275712],[18.852258,50.275715],[18.852291,50.275709],[18.852388,50.275682],[18.852556,50.275691],[18.860416,50.276589],[18.863263,50.276488]]}},{"type":"Feature","properties":{"mode":"bus","n":7,"arr":["7","23","147","155","198","255","7N"],"lines":"7, 23, 147, 155, 198, 255, 7N"},"geometry":{"type":"LineString","coordinates":[[18.838078,50.26855],[18.837972,50.268574],[18.837937,50.268613],[18.837927,50.268634],[18.837934,50.268656],[18.838225,50.269048],[18.838526,50.269267],[18.839246,50.269539],[18.839633,50.26966],[18.840851,50.269911],[18.841201,50.270024]]}},{"type":"Feature","properties":{"mode":"bus","n":7,"arr":["7","23","147","155","198","255","7N"],"lines":"7, 23, 147, 155, 198, 255, 7N"},"geometry":{"type":"LineString","coordinates":[[18.838156,50.268555],[18.838016,50.268534],[18.837671,50.2684],[18.836186,50.267637],[18.835359,50.267409]]}},{"type":"Feature","properties":{"mode":"bus","n":5,"arr":["7","23","111","198","7N"],"lines":"7, 23, 111, 198, 7N"},"geometry":{"type":"LineString","coordinates":[[18.793946,50.28778],[18.794734,50.286658],[18.795696,50.285581],[18.795897,50.285315],[18.795988,50.285136],[18.796953,50.282858],[18.797039,50.282352],[18.797094,50.280685]]}},{"type":"Feature","properties":{"mode":"bus","n":8,"arr":["7","23","47","111","198","706","M16","7N"],"lines":"7, 23, 47, 111, 198, 706, M16, 7N"},"geometry":{"type":"LineString","coordinates":[[18.790191,50.292992],[18.792136,50.290518],[18.793946,50.28778]]}},{"type":"Feature","properties":{"mode":"bus","n":9,"arr":["7","23","47","111","198","706","770","M16","7N"],"lines":"7, 23, 47, 111, 198, 706, 770, M16, 7N"},"geometry":{"type":"LineString","coordinates":[[18.790191,50.292992],[18.789322,50.294094]]}},{"type":"Feature","properties":{"mode":"bus","n":7,"arr":["7","198","706","720","770","M16","7N"],"lines":"7, 198, 706, 720, 770, M16, 7N"},"geometry":{"type":"LineString","coordinates":[[18.789322,50.294094],[18.787163,50.296892],[18.787085,50.297115],[18.786874,50.298554]]}},{"type":"Feature","properties":{"mode":"bus","n":21,"arr":["7","15","23","32","47","81","83","156","198","234","286","617","706","709","720","770","M16","M24","7N","32N","617N"],"lines":"7, 15, 23, 32, 47, 81, 83, 156, 198, 234, 286, 617, 706, 709, 720, 770, M16, M24, 7N, 32N, 617N"},"geometry":{"type":"LineString","coordinates":[[18.781918,50.305449],[18.781944,50.305359]]}},{"type":"Feature","properties":{"mode":"bus","n":18,"arr":["7","15","23","32","47","81","83","156","198","234","286","706","709","720","770","M24","7N","32N"],"lines":"7, 15, 23, 32, 47, 81, 83, 156, 198, 234, 286, 706, 709, 720, 770, M24, 7N, 32N"},"geometry":{"type":"LineString","coordinates":[[18.781944,50.305359],[18.781961,50.305301],[18.781967,50.305292],[18.781978,50.305285],[18.782003,50.305274],[18.782574,50.305302]]}},{"type":"Feature","properties":{"mode":"bus","n":6,"arr":["7","23","32","47","156","M24"],"lines":"7, 23, 32, 47, 156, M24"},"geometry":{"type":"LineString","coordinates":[[18.78317,50.30542],[18.783147,50.305362],[18.783134,50.305344],[18.783113,50.305332],[18.783083,50.305327],[18.782574,50.305302]]}},{"type":"Feature","properties":{"mode":"bus","n":6,"arr":["7","23","32","47","156","M24"],"lines":"7, 23, 32, 47, 156, M24"},"geometry":{"type":"LineString","coordinates":[[18.783894,50.305678],[18.78391,50.305589],[18.783973,50.305509],[18.78409,50.30545],[18.784277,50.305415]]}},{"type":"Feature","properties":{"mode":"bus","n":15,"arr":["7","15","23","32","47","81","83","156","286","617","709","770","M16","M24","617N"],"lines":"7, 15, 23, 32, 47, 81, 83, 156, 286, 617, 709, 770, M16, M24, 617N"},"geometry":{"type":"LineString","coordinates":[[18.783207,50.305513],[18.78317,50.30542]]}},{"type":"Feature","properties":{"mode":"bus","n":7,"arr":["7","13","39","48","139","177","7N"],"lines":"7, 13, 39, 48, 139, 177, 7N"},"geometry":{"type":"LineString","coordinates":[[18.900276,50.252773],[18.900123,50.252858],[18.900097,50.252914]]}},{"type":"Feature","properties":{"mode":"bus","n":8,"arr":["7","13","39","48","121","139","669","7N"],"lines":"7, 13, 39, 48, 121, 139, 669, 7N"},"geometry":{"type":"LineString","coordinates":[[18.903319,50.253492],[18.902945,50.253329]]}},{"type":"Feature","properties":{"mode":"bus","n":11,"arr":["7","13","39","48","120","130","139","177","669","7N","130N"],"lines":"7, 13, 39, 48, 120, 130, 139, 177, 669, 7N, 130N"},"geometry":{"type":"LineString","coordinates":[[18.902533,50.253963],[18.902309,50.254011],[18.902051,50.254013]]}},{"type":"Feature","properties":{"mode":"bus","n":16,"arr":["8","58","59","80","126","156","187","194","676","678","687","694","759","M14","M104","M105"],"lines":"8, 58, 59, 80, 126, 156, 187, 194, 676, 678, 687, 694, 759, M14, M104, M105"},"geometry":{"type":"LineString","coordinates":[[18.676388,50.30229],[18.677308,50.302792]]}},{"type":"Feature","properties":{"mode":"bus","n":18,"arr":["8","41","58","126","156","187","194","224","669","676","678","687","694","699","M1","M16","M18","M105"],"lines":"8, 41, 58, 126, 156, 187, 194, 224, 669, 676, 678, 687, 694, 699, M1, M16, M18, M105"},"geometry":{"type":"LineString","coordinates":[[18.672623,50.304585],[18.672601,50.304561]]}},{"type":"Feature","properties":{"mode":"bus","n":16,"arr":["8","41","58","126","156","194","224","669","676","678","687","694","M1","M16","M18","M105"],"lines":"8, 41, 58, 126, 156, 194, 224, 669, 676, 678, 687, 694, M1, M16, M18, M105"},"geometry":{"type":"LineString","coordinates":[[18.672601,50.304561],[18.672495,50.304484],[18.672087,50.304287],[18.671505,50.304042],[18.671267,50.303875],[18.671184,50.303724],[18.671123,50.303339],[18.67115,50.303116],[18.671188,50.303057],[18.671349,50.302955],[18.674092,50.301948],[18.674331,50.301815],[18.674517,50.301671],[18.674654,50.301483],[18.675577,50.299937],[18.675726,50.299636]]}},{"type":"Feature","properties":{"mode":"bus","n":17,"arr":["8","41","58","126","156","194","669","676","678","687","694","A4","M1","M16","M18","M105","A4N"],"lines":"8, 41, 58, 126, 156, 194, 669, 676, 678, 687, 694, A4, M1, M16, M18, M105, A4N"},"geometry":{"type":"LineString","coordinates":[[18.675726,50.299636],[18.676074,50.298974],[18.676149,50.298766],[18.676551,50.298061],[18.676858,50.297791],[18.677,50.297701]]}},{"type":"Feature","properties":{"mode":"bus","n":14,"arr":["8","41","58","126","194","669","678","687","694","A4","M1","M16","M18","M105"],"lines":"8, 41, 58, 126, 194, 669, 678, 687, 694, A4, M1, M16, M18, M105"},"geometry":{"type":"LineString","coordinates":[[18.676074,50.298974],[18.676285,50.298777],[18.676675,50.298097],[18.676718,50.297916]]}},{"type":"Feature","properties":{"mode":"bus","n":29,"arr":["8","32","41","57","58","59","126","156","194","197","224","259","669","676","678","687","692","694","699","702","M1","M16","M18","M100","M104","M105","M106","32N","692N"],"lines":"8, 32, 41, 57, 58, 59, 126, 156, 194, 197, 224, 259, 669, 676, 678, 687, 692, 694, 699, 702, M1, M16, M18, M100, M104, M105, M106, 32N, 692N"},"geometry":{"type":"LineString","coordinates":[[18.676718,50.297916],[18.676461,50.297648],[18.675999,50.297249]]}},{"type":"Feature","properties":{"mode":"bus","n":27,"arr":["8","32","41","57","58","59","126","156","194","259","669","676","678","687","692","694","699","702","M1","M16","M18","M100","M104","M105","M106","32N","692N"],"lines":"8, 32, 41, 57, 58, 59, 126, 156, 194, 259, 669, 676, 678, 687, 692, 694, 699, 702, M1, M16, M18, M100, M104, M105, M106, 32N, 692N"},"geometry":{"type":"LineString","coordinates":[[18.675999,50.297249],[18.674385,50.296201],[18.674119,50.295974]]}},{"type":"Feature","properties":{"mode":"bus","n":27,"arr":["8","32","41","57","58","59","126","156","194","259","669","676","678","687","692","694","699","702","M1","M16","M18","M100","M104","M105","M106","32N","692N"],"lines":"8, 32, 41, 57, 58, 59, 126, 156, 194, 259, 669, 676, 678, 687, 692, 694, 699, 702, M1, M16, M18, M100, M104, M105, M106, 32N, 692N"},"geometry":{"type":"LineString","coordinates":[[18.678642,50.297076],[18.678465,50.296737],[18.678245,50.296045],[18.677976,50.295757],[18.675707,50.293732],[18.675222,50.293337],[18.673714,50.292608]]}},{"type":"Feature","properties":{"mode":"bus","n":19,"arr":["8","32","41","58","59","126","156","194","669","678","687","694","702","M1","M16","M18","M104","M105","32N"],"lines":"8, 32, 41, 58, 59, 126, 156, 194, 669, 678, 687, 694, 702, M1, M16, M18, M104, M105, 32N"},"geometry":{"type":"LineString","coordinates":[[18.674119,50.295974],[18.673481,50.29544],[18.671705,50.294628],[18.670015,50.293719],[18.669048,50.293056],[18.668533,50.292667]]}},{"type":"Feature","properties":{"mode":"bus","n":19,"arr":["8","32","41","58","59","126","156","194","669","678","687","694","702","M1","M16","M18","M104","M105","32N"],"lines":"8, 32, 41, 58, 59, 126, 156, 194, 669, 678, 687, 694, 702, M1, M16, M18, M104, M105, 32N"},"geometry":{"type":"LineString","coordinates":[[18.673714,50.292608],[18.671636,50.291609]]}},{"type":"Feature","properties":{"mode":"bus","n":10,"arr":["8","32","41","58","669","702","M1","M16","M18","32N"],"lines":"8, 32, 41, 58, 669, 702, M1, M16, M18, 32N"},"geometry":{"type":"LineString","coordinates":[[18.668533,50.292667],[18.668373,50.2925],[18.668355,50.29229]]}},{"type":"Feature","properties":{"mode":"bus","n":6,"arr":["8","32","41","58","669","32N"],"lines":"8, 32, 41, 58, 669, 32N"},"geometry":{"type":"LineString","coordinates":[[18.668355,50.29229],[18.668035,50.291121],[18.667861,50.29],[18.667859,50.289772],[18.668025,50.289619],[18.669635,50.288708],[18.673701,50.286874],[18.676286,50.285674]]}},{"type":"Feature","properties":{"mode":"bus","n":5,"arr":["8","58","194","694","M105"],"lines":"8, 58, 194, 694, M105"},"geometry":{"type":"LineString","coordinates":[[18.658698,50.240459],[18.658435,50.241425],[18.658334,50.241937],[18.658391,50.244917],[18.658374,50.245356],[18.658032,50.248332],[18.657933,50.248586]]}},{"type":"Feature","properties":{"mode":"bus","n":7,"arr":["8","47","58","120","194","610","M105"],"lines":"8, 47, 58, 120, 194, 610, M105"},"geometry":{"type":"LineString","coordinates":[[18.655434,50.228601],[18.659058,50.232291],[18.659246,50.232443],[18.659395,50.232506],[18.659554,50.232536],[18.662065,50.232676],[18.662096,50.232682],[18.662115,50.232695],[18.662122,50.232715],[18.662138,50.233175],[18.662108,50.233409],[18.661495,50.235016],[18.661101,50.23586],[18.660656,50.236649],[18.660391,50.23706],[18.660374,50.237077],[18.660349,50.237084],[18.660317,50.237081],[18.660176,50.23705],[18.660061,50.237068],[18.659988,50.237119],[18.659833,50.237344],[18.659821,50.237405],[18.659883,50.237478],[18.660081,50.23754]]}},{"type":"Feature","properties":{"mode":"bus","n":6,"arr":["8","47","120","194","610","M105"],"lines":"8, 47, 120, 194, 610, M105"},"geometry":{"type":"LineString","coordinates":[[18.655068,50.228441],[18.655221,50.228481],[18.655434,50.228601]]}},{"type":"Feature","properties":{"mode":"bus","n":8,"arr":["8","47","58","120","194","610","694","M105"],"lines":"8, 47, 58, 120, 194, 610, 694, M105"},"geometry":{"type":"LineString","coordinates":[[18.65727,50.227355],[18.65603,50.227767],[18.655493,50.228026]]}},{"type":"Feature","properties":{"mode":"bus","n":5,"arr":["8","47","120","610","636"],"lines":"8, 47, 120, 610, 636"},"geometry":{"type":"LineString","coordinates":[[18.657815,50.22701],[18.657768,50.226972],[18.65775,50.226962],[18.65773,50.22696],[18.657707,50.226964],[18.657365,50.227083]]}},{"type":"Feature","properties":{"mode":"bus","n":5,"arr":["8","47","120","610","636"],"lines":"8, 47, 120, 610, 636"},"geometry":{"type":"LineString","coordinates":[[18.671455,50.221747],[18.671077,50.22179],[18.670885,50.22175]]}},{"type":"Feature","properties":{"mode":"bus","n":8,"arr":["8","47","120","194","610","636","694","M105"],"lines":"8, 47, 120, 194, 610, 636, 694, M105"},"geometry":{"type":"LineString","coordinates":[[18.657921,50.227135],[18.657815,50.22701]]}},{"type":"Feature","properties":{"mode":"bus","n":9,"arr":["8","47","58","120","194","610","636","694","M105"],"lines":"8, 47, 58, 120, 194, 610, 636, 694, M105"},"geometry":{"type":"LineString","coordinates":[[18.66452,50.222764],[18.662027,50.224799],[18.659948,50.226404],[18.659732,50.226529],[18.657921,50.227135]]}},{"type":"Feature","properties":{"mode":"bus","n":8,"arr":["8","47","58","120","194","610","636","694"],"lines":"8, 47, 58, 120, 194, 610, 636, 694"},"geometry":{"type":"LineString","coordinates":[[18.666747,50.22377],[18.66452,50.222764]]}},{"type":"Feature","properties":{"mode":"bus","n":8,"arr":["8","47","58","120","194","610","636","694"],"lines":"8, 47, 58, 120, 194, 610, 636, 694"},"geometry":{"type":"LineString","coordinates":[[18.670764,50.222492],[18.671044,50.223385],[18.67106,50.223624],[18.671006,50.223847],[18.670764,50.224211],[18.669833,50.225154]]}},{"type":"Feature","properties":{"mode":"bus","n":6,"arr":["8","58","194","610","636","694"],"lines":"8, 58, 194, 610, 636, 694"},"geometry":{"type":"LineString","coordinates":[[18.669833,50.225154],[18.666747,50.22377]]}},{"type":"Feature","properties":{"mode":"bus","n":5,"arr":["8","47","120","194","694"],"lines":"8, 47, 120, 194, 694"},"geometry":{"type":"LineString","coordinates":[[18.67051,50.221737],[18.670466,50.22176]]}},{"type":"Feature","properties":{"mode":"bus","n":5,"arr":["8","47","120","194","694"],"lines":"8, 47, 120, 194, 694"},"geometry":{"type":"LineString","coordinates":[[18.670885,50.22175],[18.67088,50.221718]]}},{"type":"Feature","properties":{"mode":"bus","n":5,"arr":["8","47","58","120","636"],"lines":"8, 47, 58, 120, 636"},"geometry":{"type":"LineString","coordinates":[[18.68403,50.2187],[18.680474,50.219364],[18.679148,50.219665],[18.675321,50.220614],[18.673749,50.221167]]}},{"type":"Feature","properties":{"mode":"bus","n":5,"arr":["8","47","58","120","636"],"lines":"8, 47, 58, 120, 636"},"geometry":{"type":"LineString","coordinates":[[18.734952,50.22432],[18.734713,50.224338],[18.734608,50.224319],[18.734517,50.224272],[18.733987,50.224239],[18.733171,50.224234],[18.732382,50.224298],[18.731148,50.224471],[18.730531,50.224479],[18.730124,50.224425],[18.729706,50.224316],[18.728447,50.223782],[18.728067,50.223693],[18.727635,50.223665],[18.727218,50.223696],[18.726726,50.223782],[18.726163,50.223911],[18.725818,50.223927],[18.722541,50.223358],[18.722061,50.223213],[18.721139,50.222832],[18.718295,50.221889],[18.715795,50.221027],[18.715489,50.220908],[18.713935,50.220176],[18.713606,50.220048],[18.713026,50.219876],[18.708745,50.218754],[18.708047,50.218647],[18.70679,50.218531],[18.706122,50.218498],[18.700766,50.218464],[18.694746,50.218284],[18.688573,50.218151],[18.686498,50.218295],[18.686074,50.218337],[18.685541,50.218427]]}},{"type":"Feature","properties":{"mode":"bus","n":6,"arr":["8","47","58","120","610","636"],"lines":"8, 47, 58, 120, 610, 636"},"geometry":{"type":"LineString","coordinates":[[18.673749,50.221167],[18.671455,50.221747]]}},{"type":"Feature","properties":{"mode":"bus","n":15,"arr":["8","32","41","58","59","126","156","194","669","678","687","694","M104","M105","32N"],"lines":"8, 32, 41, 58, 59, 126, 156, 194, 669, 678, 687, 694, M104, M105, 32N"},"geometry":{"type":"LineString","coordinates":[[18.671636,50.291609],[18.667859,50.289772]]}},{"type":"Feature","properties":{"mode":"bus","n":19,"arr":["8","41","58","126","156","194","197","224","669","676","678","687","694","A4","M1","M16","M18","M105","A4N"],"lines":"8, 41, 58, 126, 156, 194, 197, 224, 669, 676, 678, 687, 694, A4, M1, M16, M18, M105, A4N"},"geometry":{"type":"LineString","coordinates":[[18.677,50.297701],[18.678642,50.297076]]}},{"type":"Feature","properties":{"mode":"bus","n":15,"arr":["8","41","58","126","156","194","669","676","678","687","694","M1","M16","M18","M105"],"lines":"8, 41, 58, 126, 156, 194, 669, 676, 678, 687, 694, M1, M16, M18, M105"},"geometry":{"type":"LineString","coordinates":[[18.67262,50.30445],[18.672087,50.304287]]}},{"type":"Feature","properties":{"mode":"bus","n":17,"arr":["8","41","58","126","156","187","194","669","676","678","687","694","699","M1","M16","M18","M105"],"lines":"8, 41, 58, 126, 156, 187, 194, 669, 676, 678, 687, 694, 699, M1, M16, M18, M105"},"geometry":{"type":"LineString","coordinates":[[18.672751,50.304453],[18.67262,50.30445]]}},{"type":"Feature","properties":{"mode":"bus","n":17,"arr":["9","10","12","27","45","48","601","672","AP","M10","M11","M12","M22","M25","M101","Z210","657N"],"lines":"9, 10, 12, 27, 45, 48, 601, 672, AP, M10, M11, M12, M22, M25, M101, Z210, 657N"},"geometry":{"type":"LineString","coordinates":[[19.00958,50.260283],[19.00985,50.259984],[19.01011,50.259764],[19.011189,50.25905]]}},{"type":"Feature","properties":{"mode":"bus","n":17,"arr":["9","10","12","27","45","48","601","672","AP","M10","M11","M12","M22","M25","M101","Z210","657N"],"lines":"9, 10, 12, 27, 45, 48, 601, 672, AP, M10, M11, M12, M22, M25, M101, Z210, 657N"},"geometry":{"type":"LineString","coordinates":[[19.009205,50.26005],[19.008892,50.260447],[19.008817,50.260486],[19.008773,50.260545],[19.008755,50.260561],[19.008729,50.260568],[19.008698,50.260566],[19.008314,50.260496]]}},{"type":"Feature","properties":{"mode":"bus","n":20,"arr":["9","10","11","37","45","46","115","154","177","296","297","632","657","689","M10","M12","130N","297N","657N","905N"],"lines":"9, 10, 11, 37, 45, 46, 115, 154, 177, 296, 297, 632, 657, 689, M10, M12, 130N, 297N, 657N, 905N"},"geometry":{"type":"LineString","coordinates":[[19.013609,50.257137],[19.013857,50.257309],[19.013987,50.258073],[19.014093,50.258212]]}},{"type":"Feature","properties":{"mode":"bus","n":22,"arr":["9","10","11","37","45","46","115","120","130","154","177","296","297","632","657","689","M10","M12","130N","297N","657N","905N"],"lines":"9, 10, 11, 37, 45, 46, 115, 120, 130, 154, 177, 296, 297, 632, 657, 689, M10, M12, 130N, 297N, 657N, 905N"},"geometry":{"type":"LineString","coordinates":[[19.011819,50.255871],[19.012781,50.256644],[19.013174,50.256904],[19.013609,50.257137]]}},{"type":"Feature","properties":{"mode":"bus","n":27,"arr":["9","10","11","12","37","45","46","48","51","115","120","130","154","177","193","296","297","632","657","689","900","M10","M12","130N","297N","657N","905N"],"lines":"9, 10, 11, 12, 37, 45, 46, 48, 51, 115, 120, 130, 154, 177, 193, 296, 297, 632, 657, 689, 900, M10, M12, 130N, 297N, 657N, 905N"},"geometry":{"type":"LineString","coordinates":[[19.005686,50.25151],[19.007592,50.251946],[19.008123,50.252154],[19.009233,50.253248],[19.010899,50.254984],[19.011819,50.255871]]}},{"type":"Feature","properties":{"mode":"bus","n":27,"arr":["9","10","11","12","37","45","46","48","51","115","120","130","154","177","193","296","297","632","657","689","900","M10","M12","130N","297N","657N","905N"],"lines":"9, 10, 11, 12, 37, 45, 46, 48, 51, 115, 120, 130, 154, 177, 193, 296, 297, 632, 657, 689, 900, M10, M12, 130N, 297N, 657N, 905N"},"geometry":{"type":"LineString","coordinates":[[19.003324,50.250962],[19.003758,50.250991],[19.004695,50.251181],[19.005067,50.251301],[19.005146,50.251356],[19.005635,50.251495],[19.005649,50.2515],[19.005657,50.251503],[19.005659,50.251505],[19.005656,50.251505],[19.005646,50.251505],[19.005631,50.251504],[19.005413,50.251478],[19.002154,50.250769]]}},{"type":"Feature","properties":{"mode":"bus","n":18,"arr":["9","10","11","12","37","45","46","48","154","296","297","657","689","M10","M12","297N","657N","905N"],"lines":"9, 10, 11, 12, 37, 45, 46, 48, 154, 296, 297, 657, 689, M10, M12, 297N, 657N, 905N"},"geometry":{"type":"LineString","coordinates":[[19.002154,50.250769],[19.001282,50.250564],[19.000638,50.250335],[19.000146,50.250071],[18.999736,50.249811],[18.999139,50.249314]]}},{"type":"Feature","properties":{"mode":"bus","n":17,"arr":["9","10","11","12","37","45","46","48","154","296","297","657","689","M12","297N","657N","905N"],"lines":"9, 10, 11, 12, 37, 45, 46, 48, 154, 296, 297, 657, 689, M12, 297N, 657N, 905N"},"geometry":{"type":"LineString","coordinates":[[18.999139,50.249314],[18.998825,50.248966],[18.998543,50.248541],[18.998401,50.248247],[18.998197,50.247625]]}},{"type":"Feature","properties":{"mode":"bus","n":17,"arr":["9","10","11","12","37","45","46","48","154","296","297","657","689","M12","297N","657N","905N"],"lines":"9, 10, 11, 12, 37, 45, 46, 48, 154, 296, 297, 657, 689, M12, 297N, 657N, 905N"},"geometry":{"type":"LineString","coordinates":[[19.001216,50.250373],[19.002128,50.250677],[19.003324,50.250962]]}},{"type":"Feature","properties":{"mode":"bus","n":18,"arr":["9","10","11","12","37","45","46","48","138","154","296","297","657","689","M12","297N","657N","905N"],"lines":"9, 10, 11, 12, 37, 45, 46, 48, 138, 154, 296, 297, 657, 689, M12, 297N, 657N, 905N"},"geometry":{"type":"LineString","coordinates":[[18.998197,50.247625],[18.998101,50.247371],[18.997925,50.247045],[18.995541,50.243106],[18.99537,50.242908],[18.995069,50.24272]]}},{"type":"Feature","properties":{"mode":"bus","n":18,"arr":["9","10","11","12","37","45","46","48","138","154","296","297","657","689","M12","297N","657N","905N"],"lines":"9, 10, 11, 12, 37, 45, 46, 48, 138, 154, 296, 297, 657, 689, M12, 297N, 657N, 905N"},"geometry":{"type":"LineString","coordinates":[[18.995709,50.242721],[18.998202,50.246918],[18.998392,50.247385],[18.998683,50.248265],[18.998951,50.248737],[18.999346,50.249203],[18.999852,50.249633],[19.000465,50.250021],[19.001216,50.250373]]}},{"type":"Feature","properties":{"mode":"bus","n":10,"arr":["9","11","12","37","48","154","689","M12","297N","657N"],"lines":"9, 11, 12, 37, 48, 154, 689, M12, 297N, 657N"},"geometry":{"type":"LineString","coordinates":[[18.995069,50.24272],[18.994901,50.242615],[18.994761,50.242477]]}},{"type":"Feature","properties":{"mode":"bus","n":8,"arr":["9","11","45","154","297","689","M12","297N"],"lines":"9, 11, 45, 154, 297, 689, M12, 297N"},"geometry":{"type":"LineString","coordinates":[[18.994761,50.242477],[18.994651,50.2423],[18.994614,50.242124],[18.994566,50.240677],[18.994532,50.240519],[18.994517,50.239905],[18.994544,50.239767]]}},{"type":"Feature","properties":{"mode":"bus","n":9,"arr":["9","10","11","45","154","297","689","M12","297N"],"lines":"9, 10, 11, 45, 154, 297, 689, M12, 297N"},"geometry":{"type":"LineString","coordinates":[[18.995636,50.231666],[18.995617,50.232427],[18.995884,50.234237],[18.995883,50.234464],[18.995823,50.234617],[18.99506,50.235593],[18.994915,50.235852],[18.994851,50.236052],[18.994519,50.238111],[18.994544,50.239767]]}},{"type":"Feature","properties":{"mode":"bus","n":7,"arr":["9","11","45","297","689","M12","297N"],"lines":"9, 11, 45, 297, 689, M12, 297N"},"geometry":{"type":"LineString","coordinates":[[18.995583,50.230967],[18.995575,50.231274],[18.995636,50.231666]]}},{"type":"Feature","properties":{"mode":"bus","n":8,"arr":["9","11","45","51","297","689","M12","297N"],"lines":"9, 11, 45, 51, 297, 689, M12, 297N"},"geometry":{"type":"LineString","coordinates":[[18.995581,50.230894],[18.995583,50.230967]]}},{"type":"Feature","properties":{"mode":"bus","n":9,"arr":["9","11","45","51","296","297","689","M12","297N"],"lines":"9, 11, 45, 51, 296, 297, 689, M12, 297N"},"geometry":{"type":"LineString","coordinates":[[18.992675,50.226664],[18.993384,50.227566],[18.993624,50.227678],[18.99408,50.227801],[18.994193,50.227859],[18.994378,50.22801],[18.995058,50.229011],[18.99538,50.229589],[18.995474,50.229911],[18.995581,50.230894]]}},{"type":"Feature","properties":{"mode":"bus","n":9,"arr":["9","11","45","51","296","297","689","M12","297N"],"lines":"9, 11, 45, 51, 296, 297, 689, M12, 297N"},"geometry":{"type":"LineString","coordinates":[[18.994069,50.226418],[18.993916,50.226459],[18.993546,50.226504],[18.992574,50.226558]]}},{"type":"Feature","properties":{"mode":"bus","n":13,"arr":["9","11","29","45","51","296","297","688","689","937","M12","Z-37","297N"],"lines":"9, 11, 29, 45, 51, 296, 297, 688, 689, 937, M12, Z-37, 297N"},"geometry":{"type":"LineString","coordinates":[[18.992574,50.226558],[18.992675,50.226664]]}},{"type":"Feature","properties":{"mode":"bus","n":13,"arr":["9","11","29","45","51","296","297","688","689","M12","Z-13","Z-37","297N"],"lines":"9, 11, 29, 45, 51, 296, 297, 688, 689, M12, Z-13, Z-37, 297N"},"geometry":{"type":"LineString","coordinates":[[18.994317,50.226782],[18.994069,50.226418]]}},{"type":"Feature","properties":{"mode":"bus","n":15,"arr":["9","10","11","29","45","51","296","297","688","689","937","M12","Z-13","Z-37","297N"],"lines":"9, 10, 11, 29, 45, 51, 296, 297, 688, 689, 937, M12, Z-13, Z-37, 297N"},"geometry":{"type":"LineString","coordinates":[[18.994799,50.22627],[18.994974,50.226412],[18.995657,50.226867],[18.9957,50.226936],[18.995671,50.227001],[18.995144,50.227345],[18.995009,50.227375],[18.994827,50.227369],[18.994584,50.227256],[18.994471,50.227144],[18.994317,50.226782]]}},{"type":"Feature","properties":{"mode":"bus","n":5,"arr":["9","11","297","689","297N"],"lines":"9, 11, 297, 689, 297N"},"geometry":{"type":"LineString","coordinates":[[18.994393,50.223432],[18.994712,50.223939],[18.995238,50.224659],[18.995333,50.224827],[18.995392,50.22504],[18.995388,50.225335],[18.995319,50.225547],[18.995181,50.225774],[18.994853,50.226077],[18.994799,50.22627]]}},{"type":"Feature","properties":{"mode":"bus","n":7,"arr":["9","10","11","297","689","937","297N"],"lines":"9, 10, 11, 297, 689, 937, 297N"},"geometry":{"type":"LineString","coordinates":[[18.992699,50.221173],[18.993452,50.222293],[18.994393,50.223432]]}},{"type":"Feature","properties":{"mode":"bus","n":8,"arr":["9","10","11","292","297","689","937","297N"],"lines":"9, 10, 11, 292, 297, 689, 937, 297N"},"geometry":{"type":"LineString","coordinates":[[18.989917,50.221948],[18.992699,50.221173]]}},{"type":"Feature","properties":{"mode":"bus","n":8,"arr":["9","10","11","292","297","689","937","297N"],"lines":"9, 10, 11, 292, 297, 689, 937, 297N"},"geometry":{"type":"LineString","coordinates":[[18.988558,50.213024],[18.989675,50.21421],[18.989785,50.214385],[18.989914,50.214731],[18.989978,50.215036],[18.98999,50.215322],[18.989787,50.218111],[18.989829,50.219414],[18.989725,50.220605],[18.989599,50.221202]]}},{"type":"Feature","properties":{"mode":"bus","n":6,"arr":["9","11","292","297","689","297N"],"lines":"9, 11, 292, 297, 689, 297N"},"geometry":{"type":"LineString","coordinates":[[18.989338,50.222093],[18.989917,50.221948]]}},{"type":"Feature","properties":{"mode":"bus","n":7,"arr":["9","11","292","297","689","937","297N"],"lines":"9, 11, 292, 297, 689, 937, 297N"},"geometry":{"type":"LineString","coordinates":[[18.989599,50.221202],[18.989217,50.221732],[18.989234,50.22195],[18.989338,50.222093]]}},{"type":"Feature","properties":{"mode":"bus","n":5,"arr":["9","10","292","689","973"],"lines":"9, 10, 292, 689, 973"},"geometry":{"type":"LineString","coordinates":[[18.99249,50.2113],[18.991148,50.212065],[18.988558,50.213024]]}},{"type":"Feature","properties":{"mode":"bus","n":6,"arr":["9","10","138","292","689","973"],"lines":"9, 10, 138, 292, 689, 973"},"geometry":{"type":"LineString","coordinates":[[18.998625,50.21185],[18.994691,50.211059],[18.992947,50.211083],[18.992751,50.211143],[18.99249,50.2113]]}},{"type":"Feature","properties":{"mode":"bus","n":6,"arr":["9","10","138","292","689","973"],"lines":"9, 10, 138, 292, 689, 973"},"geometry":{"type":"LineString","coordinates":[[18.998625,50.21185],[18.999512,50.212429],[18.999678,50.212451],[18.999826,50.21241],[18.999875,50.212372],[18.999916,50.212242],[18.999849,50.212156],[18.99977,50.212118],[18.999094,50.211976],[18.998625,50.21185]]}},{"type":"Feature","properties":{"mode":"bus","n":5,"arr":["9","11","689","937","297N"],"lines":"9, 11, 689, 937, 297N"},"geometry":{"type":"LineString","coordinates":[[18.988241,50.212781],[18.988326,50.212877],[18.988558,50.213024]]}},{"type":"Feature","properties":{"mode":"bus","n":8,"arr":["9","10","11","297","689","937","973","297N"],"lines":"9, 10, 11, 297, 689, 937, 973, 297N"},"geometry":{"type":"LineString","coordinates":[[18.984696,50.211668],[18.985058,50.211856],[18.985526,50.212041],[18.987815,50.212609],[18.988241,50.212781]]}},{"type":"Feature","properties":{"mode":"bus","n":9,"arr":["9","10","11","292","297","689","937","973","297N"],"lines":"9, 10, 11, 292, 297, 689, 937, 973, 297N"},"geometry":{"type":"LineString","coordinates":[[18.984606,50.211616],[18.984696,50.211668]]}},{"type":"Feature","properties":{"mode":"bus","n":10,"arr":["9","10","11","138","292","297","689","937","973","297N"],"lines":"9, 10, 11, 138, 292, 297, 689, 937, 973, 297N"},"geometry":{"type":"LineString","coordinates":[[18.981038,50.209564],[18.981574,50.209826],[18.984606,50.211616]]}},{"type":"Feature","properties":{"mode":"bus","n":8,"arr":["9","10","11","138","292","689","937","973"],"lines":"9, 10, 11, 138, 292, 689, 937, 973"},"geometry":{"type":"LineString","coordinates":[[18.974283,50.208438],[18.97731,50.20884],[18.980128,50.209276],[18.980493,50.209351],[18.981038,50.209564]]}},{"type":"Feature","properties":{"mode":"bus","n":9,"arr":["9","10","36","37","138","292","688","Z-37","905N"],"lines":"9, 10, 36, 37, 138, 292, 688, Z-37, 905N"},"geometry":{"type":"LineString","coordinates":[[18.973558,50.21163],[18.973749,50.210944],[18.974062,50.209374],[18.974283,50.208438]]}},{"type":"Feature","properties":{"mode":"bus","n":9,"arr":["9","10","36","37","138","292","688","Z-37","905N"],"lines":"9, 10, 36, 37, 138, 292, 688, Z-37, 905N"},"geometry":{"type":"LineString","coordinates":[[18.973212,50.212495],[18.9729,50.213327]]}},{"type":"Feature","properties":{"mode":"bus","n":8,"arr":["9","36","37","138","292","688","Z-37","905N"],"lines":"9, 36, 37, 138, 292, 688, Z-37, 905N"},"geometry":{"type":"LineString","coordinates":[[18.973575,50.211881],[18.973558,50.21163]]}},{"type":"Feature","properties":{"mode":"bus","n":7,"arr":["9","10","36","37","138","292","905N"],"lines":"9, 10, 36, 37, 138, 292, 905N"},"geometry":{"type":"LineString","coordinates":[[18.9729,50.213327],[18.972137,50.215221],[18.971893,50.215627],[18.971239,50.216517],[18.970456,50.217246],[18.970176,50.217445],[18.968455,50.218526],[18.968318,50.21865],[18.968204,50.218816],[18.968155,50.218967],[18.968168,50.219152],[18.96832,50.219477],[18.968456,50.219652],[18.969257,50.220402],[18.969403,50.220616]]}},{"type":"Feature","properties":{"mode":"bus","n":8,"arr":["9","10","36","37","46","138","292","905N"],"lines":"9, 10, 36, 37, 46, 138, 292, 905N"},"geometry":{"type":"LineString","coordinates":[[18.969403,50.220616],[18.969451,50.220921]]}},{"type":"Feature","properties":{"mode":"bus","n":7,"arr":["9","10","36","37","46","138","292"],"lines":"9, 10, 36, 37, 46, 138, 292"},"geometry":{"type":"LineString","coordinates":[[18.969451,50.220921],[18.969673,50.223262]]}},{"type":"Feature","properties":{"mode":"bus","n":8,"arr":["9","10","36","37","46","138","154","292"],"lines":"9, 10, 36, 37, 46, 138, 154, 292"},"geometry":{"type":"LineString","coordinates":[[18.969673,50.223262],[18.969827,50.224855]]}},{"type":"Feature","properties":{"mode":"bus","n":16,"arr":["9","10","12","13","36","37","46","48","138","154","292","657","913","Z-51","657N","905N"],"lines":"9, 10, 12, 13, 36, 37, 46, 48, 138, 154, 292, 657, 913, Z-51, 657N, 905N"},"geometry":{"type":"LineString","coordinates":[[18.969827,50.224855],[18.969967,50.226075]]}},{"type":"Feature","properties":{"mode":"bus","n":12,"arr":["9","10","12","37","46","48","138","154","657","Z-51","657N","905N"],"lines":"9, 10, 12, 37, 46, 48, 138, 154, 657, Z-51, 657N, 905N"},"geometry":{"type":"LineString","coordinates":[[18.969967,50.226075],[18.970014,50.227159],[18.969915,50.22794]]}},{"type":"Feature","properties":{"mode":"bus","n":11,"arr":["9","10","12","37","46","48","138","154","657","657N","905N"],"lines":"9, 10, 12, 37, 46, 48, 138, 154, 657, 657N, 905N"},"geometry":{"type":"LineString","coordinates":[[18.969915,50.22794],[18.969865,50.228247],[18.969869,50.228435],[18.969925,50.228612],[18.970027,50.228775],[18.970711,50.229495],[18.971448,50.230133],[18.971743,50.230431],[18.971992,50.230729],[18.97238,50.231382],[18.972529,50.231569],[18.972711,50.2317],[18.97293,50.23179],[18.973954,50.232058],[18.974318,50.232204],[18.975926,50.233348],[18.976671,50.233918]]}},{"type":"Feature","properties":{"mode":"bus","n":11,"arr":["9","10","12","37","46","48","138","296","657","657N","905N"],"lines":"9, 10, 12, 37, 46, 48, 138, 296, 657, 657N, 905N"},"geometry":{"type":"LineString","coordinates":[[18.976671,50.233918],[18.977124,50.234301],[18.978112,50.235267]]}},{"type":"Feature","properties":{"mode":"bus","n":11,"arr":["9","10","12","37","46","48","138","296","657","657N","905N"],"lines":"9, 10, 12, 37, 46, 48, 138, 296, 657, 657N, 905N"},"geometry":{"type":"LineString","coordinates":[[18.990596,50.240542],[18.994429,50.242433]]}},{"type":"Feature","properties":{"mode":"bus","n":8,"arr":["9","10","12","138","296","657","657N","905N"],"lines":"9, 10, 12, 138, 296, 657, 657N, 905N"},"geometry":{"type":"LineString","coordinates":[[18.97845,50.235963],[18.978739,50.236655],[18.979421,50.237984],[18.981073,50.240746],[18.981778,50.241682],[18.982308,50.242578],[18.982337,50.242605],[18.982383,50.242619],[18.98279,50.242672],[18.983165,50.242676],[18.984787,50.242357],[18.985187,50.242295],[18.986121,50.242202],[18.986257,50.242168],[18.986372,50.242073],[18.986432,50.241884],[18.986496,50.241791],[18.986767,50.241555],[18.986916,50.241468],[18.987137,50.2414],[18.987404,50.24136],[18.988645,50.241309],[18.989253,50.241217],[18.989675,50.241084],[18.990058,50.240911],[18.990596,50.240542]]}},{"type":"Feature","properties":{"mode":"bus","n":19,"arr":["9","10","46","115","297","600","632","910","AP","M12","M101","7N","30N","130N","297N","657N","672N","840N","905N"],"lines":"9, 10, 46, 115, 297, 600, 632, 910, AP, M12, M101, 7N, 30N, 130N, 297N, 657N, 672N, 840N, 905N"},"geometry":{"type":"LineString","coordinates":[[19.016571,50.258495],[19.016444,50.258334]]}},{"type":"Feature","properties":{"mode":"bus","n":15,"arr":["9","10","12","45","48","297","601","672","AP","M10","M12","M22","M101","Z210","657N"],"lines":"9, 10, 12, 45, 48, 297, 601, 672, AP, M10, M12, M22, M101, Z210, 657N"},"geometry":{"type":"LineString","coordinates":[[19.012296,50.258323],[19.011934,50.258377],[19.011487,50.258495]]}},{"type":"Feature","properties":{"mode":"bus","n":18,"arr":["9","10","12","27","45","48","297","601","672","AP","M10","M11","M12","M22","M25","M101","Z210","657N"],"lines":"9, 10, 12, 27, 45, 48, 297, 601, 672, AP, M10, M11, M12, M22, M25, M101, Z210, 657N"},"geometry":{"type":"LineString","coordinates":[[19.011487,50.258495],[19.010091,50.258874],[19.009676,50.259044],[19.009186,50.259315],[19.008853,50.259566],[19.008549,50.259901],[19.008405,50.260002],[19.008234,50.260285],[19.008184,50.260448],[19.008183,50.260462],[19.008189,50.260473],[19.008202,50.26048],[19.008223,50.260485],[19.008314,50.260496]]}},{"type":"Feature","properties":{"mode":"bus","n":8,"arr":["10","45","46","138","296","297","657","905N"],"lines":"10, 45, 46, 138, 296, 297, 657, 905N"},"geometry":{"type":"LineString","coordinates":[[18.995069,50.24272],[18.994774,50.242637],[18.994661,50.242578]]}},{"type":"Feature","properties":{"mode":"bus","n":6,"arr":["10","46","138","296","657","905N"],"lines":"10, 46, 138, 296, 657, 905N"},"geometry":{"type":"LineString","coordinates":[[18.994661,50.242578],[18.994429,50.242433]]}},{"type":"Feature","properties":{"mode":"bus","n":7,"arr":["10","12","138","296","657","657N","905N"],"lines":"10, 12, 138, 296, 657, 657N, 905N"},"geometry":{"type":"LineString","coordinates":[[18.978283,50.235738],[18.97845,50.235963]]}},{"type":"Feature","properties":{"mode":"bus","n":7,"arr":["10","11","297","689","937","973","297N"],"lines":"10, 11, 297, 689, 937, 973, 297N"},"geometry":{"type":"LineString","coordinates":[[18.988241,50.212781],[18.988459,50.212894],[18.988558,50.213024]]}},{"type":"Feature","properties":{"mode":"bus","n":7,"arr":["10","11","292","297","689","937","297N"],"lines":"10, 11, 292, 297, 689, 937, 297N"},"geometry":{"type":"LineString","coordinates":[[18.989917,50.221948],[18.98968,50.22192],[18.989573,50.22187],[18.989522,50.221796],[18.989495,50.221709],[18.989599,50.221202]]}},{"type":"Feature","properties":{"mode":"bus","n":6,"arr":["10","11","297","689","937","297N"],"lines":"10, 11, 297, 689, 937, 297N"},"geometry":{"type":"LineString","coordinates":[[18.994393,50.223432],[18.994642,50.223644],[18.995039,50.224129],[18.995487,50.224776],[18.995559,50.225014],[18.995554,50.225332],[18.99542,50.225699],[18.995162,50.226008],[18.994799,50.22627]]}},{"type":"Feature","properties":{"mode":"bus","n":14,"arr":["10","11","29","45","51","296","297","688","689","937","M12","Z-13","Z-37","297N"],"lines":"10, 11, 29, 45, 51, 296, 297, 688, 689, 937, M12, Z-13, Z-37, 297N"},"geometry":{"type":"LineString","coordinates":[[18.994799,50.22627],[18.99464,50.226353],[18.994409,50.226526],[18.994348,50.226628],[18.994317,50.226782]]}},{"type":"Feature","properties":{"mode":"bus","n":9,"arr":["10","11","45","51","296","297","689","M12","297N"],"lines":"10, 11, 45, 51, 296, 297, 689, M12, 297N"},"geometry":{"type":"LineString","coordinates":[[18.994471,50.227144],[18.994571,50.227448],[18.994616,50.227953],[18.995093,50.228644],[18.995434,50.229382]]}},{"type":"Feature","properties":{"mode":"bus","n":7,"arr":["10","11","45","297","689","M12","297N"],"lines":"10, 11, 45, 297, 689, M12, 297N"},"geometry":{"type":"LineString","coordinates":[[18.995434,50.229382],[18.995578,50.229781],[18.995711,50.230895]]}},{"type":"Feature","properties":{"mode":"bus","n":8,"arr":["10","11","45","154","297","689","M12","297N"],"lines":"10, 11, 45, 154, 297, 689, M12, 297N"},"geometry":{"type":"LineString","coordinates":[[18.995711,50.230895],[18.995674,50.23154],[18.995636,50.231666]]}},{"type":"Feature","properties":{"mode":"bus","n":8,"arr":["10","11","45","154","297","689","M12","297N"],"lines":"10, 11, 45, 154, 297, 689, M12, 297N"},"geometry":{"type":"LineString","coordinates":[[18.994544,50.239767],[18.994789,50.240169],[18.995098,50.240389],[18.995675,50.240696],[18.995882,50.240882],[18.995959,50.241008],[18.996011,50.241183],[18.995999,50.241307],[18.995687,50.242395],[18.995666,50.242564],[18.995709,50.242721]]}},{"type":"Feature","properties":{"mode":"bus","n":18,"arr":["10","46","115","600","601","632","911","AP","M101","1N","7N","30N","130N","657N","672N","840N","905N","911N"],"lines":"10, 46, 115, 600, 601, 632, 911, AP, M101, 1N, 7N, 30N, 130N, 657N, 672N, 840N, 905N, 911N"},"geometry":{"type":"LineString","coordinates":[[19.016653,50.258401],[19.016695,50.258391]]}},{"type":"Feature","properties":{"mode":"bus","n":14,"arr":["10","46","115","600","632","AP","M101","7N","30N","130N","657N","672N","840N","905N"],"lines":"10, 46, 115, 600, 632, AP, M101, 7N, 30N, 130N, 657N, 672N, 840N, 905N"},"geometry":{"type":"LineString","coordinates":[[19.016653,50.258401],[19.016571,50.258495]]}},{"type":"Feature","properties":{"mode":"bus","n":6,"arr":["10","27","45","AP","M22","Z210"],"lines":"10, 27, 45, AP, M22, Z210"},"geometry":{"type":"LineString","coordinates":[[19.00875,50.260576],[19.008841,50.260595]]}},{"type":"Feature","properties":{"mode":"bus","n":6,"arr":["11","35","100","911","967","911N"],"lines":"11, 35, 100, 911, 967, 911N"},"geometry":{"type":"LineString","coordinates":[[19.070828,50.333649],[19.070586,50.333621],[19.070521,50.333644],[19.070503,50.333681],[19.070362,50.334055],[19.070374,50.334117],[19.070384,50.334136],[19.070403,50.334151],[19.070431,50.33416],[19.070547,50.334182],[19.070572,50.334184],[19.070591,50.334181],[19.070606,50.334172],[19.070615,50.334157],[19.071945,50.330959],[19.074012,50.327104]]}},{"type":"Feature","properties":{"mode":"bus","n":8,"arr":["11","27","35","100","723","911","967","911N"],"lines":"11, 27, 35, 100, 723, 911, 967, 911N"},"geometry":{"type":"LineString","coordinates":[[19.074012,50.327104],[19.07419,50.32675],[19.074182,50.326581],[19.073257,50.324876],[19.072351,50.323388]]}},{"type":"Feature","properties":{"mode":"bus","n":9,"arr":["11","27","35","100","723","911","967","902N","911N"],"lines":"11, 27, 35, 100, 723, 911, 967, 902N, 911N"},"geometry":{"type":"LineString","coordinates":[[19.072351,50.323388],[19.078181,50.322034]]}},{"type":"Feature","properties":{"mode":"bus","n":11,"arr":["11","27","35","43","88","100","723","911","967","902N","911N"],"lines":"11, 27, 35, 43, 88, 100, 723, 911, 967, 902N, 911N"},"geometry":{"type":"LineString","coordinates":[[19.078181,50.322034],[19.077653,50.321084],[19.077503,50.320737],[19.077489,50.320314],[19.077526,50.320153],[19.077711,50.319783]]}},{"type":"Feature","properties":{"mode":"bus","n":12,"arr":["11","27","35","42","43","88","100","723","911","967","902N","911N"],"lines":"11, 27, 35, 42, 43, 88, 100, 723, 911, 967, 902N, 911N"},"geometry":{"type":"LineString","coordinates":[[19.077711,50.319783],[19.07765,50.319754],[19.077453,50.319732]]}},{"type":"Feature","properties":{"mode":"bus","n":11,"arr":["11","35","42","43","88","100","723","911","967","904N","911N"],"lines":"11, 35, 42, 43, 88, 100, 723, 911, 967, 904N, 911N"},"geometry":{"type":"LineString","coordinates":[[19.077453,50.319732],[19.076562,50.319636],[19.076226,50.319619],[19.075944,50.319625],[19.075417,50.319687],[19.074659,50.319896],[19.071989,50.320722]]}},{"type":"Feature","properties":{"mode":"bus","n":13,"arr":["11","35","42","43","88","100","723","911","M17","M25","Z-1","904N","911N"],"lines":"11, 35, 42, 43, 88, 100, 723, 911, M17, M25, Z-1, 904N, 911N"},"geometry":{"type":"LineString","coordinates":[[19.071989,50.320722],[19.071135,50.320941]]}},{"type":"Feature","properties":{"mode":"bus","n":15,"arr":["11","27","35","42","43","88","100","723","911","M17","M25","Z-1","902N","904N","911N"],"lines":"11, 27, 35, 42, 43, 88, 100, 723, 911, M17, M25, Z-1, 902N, 904N, 911N"},"geometry":{"type":"LineString","coordinates":[[19.070927,50.320849],[19.070822,50.320729],[19.070736,50.320559],[19.070361,50.319769],[19.070338,50.319666],[19.070359,50.319437],[19.07054,50.318999],[19.070538,50.318784],[19.070462,50.318498],[19.070569,50.318098],[19.070543,50.317935],[19.070392,50.317563],[19.070361,50.317277]]}},{"type":"Feature","properties":{"mode":"bus","n":10,"arr":["11","35","88","100","723","911","M17","902N","904N","911N"],"lines":"11, 35, 88, 100, 723, 911, M17, 902N, 904N, 911N"},"geometry":{"type":"LineString","coordinates":[[19.070571,50.313474],[19.070216,50.314348],[19.070179,50.314556],[19.070194,50.314717],[19.070364,50.315116],[19.070428,50.315551],[19.070545,50.315737],[19.070564,50.315927],[19.070475,50.316093],[19.070514,50.316835],[19.070445,50.316911],[19.070311,50.317211],[19.070361,50.317277]]}},{"type":"Feature","properties":{"mode":"bus","n":5,"arr":["11","61","100","911","911N"],"lines":"11, 61, 100, 911, 911N"},"geometry":{"type":"LineString","coordinates":[[19.073386,50.307807],[19.072785,50.308036],[19.071874,50.308485],[19.070563,50.309286],[19.070378,50.309426],[19.070186,50.309645],[19.070086,50.310033],[19.07,50.311534],[19.070127,50.312006],[19.070605,50.313254],[19.070571,50.313474]]}},{"type":"Feature","properties":{"mode":"bus","n":5,"arr":["11","61","91","911","911N"],"lines":"11, 61, 91, 911, 911N"},"geometry":{"type":"LineString","coordinates":[[19.07203,50.278514],[19.072131,50.27937],[19.072087,50.279608],[19.071988,50.279771],[19.071602,50.280214],[19.071457,50.280455],[19.071081,50.281301],[19.070898,50.281881],[19.070899,50.282067],[19.070946,50.282218],[19.071377,50.282922],[19.071535,50.283286],[19.071636,50.284854],[19.071543,50.285492],[19.070524,50.290512],[19.070461,50.291002],[19.070489,50.29111],[19.070608,50.291264],[19.070777,50.291376],[19.070984,50.291456],[19.0713,50.291499],[19.073939,50.291637]]}},{"type":"Feature","properties":{"mode":"bus","n":8,"arr":["11","61","72","74","177","657","911","911N"],"lines":"11, 61, 72, 74, 177, 657, 911, 911N"},"geometry":{"type":"LineString","coordinates":[[19.069827,50.277065],[19.069949,50.277291],[19.069953,50.277554],[19.069672,50.278393],[19.069512,50.278586]]}},{"type":"Feature","properties":{"mode":"bus","n":6,"arr":["11","61","109","657","911","911N"],"lines":"11, 61, 109, 657, 911, 911N"},"geometry":{"type":"LineString","coordinates":[[19.05218,50.274049],[19.053299,50.273806],[19.053603,50.273798],[19.055825,50.274084],[19.061702,50.275668],[19.063426,50.276065],[19.063962,50.276229],[19.064896,50.276594],[19.06552,50.27668]]}},{"type":"Feature","properties":{"mode":"bus","n":6,"arr":["11","61","109","657","911","911N"],"lines":"11, 61, 109, 657, 911, 911N"},"geometry":{"type":"LineString","coordinates":[[19.034666,50.268866],[19.03441,50.268861]]}},{"type":"Feature","properties":{"mode":"bus","n":6,"arr":["11","61","109","657","911","911N"],"lines":"11, 61, 109, 657, 911, 911N"},"geometry":{"type":"LineString","coordinates":[[19.048162,50.272605],[19.04805,50.272566]]}},{"type":"Feature","properties":{"mode":"bus","n":8,"arr":["11","61","109","177","601","657","911","911N"],"lines":"11, 61, 109, 177, 601, 657, 911, 911N"},"geometry":{"type":"LineString","coordinates":[[19.040141,50.26997],[19.040638,50.270057],[19.042516,50.270627],[19.0436,50.270982],[19.045743,50.271738]]}},{"type":"Feature","properties":{"mode":"bus","n":7,"arr":["11","70","109","177","657","M11","M25"],"lines":"11, 70, 109, 177, 657, M11, M25"},"geometry":{"type":"LineString","coordinates":[[19.021246,50.271093],[19.021442,50.271029]]}},{"type":"Feature","properties":{"mode":"bus","n":8,"arr":["11","30","70","109","177","657","M11","M25"],"lines":"11, 30, 70, 109, 177, 657, M11, M25"},"geometry":{"type":"LineString","coordinates":[[19.021107,50.271095],[19.021246,50.271093]]}},{"type":"Feature","properties":{"mode":"bus","n":5,"arr":["11","70","177","600","601"],"lines":"11, 70, 177, 600, 601"},"geometry":{"type":"LineString","coordinates":[[19.03504,50.269074],[19.034929,50.268937]]}},{"type":"Feature","properties":{"mode":"bus","n":7,"arr":["11","61","109","601","657","911","911N"],"lines":"11, 61, 109, 601, 657, 911, 911N"},"geometry":{"type":"LineString","coordinates":[[19.04805,50.272566],[19.046863,50.272157],[19.045743,50.271738]]}},{"type":"Feature","properties":{"mode":"bus","n":5,"arr":["11","61","657","911","911N"],"lines":"11, 61, 657, 911, 911N"},"geometry":{"type":"LineString","coordinates":[[19.069672,50.278393],[19.069662,50.278616]]}},{"type":"Feature","properties":{"mode":"bus","n":5,"arr":["11","100","911","967","911N"],"lines":"11, 100, 911, 967, 911N"},"geometry":{"type":"LineString","coordinates":[[19.070327,50.334156],[19.070381,50.33415]]}},{"type":"Feature","properties":{"mode":"bus","n":18,"arr":["12","46","48","110","115","193","600","672","674","910","M13","M22","Z210","130N","297N","657N","672N","905N"],"lines":"12, 46, 48, 110, 115, 193, 600, 672, 674, 910, M13, M22, Z210, 130N, 297N, 657N, 672N, 905N"},"geometry":{"type":"LineString","coordinates":[[19.020047,50.257677],[19.019026,50.258128],[19.018786,50.258207],[19.018595,50.258239]]}},{"type":"Feature","properties":{"mode":"bus","n":18,"arr":["12","46","48","110","115","193","600","672","674","910","M13","M22","Z210","130N","297N","657N","672N","905N"],"lines":"12, 46, 48, 110, 115, 193, 600, 672, 674, 910, M13, M22, Z210, 130N, 297N, 657N, 672N, 905N"},"geometry":{"type":"LineString","coordinates":[[19.017513,50.254595],[19.017973,50.255133],[19.018318,50.255462],[19.019353,50.256597],[19.019483,50.256648],[19.019622,50.256661],[19.020257,50.256568],[19.020544,50.256488],[19.0206,50.256442],[19.020599,50.256372]]}},{"type":"Feature","properties":{"mode":"bus","n":19,"arr":["12","46","48","110","115","193","600","672","674","910","M13","M22","Z210","1N","130N","297N","657N","672N","905N"],"lines":"12, 46, 48, 110, 115, 193, 600, 672, 674, 910, M13, M22, Z210, 1N, 130N, 297N, 657N, 672N, 905N"},"geometry":{"type":"LineString","coordinates":[[19.021249,50.257589],[19.021172,50.257568],[19.021145,50.257563],[19.021119,50.257565],[19.021094,50.257574],[19.021,50.257622],[19.020824,50.257643],[19.020495,50.257592]]}},{"type":"Feature","properties":{"mode":"bus","n":19,"arr":["12","46","48","110","115","193","600","672","674","910","M13","M22","Z210","1N","130N","297N","657N","672N","905N"],"lines":"12, 46, 48, 110, 115, 193, 600, 672, 674, 910, M13, M22, Z210, 1N, 130N, 297N, 657N, 672N, 905N"},"geometry":{"type":"LineString","coordinates":[[19.02113,50.257556],[19.021243,50.257437],[19.02127,50.257358],[19.021027,50.256793],[19.020889,50.256607],[19.020599,50.256372]]}},{"type":"Feature","properties":{"mode":"bus","n":15,"arr":["12","46","48","110","115","193","600","672","674","M13","M22","Z210","130N","657N","672N"],"lines":"12, 46, 48, 110, 115, 193, 600, 672, 674, M13, M22, Z210, 130N, 657N, 672N"},"geometry":{"type":"LineString","coordinates":[[19.021306,50.257604],[19.021249,50.257589]]}},{"type":"Feature","properties":{"mode":"bus","n":12,"arr":["12","46","48","51","115","154","193","900","130N","297N","657N","905N"],"lines":"12, 46, 48, 51, 115, 154, 193, 900, 130N, 297N, 657N, 905N"},"geometry":{"type":"LineString","coordinates":[[19.017513,50.254595],[19.014963,50.254873]]}},{"type":"Feature","properties":{"mode":"bus","n":15,"arr":["12","45","46","48","51","115","120","130","154","193","900","130N","297N","657N","905N"],"lines":"12, 45, 46, 48, 51, 115, 120, 130, 154, 193, 900, 130N, 297N, 657N, 905N"},"geometry":{"type":"LineString","coordinates":[[19.014963,50.254873],[19.014078,50.254973],[19.013648,50.255063],[19.011819,50.255871]]}},{"type":"Feature","properties":{"mode":"bus","n":11,"arr":["12","13","36","48","154","292","657","913","Z-51","657N","905N"],"lines":"12, 13, 36, 48, 154, 292, 657, 913, Z-51, 657N, 905N"},"geometry":{"type":"LineString","coordinates":[[18.959559,50.227533],[18.960682,50.227043],[18.961558,50.226419],[18.961821,50.226274],[18.963158,50.225738],[18.963914,50.22551],[18.966071,50.224961],[18.966202,50.224957],[18.966421,50.224997],[18.96791,50.225378],[18.968314,50.225499],[18.969967,50.226075]]}},{"type":"Feature","properties":{"mode":"bus","n":7,"arr":["12","36","154","292","Z-51","657N","905N"],"lines":"12, 36, 154, 292, Z-51, 657N, 905N"},"geometry":{"type":"LineString","coordinates":[[18.958582,50.218649],[18.958711,50.218472],[18.958743,50.218374],[18.958434,50.217884],[18.95832,50.217807],[18.958213,50.217782],[18.958094,50.217781],[18.957983,50.217814],[18.957962,50.217822],[18.957951,50.217833],[18.95795,50.217846],[18.957958,50.217861],[18.959821,50.220138],[18.960041,50.220385],[18.96028,50.220583],[18.960294,50.220602],[18.960292,50.22062],[18.960274,50.220637],[18.959425,50.221178],[18.95921,50.221359],[18.959075,50.221516],[18.958046,50.223405],[18.957904,50.223737],[18.957806,50.224093],[18.957775,50.224552],[18.95782,50.22515],[18.957899,50.225476],[18.958006,50.225705],[18.9582,50.226047],[18.958493,50.226455],[18.958938,50.226939],[18.959559,50.227533]]}},{"type":"Feature","properties":{"mode":"bus","n":10,"arr":["12","13","36","48","292","657","913","Z-51","657N","905N"],"lines":"12, 13, 36, 48, 292, 657, 913, Z-51, 657N, 905N"},"geometry":{"type":"LineString","coordinates":[[18.968314,50.225499],[18.968508,50.225311],[18.969154,50.224999],[18.969471,50.224877],[18.969827,50.224855]]}},{"type":"Feature","properties":{"mode":"bus","n":15,"arr":["12","48","51","110","154","193","600","672","674","900","910","M13","M22","Z210","672N"],"lines":"12, 48, 51, 110, 154, 193, 600, 672, 674, 900, 910, M13, M22, Z210, 672N"},"geometry":{"type":"LineString","coordinates":[[19.01731,50.254345],[19.017493,50.25457],[19.0175,50.254578],[19.017506,50.254582],[19.017511,50.254581],[19.017515,50.254576],[19.017517,50.254567],[19.017524,50.254516],[19.017627,50.25438],[19.017785,50.254286],[19.018775,50.254208],[19.018841,50.254215],[19.018871,50.254222],[19.018892,50.254238],[19.019105,50.254503]]}},{"type":"Feature","properties":{"mode":"bus","n":7,"arr":["12","48","672","910","M22","Z210","672N"],"lines":"12, 48, 672, 910, M22, Z210, 672N"},"geometry":{"type":"LineString","coordinates":[[19.018849,50.254164],[19.018876,50.254218]]}},{"type":"Feature","properties":{"mode":"bus","n":14,"arr":["12","48","51","110","193","600","672","674","900","M13","M22","Z210","1N","672N"],"lines":"12, 48, 51, 110, 193, 600, 672, 674, 900, M13, M22, Z210, 1N, 672N"},"geometry":{"type":"LineString","coordinates":[[19.019343,50.254919],[19.019105,50.254503]]}},{"type":"Feature","properties":{"mode":"bus","n":13,"arr":["12","48","110","193","600","672","674","900","M13","M22","Z210","1N","672N"],"lines":"12, 48, 110, 193, 600, 672, 674, 900, M13, M22, Z210, 1N, 672N"},"geometry":{"type":"LineString","coordinates":[[19.019464,50.255089],[19.019343,50.254919]]}},{"type":"Feature","properties":{"mode":"bus","n":12,"arr":["12","48","110","193","600","672","674","M13","M22","Z210","1N","672N"],"lines":"12, 48, 110, 193, 600, 672, 674, M13, M22, Z210, 1N, 672N"},"geometry":{"type":"LineString","coordinates":[[19.020599,50.256372],[19.019464,50.255089]]}},{"type":"Feature","properties":{"mode":"bus","n":5,"arr":["13","39","121","139","669"],"lines":"13, 39, 121, 139, 669"},"geometry":{"type":"LineString","coordinates":[[18.896067,50.268083],[18.89412,50.267969],[18.889592,50.267813],[18.887762,50.267603],[18.886964,50.267427],[18.885604,50.266915],[18.884967,50.266637],[18.884783,50.26651],[18.884738,50.266414],[18.884384,50.266163]]}},{"type":"Feature","properties":{"mode":"bus","n":6,"arr":["15","20","39","92","132","M16"],"lines":"15, 20, 39, 92, 132, M16"},"geometry":{"type":"LineString","coordinates":[[18.913744,50.344013],[18.913559,50.344133]]}},{"type":"Feature","properties":{"mode":"bus","n":7,"arr":["15","20","39","92","132","623","M16"],"lines":"15, 20, 39, 92, 132, 623, M16"},"geometry":{"type":"LineString","coordinates":[[18.914086,50.343855],[18.913744,50.344013]]}},{"type":"Feature","properties":{"mode":"bus","n":7,"arr":["15","20","39","92","132","623","M16"],"lines":"15, 20, 39, 92, 132, 623, M16"},"geometry":{"type":"LineString","coordinates":[[18.914739,50.348519],[18.896482,50.350661]]}},{"type":"Feature","properties":{"mode":"bus","n":7,"arr":["15","20","39","92","132","623","M16"],"lines":"15, 20, 39, 92, 132, 623, M16"},"geometry":{"type":"LineString","coordinates":[[18.895229,50.35085],[18.895914,50.350773],[18.896428,50.350672],[18.896443,50.350668],[18.896452,50.350666],[18.896455,50.350665],[18.896451,50.350664],[18.896442,50.350664],[18.896426,50.350665],[18.895197,50.350754]]}},{"type":"Feature","properties":{"mode":"bus","n":23,"arr":["15","20","39","42","85","91","92","118","127","132","146","169","183","185","201","227","623","708","M3","M16","M17","M21","623N"],"lines":"15, 20, 39, 42, 85, 91, 92, 118, 127, 132, 146, 169, 183, 185, 201, 227, 623, 708, M3, M16, M17, M21, 623N"},"geometry":{"type":"LineString","coordinates":[[18.914086,50.343855],[18.914198,50.343807]]}},{"type":"Feature","properties":{"mode":"bus","n":17,"arr":["42","85","91","92","118","127","146","183","185","201","227","708","M3","M16","M17","M21","623N"],"lines":"42, 85, 91, 92, 118, 127, 146, 183, 185, 201, 227, 708, M3, M16, M17, M21, 623N"},"geometry":{"type":"LineString","coordinates":[[18.914198,50.343807],[18.914668,50.343659],[18.916011,50.343476],[18.91719,50.343036]]}},{"type":"Feature","properties":{"mode":"bus","n":26,"arr":["15","17","19","20","24","39","52","92","99","104","114","118","127","132","146","169","183","201","608","623","700","M3","M16","M21","M102","623N"],"lines":"15, 17, 19, 20, 24, 39, 52, 92, 99, 104, 114, 118, 127, 132, 146, 169, 183, 201, 608, 623, 700, M3, M16, M21, M102, 623N"},"geometry":{"type":"LineString","coordinates":[[18.91568,50.348405],[18.91561,50.347989],[18.915652,50.347486],[18.915349,50.346526],[18.914848,50.345347],[18.914276,50.344126],[18.914086,50.343855]]}},{"type":"Feature","properties":{"mode":"bus","n":33,"arr":["15","17","19","20","24","39","42","52","85","91","92","99","104","114","118","127","132","146","169","183","185","201","227","608","623","700","708","M3","M16","M17","M21","M102","623N"],"lines":"15, 17, 19, 20, 24, 39, 42, 52, 85, 91, 92, 99, 104, 114, 118, 127, 132, 146, 169, 183, 185, 201, 227, 608, 623, 700, 708, M3, M16, M17, M21, M102, 623N"},"geometry":{"type":"LineString","coordinates":[[18.91568,50.348405],[18.914928,50.348496],[18.914877,50.348495],[18.914832,50.348479],[18.91472,50.348412],[18.914572,50.348237],[18.913889,50.347003],[18.913063,50.345108],[18.913055,50.344874],[18.913246,50.344531],[18.913092,50.344296]]}},{"type":"Feature","properties":{"mode":"bus","n":22,"arr":["15","17","19","20","39","52","92","99","114","118","127","132","146","183","201","227","608","623","708","M3","M16","M102"],"lines":"15, 17, 19, 20, 39, 52, 92, 99, 114, 118, 127, 132, 146, 183, 201, 227, 608, 623, 708, M3, M16, M102"},"geometry":{"type":"LineString","coordinates":[[18.914873,50.348503],[18.914739,50.348519]]}},{"type":"Feature","properties":{"mode":"bus","n":8,"arr":["15","20","39","92","132","169","623","M16"],"lines":"15, 20, 39, 92, 132, 169, 623, M16"},"geometry":{"type":"LineString","coordinates":[[18.876467,50.352938],[18.878196,50.352741],[18.884702,50.352074],[18.895229,50.35085]]}},{"type":"Feature","properties":{"mode":"bus","n":8,"arr":["15","20","39","92","132","169","623","M16"],"lines":"15, 20, 39, 92, 132, 169, 623, M16"},"geometry":{"type":"LineString","coordinates":[[18.895197,50.350754],[18.884476,50.352003],[18.876472,50.352838]]}},{"type":"Feature","properties":{"mode":"bus","n":9,"arr":["15","20","92","132","169","183","623","M16","623N"],"lines":"15, 20, 92, 132, 169, 183, 623, M16, 623N"},"geometry":{"type":"LineString","coordinates":[[18.876467,50.352938],[18.869665,50.353673],[18.867604,50.353865],[18.866887,50.35396],[18.865933,50.354151]]}},{"type":"Feature","properties":{"mode":"bus","n":9,"arr":["15","20","92","132","169","183","623","M16","623N"],"lines":"15, 20, 92, 132, 169, 183, 623, M16, 623N"},"geometry":{"type":"LineString","coordinates":[[18.86743,50.353729],[18.86838,50.353644],[18.870069,50.35354],[18.876246,50.352866]]}},{"type":"Feature","properties":{"mode":"bus","n":8,"arr":["15","20","92","132","169","183","623","623N"],"lines":"15, 20, 92, 132, 169, 183, 623, 623N"},"geometry":{"type":"LineString","coordinates":[[18.865933,50.354151],[18.865043,50.354389],[18.863934,50.354775]]}},{"type":"Feature","properties":{"mode":"bus","n":8,"arr":["15","20","92","132","169","183","623","623N"],"lines":"15, 20, 92, 132, 169, 183, 623, 623N"},"geometry":{"type":"LineString","coordinates":[[18.86024,50.355993],[18.861059,50.355826],[18.862029,50.355514],[18.863763,50.354846],[18.863934,50.354775],[18.86421,50.354611],[18.86484,50.354323],[18.865532,50.354065],[18.866006,50.353937],[18.866464,50.353844],[18.86743,50.353729]]}},{"type":"Feature","properties":{"mode":"bus","n":7,"arr":["15","20","92","132","183","623","623N"],"lines":"15, 20, 92, 132, 183, 623, 623N"},"geometry":{"type":"LineString","coordinates":[[18.85685,50.356797],[18.857002,50.356715],[18.857342,50.356596],[18.858429,50.35635],[18.86024,50.355993]]}},{"type":"Feature","properties":{"mode":"bus","n":6,"arr":["15","20","92","132","183","623N"],"lines":"15, 20, 92, 132, 183, 623N"},"geometry":{"type":"LineString","coordinates":[[18.856403,50.356381],[18.85685,50.356797]]}},{"type":"Feature","properties":{"mode":"bus","n":6,"arr":["15","20","92","132","183","623N"],"lines":"15, 20, 92, 132, 183, 623N"},"geometry":{"type":"LineString","coordinates":[[18.857209,50.356634],[18.854693,50.355853],[18.850804,50.355086],[18.846672,50.354179],[18.844378,50.353721],[18.841476,50.353188],[18.841444,50.353186],[18.841421,50.353194],[18.841406,50.353213],[18.84029,50.355632],[18.839062,50.358089],[18.838074,50.360151]]}},{"type":"Feature","properties":{"mode":"bus","n":5,"arr":["15","20","92","132","169"],"lines":"15, 20, 92, 132, 169"},"geometry":{"type":"LineString","coordinates":[[18.838074,50.360151],[18.836773,50.359917],[18.834715,50.359686],[18.832282,50.359455],[18.824518,50.358978],[18.823295,50.358927],[18.82248,50.358935],[18.82195,50.359017],[18.821707,50.359075],[18.821259,50.359226],[18.819293,50.359991],[18.81385,50.362024],[18.811706,50.362764],[18.810735,50.363028],[18.810399,50.363097],[18.809824,50.363175],[18.809502,50.363202],[18.809091,50.363201],[18.808595,50.363162],[18.806394,50.362884],[18.805684,50.362892],[18.804938,50.362986],[18.804102,50.363177],[18.802009,50.363905],[18.801887,50.363908],[18.801606,50.363864]]}},{"type":"Feature","properties":{"mode":"bus","n":5,"arr":["15","20","92","132","169"],"lines":"15, 20, 92, 132, 169"},"geometry":{"type":"LineString","coordinates":[[18.802207,50.363835],[18.801966,50.363838],[18.801733,50.36381]]}},{"type":"Feature","properties":{"mode":"bus","n":7,"arr":["15","20","81","92","111","132","169"],"lines":"15, 20, 81, 92, 111, 132, 169"},"geometry":{"type":"LineString","coordinates":[[18.801606,50.363864],[18.801453,50.363918]]}},{"type":"Feature","properties":{"mode":"bus","n":7,"arr":["15","20","81","92","111","132","169"],"lines":"15, 20, 81, 92, 111, 132, 169"},"geometry":{"type":"LineString","coordinates":[[18.801733,50.36381],[18.801429,50.363454]]}},{"type":"Feature","properties":{"mode":"bus","n":7,"arr":["15","57","81","83","111","132","617N"],"lines":"15, 57, 81, 83, 111, 132, 617N"},"geometry":{"type":"LineString","coordinates":[[18.801453,50.363918],[18.800994,50.363381]]}},{"type":"Feature","properties":{"mode":"bus","n":11,"arr":["15","20","57","81","83","92","111","132","158","169","617N"],"lines":"15, 20, 57, 81, 83, 92, 111, 132, 158, 169, 617N"},"geometry":{"type":"LineString","coordinates":[[18.800994,50.363381],[18.800514,50.363535],[18.800494,50.363544],[18.800483,50.363555],[18.800482,50.363568],[18.800491,50.363583],[18.80102,50.364199],[18.801029,50.364214],[18.801028,50.364227],[18.801017,50.364238],[18.800997,50.364248],[18.800642,50.364366]]}},{"type":"Feature","properties":{"mode":"bus","n":5,"arr":["15","57","83","132","617N"],"lines":"15, 57, 83, 132, 617N"},"geometry":{"type":"LineString","coordinates":[[18.793726,50.366767],[18.797438,50.365495],[18.800642,50.364366]]}},{"type":"Feature","properties":{"mode":"bus","n":6,"arr":["15","57","83","132","617","617N"],"lines":"15, 57, 83, 132, 617, 617N"},"geometry":{"type":"LineString","coordinates":[[18.781631,50.373264],[18.781803,50.372997],[18.784733,50.370184],[18.78513,50.369865],[18.785522,50.36963],[18.786055,50.369395],[18.793726,50.366767]]}},{"type":"Feature","properties":{"mode":"bus","n":6,"arr":["15","57","83","132","617","617N"],"lines":"15, 57, 83, 132, 617, 617N"},"geometry":{"type":"LineString","coordinates":[[18.781134,50.373153],[18.781181,50.37326]]}},{"type":"Feature","properties":{"mode":"bus","n":5,"arr":["15","57","83","617","617N"],"lines":"15, 57, 83, 617, 617N"},"geometry":{"type":"LineString","coordinates":[[18.781803,50.372997],[18.78149,50.3732]]}},{"type":"Feature","properties":{"mode":"bus","n":5,"arr":["15","57","83","617","617N"],"lines":"15, 57, 83, 617, 617N"},"geometry":{"type":"LineString","coordinates":[[18.780999,50.372883],[18.781134,50.373153]]}},{"type":"Feature","properties":{"mode":"bus","n":5,"arr":["15","57","617","704","M14"],"lines":"15, 57, 617, 704, M14"},"geometry":{"type":"LineString","coordinates":[[18.75526,50.356428],[18.75397,50.356093],[18.753274,50.355858]]}},{"type":"Feature","properties":{"mode":"bus","n":5,"arr":["15","83","617","704","617N"],"lines":"15, 83, 617, 704, 617N"},"geometry":{"type":"LineString","coordinates":[[18.768937,50.352186],[18.769582,50.347399],[18.769657,50.347021],[18.769877,50.346545],[18.770697,50.34538],[18.770795,50.345192],[18.770795,50.345037],[18.770575,50.344435],[18.770577,50.34433],[18.770655,50.344249],[18.770808,50.34418],[18.771465,50.344093],[18.771623,50.344044],[18.772438,50.342992],[18.772962,50.342494],[18.773486,50.34211],[18.774144,50.341741],[18.776141,50.340855],[18.776224,50.340766],[18.776673,50.340552]]}},{"type":"Feature","properties":{"mode":"bus","n":6,"arr":["15","81","83","617","704","617N"],"lines":"15, 81, 83, 617, 704, 617N"},"geometry":{"type":"LineString","coordinates":[[18.779594,50.339338],[18.780156,50.339083],[18.780553,50.338872],[18.780993,50.338591],[18.781468,50.338226],[18.7818,50.337895],[18.782933,50.336574],[18.782943,50.336554],[18.782937,50.336536],[18.782916,50.33652],[18.782809,50.336467],[18.782656,50.336344],[18.781296,50.334681]]}},{"type":"Feature","properties":{"mode":"bus","n":5,"arr":["15","81","83","617","617N"],"lines":"15, 81, 83, 617, 617N"},"geometry":{"type":"LineString","coordinates":[[18.781296,50.334681],[18.78098,50.334259],[18.779917,50.332691],[18.779907,50.33258],[18.779988,50.332493],[18.785444,50.328145],[18.785625,50.327928],[18.785681,50.327633]]}},{"type":"Feature","properties":{"mode":"bus","n":5,"arr":["15","81","83","617","617N"],"lines":"15, 81, 83, 617, 617N"},"geometry":{"type":"LineString","coordinates":[[18.777235,50.340449],[18.777712,50.340162]]}},{"type":"Feature","properties":{"mode":"bus","n":5,"arr":["15","81","83","286","617"],"lines":"15, 81, 83, 286, 617"},"geometry":{"type":"LineString","coordinates":[[18.785681,50.327633],[18.785755,50.324383]]}},{"type":"Feature","properties":{"mode":"bus","n":6,"arr":["15","81","83","286","617","M16"],"lines":"15, 81, 83, 286, 617, M16"},"geometry":{"type":"LineString","coordinates":[[18.785755,50.324383],[18.785748,50.321074],[18.785258,50.31717]]}},{"type":"Feature","properties":{"mode":"bus","n":11,"arr":["15","81","83","156","286","617","709","720","770","617N","705N"],"lines":"15, 81, 83, 156, 286, 617, 709, 720, 770, 617N, 705N"},"geometry":{"type":"LineString","coordinates":[[18.785258,50.31717],[18.78495,50.314618],[18.784712,50.311675],[18.784752,50.311495]]}},{"type":"Feature","properties":{"mode":"bus","n":10,"arr":["15","81","83","156","286","617","709","720","617N","705N"],"lines":"15, 81, 83, 156, 286, 617, 709, 720, 617N, 705N"},"geometry":{"type":"LineString","coordinates":[[18.784752,50.311495],[18.785224,50.310624],[18.785785,50.309292]]}},{"type":"Feature","properties":{"mode":"bus","n":10,"arr":["15","81","83","156","286","617","709","720","770","617N"],"lines":"15, 81, 83, 156, 286, 617, 709, 720, 770, 617N"},"geometry":{"type":"LineString","coordinates":[[18.785785,50.309292],[18.78302,50.308147],[18.781414,50.307314],[18.78123,50.307239],[18.779056,50.307003],[18.776515,50.306559]]}},{"type":"Feature","properties":{"mode":"bus","n":15,"arr":["15","23","32","47","81","83","111","156","286","617","720","M16","32N","617N","705N"],"lines":"15, 23, 32, 47, 81, 83, 111, 156, 286, 617, 720, M16, 32N, 617N, 705N"},"geometry":{"type":"LineString","coordinates":[[18.776899,50.305068],[18.776854,50.305065]]}},{"type":"Feature","properties":{"mode":"bus","n":10,"arr":["15","81","83","156","286","617","709","770","M16","617N"],"lines":"15, 81, 83, 156, 286, 617, 709, 770, M16, 617N"},"geometry":{"type":"LineString","coordinates":[[18.78317,50.30542],[18.782897,50.305407]]}},{"type":"Feature","properties":{"mode":"bus","n":10,"arr":["15","81","83","156","286","617","709","770","617N","705N"],"lines":"15, 81, 83, 156, 286, 617, 709, 770, 617N, 705N"},"geometry":{"type":"LineString","coordinates":[[18.784752,50.311495],[18.78509,50.311091],[18.78586,50.309874],[18.785874,50.309747],[18.785785,50.309292]]}},{"type":"Feature","properties":{"mode":"bus","n":6,"arr":["15","20","92","132","158","169"],"lines":"15, 20, 92, 132, 158, 169"},"geometry":{"type":"LineString","coordinates":[[18.800464,50.363551],[18.800572,50.363754],[18.800732,50.364193],[18.800642,50.364366]]}},{"type":"Feature","properties":{"mode":"bus","n":8,"arr":["15","20","81","92","111","132","158","169"],"lines":"15, 20, 81, 92, 111, 132, 158, 169"},"geometry":{"type":"LineString","coordinates":[[18.801429,50.363454],[18.801313,50.36332],[18.801292,50.363304],[18.801267,50.363299],[18.801236,50.363304],[18.800994,50.363381]]}},{"type":"Feature","properties":{"mode":"bus","n":10,"arr":["15","20","39","92","132","169","183","623","M16","623N"],"lines":"15, 20, 39, 92, 132, 169, 183, 623, M16, 623N"},"geometry":{"type":"LineString","coordinates":[[18.876246,50.352866],[18.876472,50.352838]]}},{"type":"Feature","properties":{"mode":"bus","n":20,"arr":["15","17","19","20","24","39","52","99","104","114","132","169","201","227","608","623","700","708","M21","M102"],"lines":"15, 17, 19, 20, 24, 39, 52, 99, 104, 114, 132, 169, 201, 227, 608, 623, 700, 708, M21, M102"},"geometry":{"type":"LineString","coordinates":[[18.9125,50.344197],[18.912443,50.344204]]}},{"type":"Feature","properties":{"mode":"bus","n":30,"arr":["15","17","19","20","24","39","42","52","85","91","99","104","114","118","127","132","146","169","183","185","201","227","608","623","700","708","M17","M21","M102","623N"],"lines":"15, 17, 19, 20, 24, 39, 42, 52, 85, 91, 99, 104, 114, 118, 127, 132, 146, 169, 183, 185, 201, 227, 608, 623, 700, 708, M17, M21, M102, 623N"},"geometry":{"type":"LineString","coordinates":[[18.912763,50.344173],[18.9125,50.344197]]}},{"type":"Feature","properties":{"mode":"bus","n":32,"arr":["15","17","19","20","24","39","42","52","85","91","92","99","104","114","118","127","132","146","169","183","185","201","227","608","623","700","708","M3","M17","M21","M102","623N"],"lines":"15, 17, 19, 20, 24, 39, 42, 52, 85, 91, 92, 99, 104, 114, 118, 127, 132, 146, 169, 183, 185, 201, 227, 608, 623, 700, 708, M3, M17, M21, M102, 623N"},"geometry":{"type":"LineString","coordinates":[[18.913092,50.344296],[18.912948,50.344206],[18.912763,50.344173]]}},{"type":"Feature","properties":{"mode":"bus","n":16,"arr":["16","28","67","79","97","104","107","124","125","200","260","269","612","625","902N","904N"],"lines":"16, 28, 67, 79, 97, 104, 107, 124, 125, 200, 260, 269, 612, 625, 902N, 904N"},"geometry":{"type":"LineString","coordinates":[[19.135966,50.31527],[19.135739,50.315642],[19.135688,50.315688],[19.135582,50.315716]]}},{"type":"Feature","properties":{"mode":"bus","n":21,"arr":["16","24","28","67","79","97","99","104","107","124","125","200","260","269","612","616","625","721","722","902N","904N"],"lines":"16, 24, 28, 67, 79, 97, 99, 104, 107, 124, 125, 200, 260, 269, 612, 616, 625, 721, 722, 902N, 904N"},"geometry":{"type":"LineString","coordinates":[[19.135582,50.315716],[19.13541,50.315751]]}},{"type":"Feature","properties":{"mode":"bus","n":24,"arr":["16","24","28","40","42","61","67","79","97","99","104","107","124","125","200","260","269","612","616","625","721","722","902N","904N"],"lines":"16, 24, 28, 40, 42, 61, 67, 79, 97, 99, 104, 107, 124, 125, 200, 260, 269, 612, 616, 625, 721, 722, 902N, 904N"},"geometry":{"type":"LineString","coordinates":[[19.13541,50.315751],[19.135072,50.315779]]}},{"type":"Feature","properties":{"mode":"bus","n":24,"arr":["16","24","28","40","42","61","67","79","97","99","104","107","124","125","200","260","269","612","616","625","721","722","902N","904N"],"lines":"16, 24, 28, 40, 42, 61, 67, 79, 97, 99, 104, 107, 124, 125, 200, 260, 269, 612, 616, 625, 721, 722, 902N, 904N"},"geometry":{"type":"LineString","coordinates":[[19.136145,50.314006],[19.136243,50.314051]]}},{"type":"Feature","properties":{"mode":"bus","n":26,"arr":["16","24","28","40","42","61","67","79","97","99","104","107","124","125","200","260","269","612","616","625","721","722","M19","M23","902N","904N"],"lines":"16, 24, 28, 40, 42, 61, 67, 79, 97, 99, 104, 107, 124, 125, 200, 260, 269, 612, 616, 625, 721, 722, M19, M23, 902N, 904N"},"geometry":{"type":"LineString","coordinates":[[19.136145,50.314006],[19.135399,50.31481],[19.135184,50.315078],[19.135102,50.315236],[19.135064,50.315409],[19.135072,50.315779],[19.135266,50.317638],[19.135079,50.318214],[19.134912,50.318509],[19.134698,50.318772]]}},{"type":"Feature","properties":{"mode":"bus","n":26,"arr":["16","24","28","40","42","61","67","79","97","99","104","107","124","125","200","260","269","612","616","625","721","722","M19","M23","902N","904N"],"lines":"16, 24, 28, 40, 42, 61, 67, 79, 97, 99, 104, 107, 124, 125, 200, 260, 269, 612, 616, 625, 721, 722, M19, M23, 902N, 904N"},"geometry":{"type":"LineString","coordinates":[[19.129146,50.320868],[19.129355,50.320505],[19.129583,50.320265]]}},{"type":"Feature","properties":{"mode":"bus","n":27,"arr":["16","24","28","40","42","61","67","79","97","99","104","107","124","125","200","243","260","269","612","616","625","721","722","M19","M23","902N","904N"],"lines":"16, 24, 28, 40, 42, 61, 67, 79, 97, 99, 104, 107, 124, 125, 200, 243, 260, 269, 612, 616, 625, 721, 722, M19, M23, 902N, 904N"},"geometry":{"type":"LineString","coordinates":[[19.12934,50.320937],[19.129521,50.320533],[19.129583,50.320265],[19.131151,50.317879],[19.131169,50.317862],[19.131194,50.317856],[19.131225,50.31786],[19.134698,50.318772]]}},{"type":"Feature","properties":{"mode":"bus","n":30,"arr":["16","24","25","27","28","40","42","61","67","79","90","97","99","104","107","124","125","200","243","260","269","612","616","625","721","722","M19","M23","902N","904N"],"lines":"16, 24, 25, 27, 28, 40, 42, 61, 67, 79, 90, 97, 99, 104, 107, 124, 125, 200, 243, 260, 269, 612, 616, 625, 721, 722, M19, M23, 902N, 904N"},"geometry":{"type":"LineString","coordinates":[[19.125055,50.319183],[19.126399,50.319745],[19.128059,50.320481],[19.128818,50.32078]]}},{"type":"Feature","properties":{"mode":"bus","n":24,"arr":["16","24","25","27","28","40","67","79","97","99","104","107","124","125","200","243","260","269","612","625","722","807","M19","M23"],"lines":"16, 24, 25, 27, 28, 40, 67, 79, 97, 99, 104, 107, 124, 125, 200, 243, 260, 269, 612, 625, 722, 807, M19, M23"},"geometry":{"type":"LineString","coordinates":[[19.124877,50.325319],[19.124833,50.32511],[19.124778,50.325033],[19.123936,50.32428],[19.123667,50.323942],[19.123547,50.323696],[19.12348,50.323441],[19.123483,50.322948],[19.123561,50.321409],[19.123659,50.32103],[19.123757,50.320837],[19.123962,50.32056],[19.125055,50.319183]]}},{"type":"Feature","properties":{"mode":"bus","n":25,"arr":["16","24","25","27","28","40","67","79","97","99","104","107","124","125","200","243","260","269","612","625","722","807","814","M19","M23"],"lines":"16, 24, 25, 27, 28, 40, 67, 79, 97, 99, 104, 107, 124, 125, 200, 243, 260, 269, 612, 625, 722, 807, 814, M19, M23"},"geometry":{"type":"LineString","coordinates":[[19.125405,50.325606],[19.125123,50.32543],[19.124877,50.325319]]}},{"type":"Feature","properties":{"mode":"bus","n":19,"arr":["16","24","25","40","67","79","97","99","104","107","124","125","200","243","269","625","722","M19","M23"],"lines":"16, 24, 25, 40, 67, 79, 97, 99, 104, 107, 124, 125, 200, 243, 269, 625, 722, M19, M23"},"geometry":{"type":"LineString","coordinates":[[19.125687,50.326548],[19.125551,50.326306],[19.12554,50.325964],[19.125405,50.325606]]}},{"type":"Feature","properties":{"mode":"bus","n":19,"arr":["16","24","25","40","67","79","97","99","104","107","124","125","200","243","269","625","722","M19","M23"],"lines":"16, 24, 25, 40, 67, 79, 97, 99, 104, 107, 124, 125, 200, 243, 269, 625, 722, M19, M23"},"geometry":{"type":"LineString","coordinates":[[19.125414,50.326855],[19.125474,50.327445],[19.125731,50.328002],[19.125906,50.328212],[19.128852,50.330843]]}},{"type":"Feature","properties":{"mode":"bus","n":26,"arr":["16","24","25","27","28","40","67","79","90","97","99","104","107","124","125","200","243","260","269","612","625","722","807","814","M19","M23"],"lines":"16, 24, 25, 27, 28, 40, 67, 79, 90, 97, 99, 104, 107, 124, 125, 200, 243, 260, 269, 612, 625, 722, 807, 814, M19, M23"},"geometry":{"type":"LineString","coordinates":[[19.125414,50.326855],[19.125687,50.326548]]}},{"type":"Feature","properties":{"mode":"bus","n":14,"arr":["16","25","67","79","97","104","107","124","200","243","269","625","M19","M23"],"lines":"16, 25, 67, 79, 97, 104, 107, 124, 200, 243, 269, 625, M19, M23"},"geometry":{"type":"LineString","coordinates":[[19.128887,50.330875],[19.128852,50.330843]]}},{"type":"Feature","properties":{"mode":"bus","n":12,"arr":["16","79","97","104","107","124","200","243","269","625","M19","M23"],"lines":"16, 79, 97, 104, 107, 124, 200, 243, 269, 625, M19, M23"},"geometry":{"type":"LineString","coordinates":[[19.133405,50.338532],[19.132143,50.336323],[19.132028,50.336045],[19.131962,50.335778],[19.131844,50.334146],[19.13173,50.333732],[19.131625,50.333491],[19.131368,50.33311],[19.131037,50.332755],[19.128887,50.330875]]}},{"type":"Feature","properties":{"mode":"bus","n":12,"arr":["16","79","97","104","107","124","200","243","269","625","M19","M23"],"lines":"16, 79, 97, 104, 107, 124, 200, 243, 269, 625, M19, M23"},"geometry":{"type":"LineString","coordinates":[[19.133805,50.344631],[19.133769,50.344337],[19.133828,50.34354],[19.13415,50.340563],[19.134157,50.3402],[19.134071,50.339817],[19.133814,50.339206],[19.133405,50.338532],[19.132836,50.338059],[19.132791,50.337985],[19.13189,50.336096],[19.13179,50.335663],[19.131688,50.334174],[19.131593,50.333772],[19.131437,50.333441],[19.131244,50.333155],[19.130947,50.332852],[19.12873,50.330895]]}},{"type":"Feature","properties":{"mode":"bus","n":11,"arr":["16","79","97","107","124","200","243","269","625","M19","M23"],"lines":"16, 79, 97, 107, 124, 200, 243, 269, 625, M19, M23"},"geometry":{"type":"LineString","coordinates":[[19.1358,50.347533],[19.135398,50.346913],[19.134384,50.345957],[19.134162,50.345585],[19.133805,50.344631]]}},{"type":"Feature","properties":{"mode":"bus","n":5,"arr":["16","79","242","641","716"],"lines":"16, 79, 242, 641, 716"},"geometry":{"type":"LineString","coordinates":[[19.194612,50.337878],[19.195095,50.334563]]}},{"type":"Feature","properties":{"mode":"bus","n":7,"arr":["16","79","242","604","641","716","903N"],"lines":"16, 79, 242, 604, 641, 716, 903N"},"geometry":{"type":"LineString","coordinates":[[19.195095,50.334563],[19.195447,50.332185],[19.195449,50.331858],[19.195354,50.331566],[19.195198,50.331442],[19.194409,50.330505],[19.194393,50.330492],[19.194371,50.330487],[19.194345,50.330488],[19.194265,50.330504],[19.194071,50.330505],[19.189305,50.330351],[19.188883,50.330374],[19.188505,50.330423],[19.187721,50.33057],[19.187376,50.330672]]}},{"type":"Feature","properties":{"mode":"bus","n":8,"arr":["16","79","242","604","641","716","M103","903N"],"lines":"16, 79, 242, 604, 641, 716, M103, 903N"},"geometry":{"type":"LineString","coordinates":[[19.187376,50.330672],[19.187344,50.330682]]}},{"type":"Feature","properties":{"mode":"bus","n":9,"arr":["16","28","79","242","604","641","654","716","M103"],"lines":"16, 28, 79, 242, 604, 641, 654, 716, M103"},"geometry":{"type":"LineString","coordinates":[[19.185543,50.329273],[19.184574,50.329489],[19.184552,50.329496],[19.184539,50.329506],[19.184535,50.329519],[19.184541,50.329535],[19.184638,50.329701]]}},{"type":"Feature","properties":{"mode":"bus","n":10,"arr":["16","28","79","242","604","641","654","716","M103","903N"],"lines":"16, 28, 79, 242, 604, 641, 654, 716, M103, 903N"},"geometry":{"type":"LineString","coordinates":[[19.184971,50.329627],[19.185631,50.32948]]}},{"type":"Feature","properties":{"mode":"bus","n":20,"arr":["16","24","25","40","67","79","97","99","104","107","124","125","200","243","269","616","625","721","M19","M23"],"lines":"16, 24, 25, 40, 67, 79, 97, 99, 104, 107, 124, 125, 200, 243, 269, 616, 625, 721, M19, M23"},"geometry":{"type":"LineString","coordinates":[[19.12873,50.330895],[19.125253,50.327825],[19.124965,50.327525],[19.12475,50.327219],[19.124608,50.326982],[19.124629,50.326902]]}},{"type":"Feature","properties":{"mode":"bus","n":27,"arr":["16","24","25","27","28","40","67","79","90","97","99","104","107","124","125","200","243","260","269","612","616","625","721","807","814","M19","M23"],"lines":"16, 24, 25, 27, 28, 40, 67, 79, 90, 97, 99, 104, 107, 124, 125, 200, 243, 260, 269, 612, 616, 625, 721, 807, 814, M19, M23"},"geometry":{"type":"LineString","coordinates":[[19.124629,50.326902],[19.124551,50.326775],[19.124558,50.326679],[19.12461,50.326587],[19.125147,50.326203],[19.12528,50.32602],[19.125284,50.32583],[19.125175,50.325654],[19.124908,50.325489],[19.124735,50.325443],[19.12447,50.325431],[19.124194,50.325484],[19.123717,50.325687],[19.12348,50.325714],[19.123338,50.325704]]}},{"type":"Feature","properties":{"mode":"bus","n":24,"arr":["16","24","25","27","28","40","67","79","97","99","104","107","124","125","200","243","260","269","612","625","721","807","M19","M23"],"lines":"16, 24, 25, 27, 28, 40, 67, 79, 97, 99, 104, 107, 124, 125, 200, 243, 260, 269, 612, 625, 721, 807, M19, M23"},"geometry":{"type":"LineString","coordinates":[[19.123338,50.325704],[19.123115,50.325612],[19.122989,50.325484]]}},{"type":"Feature","properties":{"mode":"bus","n":20,"arr":["16","24","25","28","40","67","79","97","99","107","124","125","200","260","269","625","721","807","M19","M23"],"lines":"16, 24, 25, 28, 40, 67, 79, 97, 99, 107, 124, 125, 200, 260, 269, 625, 721, 807, M19, M23"},"geometry":{"type":"LineString","coordinates":[[19.122989,50.325484],[19.12287,50.325347],[19.122855,50.325278],[19.122907,50.325198]]}},{"type":"Feature","properties":{"mode":"bus","n":21,"arr":["16","24","25","28","40","67","79","97","99","107","124","125","200","260","269","625","721","807","814","M19","M23"],"lines":"16, 24, 25, 28, 40, 67, 79, 97, 99, 107, 124, 125, 200, 260, 269, 625, 721, 807, 814, M19, M23"},"geometry":{"type":"LineString","coordinates":[[19.122907,50.325198],[19.123236,50.325106]]}},{"type":"Feature","properties":{"mode":"bus","n":21,"arr":["16","24","25","28","40","67","79","97","99","104","107","124","125","200","260","269","625","721","807","M19","M23"],"lines":"16, 24, 25, 28, 40, 67, 79, 97, 99, 104, 107, 124, 125, 200, 260, 269, 625, 721, 807, M19, M23"},"geometry":{"type":"LineString","coordinates":[[19.123236,50.325106],[19.12349,50.32503],[19.123672,50.324933],[19.123767,50.324853],[19.12384,50.324637],[19.123384,50.323943],[19.123227,50.323501],[19.123232,50.322793],[19.123329,50.321239],[19.1235,50.320814],[19.124306,50.319667],[19.124791,50.319073]]}},{"type":"Feature","properties":{"mode":"bus","n":21,"arr":["16","24","25","27","40","42","61","67","79","97","99","104","124","125","269","616","625","721","722","M19","M23"],"lines":"16, 24, 25, 27, 40, 42, 61, 67, 79, 97, 99, 104, 124, 125, 269, 616, 625, 721, 722, M19, M23"},"geometry":{"type":"LineString","coordinates":[[19.125055,50.319183],[19.124791,50.319073]]}},{"type":"Feature","properties":{"mode":"bus","n":27,"arr":["16","24","25","28","40","42","61","67","79","90","97","99","104","107","124","125","200","260","269","616","625","721","722","M19","M23","902N","904N"],"lines":"16, 24, 25, 28, 40, 42, 61, 67, 79, 90, 97, 99, 104, 107, 124, 125, 200, 260, 269, 616, 625, 721, 722, M19, M23, 902N, 904N"},"geometry":{"type":"LineString","coordinates":[[19.128818,50.32078],[19.128949,50.3208],[19.129128,50.32087]]}},{"type":"Feature","properties":{"mode":"bus","n":12,"arr":["16","28","40","61","79","104","260","612","616","625","902N","904N"],"lines":"16, 28, 40, 61, 79, 104, 260, 612, 616, 625, 902N, 904N"},"geometry":{"type":"LineString","coordinates":[[19.136243,50.314051],[19.136453,50.314152]]}},{"type":"Feature","properties":{"mode":"bus","n":9,"arr":["16","28","79","104","260","612","625","902N","904N"],"lines":"16, 28, 79, 104, 260, 612, 625, 902N, 904N"},"geometry":{"type":"LineString","coordinates":[[19.136453,50.314152],[19.136503,50.314207],[19.136502,50.314303],[19.136121,50.314995]]}},{"type":"Feature","properties":{"mode":"bus","n":12,"arr":["16","28","79","97","104","125","260","269","612","625","902N","904N"],"lines":"16, 28, 79, 97, 104, 125, 260, 269, 612, 625, 902N, 904N"},"geometry":{"type":"LineString","coordinates":[[19.136121,50.314995],[19.135966,50.31527]]}},{"type":"Feature","properties":{"mode":"bus","n":5,"arr":["17","625","M11","M14","M19"],"lines":"17, 625, M11, M14, M19"},"geometry":{"type":"LineString","coordinates":[[19.094547,50.463716],[19.094535,50.463801]]}},{"type":"Feature","properties":{"mode":"bus","n":5,"arr":["17","73","608","708","M102"],"lines":"17, 73, 608, 708, M102"},"geometry":{"type":"LineString","coordinates":[[18.897078,50.396097],[18.900247,50.398554],[18.901328,50.399453],[18.901778,50.399796],[18.902264,50.40028]]}},{"type":"Feature","properties":{"mode":"bus","n":5,"arr":["17","73","608","708","M102"],"lines":"17, 73, 608, 708, M102"},"geometry":{"type":"LineString","coordinates":[[18.899857,50.385391],[18.899475,50.386313],[18.898958,50.38771],[18.897762,50.390612],[18.897657,50.390945],[18.89761,50.391244],[18.897646,50.391785],[18.897707,50.39213],[18.897884,50.392579],[18.898048,50.392834],[18.899016,50.394014],[18.899281,50.394464],[18.899317,50.394695],[18.899251,50.395041],[18.899166,50.395296],[18.89898,50.395547]]}},{"type":"Feature","properties":{"mode":"bus","n":5,"arr":["17","73","608","708","M102"],"lines":"17, 73, 608, 708, M102"},"geometry":{"type":"LineString","coordinates":[[18.898982,50.395731],[18.899909,50.396783],[18.900297,50.397151],[18.900512,50.397326],[18.901752,50.398093],[18.902291,50.398473],[18.90258,50.398822],[18.90276,50.399132],[18.902958,50.399693],[18.903164,50.399881]]}},{"type":"Feature","properties":{"mode":"bus","n":5,"arr":["17","19","608","708","M3"],"lines":"17, 19, 608, 708, M3"},"geometry":{"type":"LineString","coordinates":[[18.880872,50.391107],[18.881142,50.39028]]}},{"type":"Feature","properties":{"mode":"bus","n":5,"arr":["17","19","608","708","M3"],"lines":"17, 19, 608, 708, M3"},"geometry":{"type":"LineString","coordinates":[[18.882055,50.387511],[18.882395,50.386433],[18.883101,50.384488]]}},{"type":"Feature","properties":{"mode":"bus","n":5,"arr":["17","19","608","708","M3"],"lines":"17, 19, 608, 708, M3"},"geometry":{"type":"LineString","coordinates":[[18.899289,50.36568],[18.90076,50.364151],[18.901913,50.363015],[18.902365,50.362617],[18.903195,50.361784],[18.903847,50.361091],[18.904214,50.360602],[18.910629,50.354006]]}},{"type":"Feature","properties":{"mode":"bus","n":6,"arr":["17","19","169","608","708","M3"],"lines":"17, 19, 169, 608, 708, M3"},"geometry":{"type":"LineString","coordinates":[[18.910629,50.354006],[18.912774,50.351768]]}},{"type":"Feature","properties":{"mode":"bus","n":17,"arr":["17","19","24","52","85","91","99","104","114","169","185","227","608","700","708","M3","M102"],"lines":"17, 19, 24, 52, 85, 91, 99, 104, 114, 169, 185, 227, 608, 700, 708, M3, M102"},"geometry":{"type":"LineString","coordinates":[[18.912774,50.351768],[18.915326,50.349152],[18.915653,50.348675],[18.915704,50.348531],[18.91568,50.348405]]}},{"type":"Feature","properties":{"mode":"bus","n":8,"arr":["17","52","114","700","708","M3","M16","M102"],"lines":"17, 52, 114, 700, 708, M3, M16, M102"},"geometry":{"type":"LineString","coordinates":[[18.913226,50.343776],[18.913535,50.343639]]}},{"type":"Feature","properties":{"mode":"bus","n":10,"arr":["17","19","52","114","608","700","708","M3","M16","M102"],"lines":"17, 19, 52, 114, 608, 700, 708, M3, M16, M102"},"geometry":{"type":"LineString","coordinates":[[18.913947,50.343709],[18.913741,50.34364],[18.913535,50.343639]]}},{"type":"Feature","properties":{"mode":"bus","n":27,"arr":["17","19","24","42","52","85","91","92","99","104","114","118","127","146","183","185","201","227","608","700","708","M3","M16","M17","M21","M102","623N"],"lines":"17, 19, 24, 42, 52, 85, 91, 92, 99, 104, 114, 118, 127, 146, 183, 185, 201, 227, 608, 700, 708, M3, M16, M17, M21, M102, 623N"},"geometry":{"type":"LineString","coordinates":[[18.914086,50.343855],[18.913947,50.343709]]}},{"type":"Feature","properties":{"mode":"bus","n":10,"arr":["18","27","237","604","606","609","624","639","690","808"],"lines":"18, 27, 237, 604, 606, 609, 624, 639, 690, 808"},"geometry":{"type":"LineString","coordinates":[[19.2649,50.341889],[19.266317,50.342054],[19.266495,50.341986],[19.266543,50.341883],[19.266523,50.341823],[19.266504,50.341794],[19.266467,50.341773],[19.26635,50.341728],[19.264368,50.341481],[19.26373,50.341531],[19.263492,50.341522],[19.260923,50.341206]]}},{"type":"Feature","properties":{"mode":"bus","n":10,"arr":["18","27","237","604","606","609","624","639","690","808"],"lines":"18, 27, 237, 604, 606, 609, 624, 639, 690, 808"},"geometry":{"type":"LineString","coordinates":[[19.264317,50.341813],[19.263555,50.34165],[19.26088,50.341303]]}},{"type":"Feature","properties":{"mode":"bus","n":9,"arr":["18","27","237","604","606","624","639","690","808"],"lines":"18, 27, 237, 604, 606, 624, 639, 690, 808"},"geometry":{"type":"LineString","coordinates":[[19.2649,50.341889],[19.264317,50.341813]]}},{"type":"Feature","properties":{"mode":"bus","n":9,"arr":["18","27","237","604","606","624","644","690","808"],"lines":"18, 27, 237, 604, 606, 624, 644, 690, 808"},"geometry":{"type":"LineString","coordinates":[[19.26088,50.341303],[19.258747,50.341032],[19.257697,50.340851],[19.2568,50.34074],[19.255771,50.340651],[19.253321,50.340334]]}},{"type":"Feature","properties":{"mode":"bus","n":9,"arr":["18","27","237","604","606","624","644","690","808"],"lines":"18, 27, 237, 604, 606, 624, 644, 690, 808"},"geometry":{"type":"LineString","coordinates":[[19.260923,50.341206],[19.258619,50.340913],[19.257083,50.340687],[19.256221,50.3406],[19.253315,50.340221]]}},{"type":"Feature","properties":{"mode":"bus","n":6,"arr":["18","237","604","606","624","690"],"lines":"18, 237, 604, 606, 624, 690"},"geometry":{"type":"LineString","coordinates":[[19.253321,50.340334],[19.250973,50.340034],[19.250407,50.339979],[19.249698,50.33999],[19.249012,50.34008]]}},{"type":"Feature","properties":{"mode":"bus","n":6,"arr":["18","237","604","606","624","690"],"lines":"18, 237, 604, 606, 624, 690"},"geometry":{"type":"LineString","coordinates":[[19.253315,50.340221],[19.249581,50.339752],[19.249301,50.339733],[19.248844,50.339752]]}},{"type":"Feature","properties":{"mode":"bus","n":8,"arr":["18","604","606","654","690","807","M2","903N"],"lines":"18, 604, 606, 654, 690, 807, M2, 903N"},"geometry":{"type":"LineString","coordinates":[[19.243147,50.34098],[19.242768,50.341059]]}},{"type":"Feature","properties":{"mode":"bus","n":10,"arr":["18","604","606","637","638","640","690","807","M2","903N"],"lines":"18, 604, 606, 637, 638, 640, 690, 807, M2, 903N"},"geometry":{"type":"LineString","coordinates":[[19.242768,50.341059],[19.23451,50.342793],[19.233903,50.342831],[19.233308,50.342791],[19.23276,50.342681],[19.232217,50.342491]]}},{"type":"Feature","properties":{"mode":"bus","n":5,"arr":["18","604","654","807","903N"],"lines":"18, 604, 654, 807, 903N"},"geometry":{"type":"LineString","coordinates":[[19.229659,50.339503],[19.227208,50.335975],[19.22688,50.335564]]}},{"type":"Feature","properties":{"mode":"bus","n":6,"arr":["18","637","807","808","M2","903N"],"lines":"18, 637, 807, 808, M2, 903N"},"geometry":{"type":"LineString","coordinates":[[19.226343,50.335188],[19.225294,50.334638],[19.22204,50.333232]]}},{"type":"Feature","properties":{"mode":"bus","n":6,"arr":["18","637","807","808","M2","903N"],"lines":"18, 637, 807, 808, M2, 903N"},"geometry":{"type":"LineString","coordinates":[[19.219872,50.332466],[19.219187,50.332047]]}},{"type":"Feature","properties":{"mode":"bus","n":6,"arr":["18","637","807","808","M2","903N"],"lines":"18, 637, 807, 808, M2, 903N"},"geometry":{"type":"LineString","coordinates":[[19.217498,50.33146],[19.218394,50.331704]]}},{"type":"Feature","properties":{"mode":"bus","n":9,"arr":["18","637","640","656","690","807","808","M2","903N"],"lines":"18, 637, 640, 656, 690, 807, 808, M2, 903N"},"geometry":{"type":"LineString","coordinates":[[19.210556,50.328468],[19.210494,50.328419],[19.209644,50.328049],[19.208562,50.327534],[19.206158,50.326497],[19.205473,50.326234]]}},{"type":"Feature","properties":{"mode":"bus","n":18,"arr":["18","27","49","260","604","612","624","629","638","644","654","656","690","807","808","814","M109","903N"],"lines":"18, 27, 49, 260, 604, 612, 624, 629, 638, 644, 654, 656, 690, 807, 808, 814, M109, 903N"},"geometry":{"type":"LineString","coordinates":[[19.186365,50.325367],[19.186379,50.325338]]}},{"type":"Feature","properties":{"mode":"bus","n":17,"arr":["18","27","49","260","604","612","624","629","638","644","656","690","807","808","814","M109","903N"],"lines":"18, 27, 49, 260, 604, 612, 624, 629, 638, 644, 656, 690, 807, 808, 814, M109, 903N"},"geometry":{"type":"LineString","coordinates":[[19.186678,50.319515],[19.18664,50.319872],[19.18647,50.324415],[19.186427,50.325089],[19.186379,50.325338]]}},{"type":"Feature","properties":{"mode":"bus","n":19,"arr":["18","27","116","260","604","612","624","629","638","644","656","690","807","808","814","M109","902N","903N","904N"],"lines":"18, 27, 116, 260, 604, 612, 624, 629, 638, 644, 656, 690, 807, 808, 814, M109, 902N, 903N, 904N"},"geometry":{"type":"LineString","coordinates":[[19.190332,50.318202],[19.189451,50.318235]]}},{"type":"Feature","properties":{"mode":"bus","n":7,"arr":["18","116","690","808","M2","902N","903N"],"lines":"18, 116, 690, 808, M2, 902N, 903N"},"geometry":{"type":"LineString","coordinates":[[19.195565,50.317959],[19.190332,50.318202]]}},{"type":"Feature","properties":{"mode":"bus","n":8,"arr":["18","55","260","690","808","M2","902N","903N"],"lines":"18, 55, 260, 690, 808, M2, 902N, 903N"},"geometry":{"type":"LineString","coordinates":[[19.195671,50.317369],[19.195565,50.317959]]}},{"type":"Feature","properties":{"mode":"bus","n":6,"arr":["18","55","260","690","808","902N"],"lines":"18, 55, 260, 690, 808, 902N"},"geometry":{"type":"LineString","coordinates":[[19.188653,50.304476],[19.188993,50.304987],[19.191849,50.30894],[19.193135,50.310827],[19.195257,50.313763],[19.195856,50.315123],[19.19596,50.315476],[19.195965,50.3158],[19.195671,50.317369]]}},{"type":"Feature","properties":{"mode":"bus","n":7,"arr":["18","55","90","260","690","808","902N"],"lines":"18, 55, 90, 260, 690, 808, 902N"},"geometry":{"type":"LineString","coordinates":[[19.187764,50.303165],[19.188215,50.303882],[19.188653,50.304476]]}},{"type":"Feature","properties":{"mode":"bus","n":11,"arr":["18","55","100","106","188","260","299","622","808","902N","903N"],"lines":"18, 55, 100, 106, 188, 260, 299, 622, 808, 902N, 903N"},"geometry":{"type":"LineString","coordinates":[[19.180732,50.290286],[19.183652,50.295556],[19.184074,50.296413]]}},{"type":"Feature","properties":{"mode":"bus","n":5,"arr":["18","188","260","723","M4"],"lines":"18, 188, 260, 723, M4"},"geometry":{"type":"LineString","coordinates":[[19.177859,50.285563],[19.178059,50.285712],[19.178662,50.286575],[19.180602,50.29006]]}},{"type":"Feature","properties":{"mode":"bus","n":6,"arr":["18","34","220","260","690","904N"],"lines":"18, 34, 220, 260, 690, 904N"},"geometry":{"type":"LineString","coordinates":[[19.174578,50.279182],[19.176142,50.282012],[19.176072,50.282142],[19.176067,50.282163],[19.176076,50.282181],[19.1761,50.282197],[19.176279,50.282278],[19.17718,50.283892],[19.177435,50.28442],[19.177601,50.284857],[19.177604,50.285055]]}},{"type":"Feature","properties":{"mode":"bus","n":9,"arr":["18","26","66","106","149","150","536","931","M101"],"lines":"18, 26, 66, 106, 149, 150, 536, 931, M101"},"geometry":{"type":"LineString","coordinates":[[19.133114,50.243788],[19.135605,50.242086],[19.1359,50.241907],[19.136866,50.241475]]}},{"type":"Feature","properties":{"mode":"bus","n":11,"arr":["18","26","66","106","149","150","292","536","931","972","M101"],"lines":"18, 26, 66, 106, 149, 150, 292, 536, 931, 972, M101"},"geometry":{"type":"LineString","coordinates":[[19.129188,50.246506],[19.129729,50.246278],[19.130397,50.245865],[19.132187,50.244434],[19.133114,50.243788]]}},{"type":"Feature","properties":{"mode":"bus","n":5,"arr":["18","66","149","931","M101"],"lines":"18, 66, 149, 931, M101"},"geometry":{"type":"LineString","coordinates":[[19.113916,50.249795],[19.113781,50.249864],[19.112215,50.250271],[19.104571,50.252077],[19.104253,50.252149],[19.103762,50.252221],[19.102715,50.252299],[19.101109,50.252276],[19.099979,50.252345],[19.098857,50.252358],[19.094067,50.252163],[19.093691,50.252193],[19.093145,50.252299],[19.091995,50.252677],[19.091716,50.252808]]}},{"type":"Feature","properties":{"mode":"bus","n":5,"arr":["18","66","149","931","M101"],"lines":"18, 66, 149, 931, M101"},"geometry":{"type":"LineString","coordinates":[[19.104132,50.25217],[19.103932,50.252246],[19.103468,50.252361],[19.102591,50.252568],[19.102215,50.252636],[19.098778,50.253446],[19.09301,50.254838],[19.092978,50.254842],[19.092954,50.254835],[19.092937,50.254817],[19.092288,50.253748]]}},{"type":"Feature","properties":{"mode":"bus","n":14,"arr":["18","30","66","72","76","109","149","695","920","930","931","M101","Z-2","76N"],"lines":"18, 30, 66, 72, 76, 109, 149, 695, 920, 930, 931, M101, Z-2, 76N"},"geometry":{"type":"LineString","coordinates":[[19.092288,50.253748],[19.091865,50.253816],[19.090084,50.254018],[19.088513,50.254314],[19.086226,50.254994],[19.085969,50.255139],[19.085637,50.255237],[19.085351,50.255249],[19.082969,50.255974],[19.08221,50.256232],[19.080377,50.25693],[19.078014,50.257893],[19.077419,50.258108]]}},{"type":"Feature","properties":{"mode":"bus","n":14,"arr":["18","30","66","72","76","109","149","695","920","930","931","M101","Z-2","76N"],"lines":"18, 30, 66, 72, 76, 109, 149, 695, 920, 930, 931, M101, Z-2, 76N"},"geometry":{"type":"LineString","coordinates":[[19.091716,50.252808],[19.089403,50.253793],[19.08811,50.254315],[19.086195,50.254878],[19.085947,50.254889],[19.085697,50.254957],[19.085437,50.255051],[19.085278,50.255155],[19.082672,50.255952],[19.081075,50.256556],[19.07798,50.257803],[19.077145,50.258074],[19.076509,50.258252]]}},{"type":"Feature","properties":{"mode":"bus","n":11,"arr":["18","66","72","76","109","149","695","920","931","Z-2","76N"],"lines":"18, 66, 72, 76, 109, 149, 695, 920, 931, Z-2, 76N"},"geometry":{"type":"LineString","coordinates":[[19.077419,50.258108],[19.077224,50.258218],[19.075911,50.258751],[19.075119,50.25904],[19.0719,50.259811],[19.071587,50.259906],[19.071369,50.260016],[19.071297,50.260279]]}},{"type":"Feature","properties":{"mode":"bus","n":15,"arr":["18","66","70","72","74","76","109","149","695","920","931","Z-2","Z-25","Z-45","76N"],"lines":"18, 66, 70, 72, 74, 76, 109, 149, 695, 920, 931, Z-2, Z-25, Z-45, 76N"},"geometry":{"type":"LineString","coordinates":[[19.071297,50.260279],[19.071248,50.260138]]}},{"type":"Feature","properties":{"mode":"bus","n":12,"arr":["18","66","70","74","76","149","600","931","M101","Z-25","Z-45","76N"],"lines":"18, 66, 70, 74, 76, 149, 600, 931, M101, Z-25, Z-45, 76N"},"geometry":{"type":"LineString","coordinates":[[19.071248,50.260138],[19.071028,50.260009],[19.07077,50.25994],[19.070494,50.25991],[19.0689,50.259844]]}},{"type":"Feature","properties":{"mode":"bus","n":13,"arr":["18","66","70","74","76","149","600","930","931","M101","Z-25","Z-45","76N"],"lines":"18, 66, 70, 74, 76, 149, 600, 930, 931, M101, Z-25, Z-45, 76N"},"geometry":{"type":"LineString","coordinates":[[19.0689,50.259844],[19.068349,50.259832]]}},{"type":"Feature","properties":{"mode":"bus","n":14,"arr":["18","30","66","70","74","76","149","600","930","931","M101","Z-25","Z-45","76N"],"lines":"18, 30, 66, 70, 74, 76, 149, 600, 930, 931, M101, Z-25, Z-45, 76N"},"geometry":{"type":"LineString","coordinates":[[19.068349,50.259832],[19.067675,50.259802],[19.06744,50.259772],[19.066149,50.259745],[19.065644,50.259706],[19.064973,50.259703],[19.063595,50.25965],[19.063406,50.259661]]}},{"type":"Feature","properties":{"mode":"bus","n":14,"arr":["18","30","66","70","74","76","149","600","930","931","M101","Z-25","Z-45","76N"],"lines":"18, 30, 66, 70, 74, 76, 149, 600, 930, 931, M101, Z-25, Z-45, 76N"},"geometry":{"type":"LineString","coordinates":[[19.068049,50.259825],[19.068045,50.259898]]}},{"type":"Feature","properties":{"mode":"bus","n":13,"arr":["18","30","66","74","76","149","600","930","931","M101","Z-25","Z-45","76N"],"lines":"18, 30, 66, 74, 76, 149, 600, 930, 931, M101, Z-25, Z-45, 76N"},"geometry":{"type":"LineString","coordinates":[[19.06506,50.259704],[19.065314,50.259852],[19.065365,50.259982],[19.065318,50.260097],[19.063998,50.260788],[19.063713,50.260926],[19.063591,50.260944],[19.063333,50.2609],[19.063156,50.260777],[19.063216,50.259799],[19.063305,50.25971],[19.063406,50.259661]]}},{"type":"Feature","properties":{"mode":"bus","n":10,"arr":["18","66","74","76","149","600","930","931","Z-25","Z-45"],"lines":"18, 66, 74, 76, 149, 600, 930, 931, Z-25, Z-45"},"geometry":{"type":"LineString","coordinates":[[19.063998,50.260788],[19.063808,50.260624],[19.063795,50.260605],[19.063798,50.260588],[19.063819,50.260572],[19.064636,50.26015],[19.064647,50.260142],[19.064651,50.260131],[19.064653,50.26011],[19.064594,50.260036],[19.064562,50.260011],[19.064518,50.259997],[19.064473,50.259989],[19.064425,50.259988],[19.064381,50.260002],[19.063947,50.260228]]}},{"type":"Feature","properties":{"mode":"bus","n":8,"arr":["18","66","76","149","930","931","M101","76N"],"lines":"18, 66, 76, 149, 930, 931, M101, 76N"},"geometry":{"type":"LineString","coordinates":[[19.069501,50.259033],[19.068825,50.259105],[19.068047,50.259236],[19.06758,50.259351],[19.066784,50.259603],[19.066096,50.259893],[19.063801,50.261081],[19.0635,50.261101],[19.063337,50.261071],[19.063237,50.261015],[19.063175,50.260939],[19.063144,50.260867],[19.063156,50.260777]]}},{"type":"Feature","properties":{"mode":"bus","n":13,"arr":["18","66","72","76","109","149","695","920","930","931","M101","Z-2","76N"],"lines":"18, 66, 72, 76, 109, 149, 695, 920, 930, 931, M101, Z-2, 76N"},"geometry":{"type":"LineString","coordinates":[[19.076509,50.258252],[19.075878,50.258404],[19.075016,50.258577],[19.074127,50.258706],[19.073212,50.258796],[19.069501,50.259033]]}},{"type":"Feature","properties":{"mode":"bus","n":6,"arr":["18","34","220","260","690","902N"],"lines":"18, 34, 220, 260, 690, 902N"},"geometry":{"type":"LineString","coordinates":[[19.178148,50.284929],[19.177892,50.284692],[19.177407,50.283988],[19.174736,50.279151]]}},{"type":"Feature","properties":{"mode":"bus","n":6,"arr":["18","188","260","723","M4","902N"],"lines":"18, 188, 260, 723, M4, 902N"},"geometry":{"type":"LineString","coordinates":[[19.178438,50.285434],[19.178442,50.285626],[19.17873,50.286338],[19.180895,50.290259]]}},{"type":"Feature","properties":{"mode":"bus","n":10,"arr":["18","55","100","106","188","260","299","622","808","903N"],"lines":"18, 55, 100, 106, 188, 260, 299, 622, 808, 903N"},"geometry":{"type":"LineString","coordinates":[[19.180895,50.290259],[19.184113,50.296062],[19.184226,50.296354]]}},{"type":"Feature","properties":{"mode":"bus","n":6,"arr":["18","55","260","690","808","903N"],"lines":"18, 55, 260, 690, 808, 903N"},"geometry":{"type":"LineString","coordinates":[[19.195588,50.314184],[19.195309,50.313631],[19.193235,50.310772],[19.192685,50.309896],[19.192003,50.308894],[19.188363,50.303848],[19.18815,50.303513],[19.187969,50.303133]]}},{"type":"Feature","properties":{"mode":"bus","n":7,"arr":["18","55","260","690","808","M2","903N"],"lines":"18, 55, 260, 690, 808, M2, 903N"},"geometry":{"type":"LineString","coordinates":[[19.195748,50.317953],[19.196113,50.316198],[19.196165,50.315726],[19.196058,50.315261],[19.195588,50.314184]]}},{"type":"Feature","properties":{"mode":"bus","n":7,"arr":["18","55","116","260","690","808","903N"],"lines":"18, 55, 116, 260, 690, 808, 903N"},"geometry":{"type":"LineString","coordinates":[[19.195748,50.317953],[19.195724,50.318062]]}},{"type":"Feature","properties":{"mode":"bus","n":6,"arr":["18","116","690","808","M2","903N"],"lines":"18, 116, 690, 808, M2, 903N"},"geometry":{"type":"LineString","coordinates":[[19.195565,50.317959],[19.195748,50.317953]]}},{"type":"Feature","properties":{"mode":"bus","n":19,"arr":["18","27","116","260","604","612","624","629","638","644","656","690","807","808","814","M2","M109","903N","904N"],"lines":"18, 27, 116, 260, 604, 612, 624, 629, 638, 644, 656, 690, 807, 808, 814, M2, M109, 903N, 904N"},"geometry":{"type":"LineString","coordinates":[[19.190332,50.318202],[19.18788,50.319089],[19.18754,50.319286],[19.187244,50.319549]]}},{"type":"Feature","properties":{"mode":"bus","n":18,"arr":["18","27","260","604","612","624","629","638","644","656","690","807","808","814","M2","M109","903N","904N"],"lines":"18, 27, 260, 604, 612, 624, 629, 638, 644, 656, 690, 807, 808, 814, M2, M109, 903N, 904N"},"geometry":{"type":"LineString","coordinates":[[19.187244,50.319549],[19.18702,50.319886],[19.186967,50.320162],[19.186852,50.323125],[19.186698,50.323914],[19.186629,50.324692],[19.186647,50.324971],[19.186732,50.325279]]}},{"type":"Feature","properties":{"mode":"bus","n":23,"arr":["18","27","28","49","55","116","260","612","624","629","637","638","640","644","656","690","716","807","808","814","M2","M109","904N"],"lines":"18, 27, 28, 49, 55, 116, 260, 612, 624, 629, 637, 638, 640, 644, 656, 690, 716, 807, 808, 814, M2, M109, 904N"},"geometry":{"type":"LineString","coordinates":[[19.194806,50.32141],[19.192543,50.322594],[19.192054,50.322873],[19.191377,50.323333],[19.19045,50.324074],[19.190018,50.324349],[19.189675,50.324529],[19.189029,50.324794],[19.188438,50.324972],[19.187949,50.325079],[19.186732,50.325279]]}},{"type":"Feature","properties":{"mode":"bus","n":7,"arr":["18","637","807","808","M2","903N","904N"],"lines":"18, 637, 807, 808, M2, 903N, 904N"},"geometry":{"type":"LineString","coordinates":[[19.2222,50.333079],[19.222276,50.333134],[19.224074,50.33389],[19.225262,50.334421],[19.226057,50.334676]]}},{"type":"Feature","properties":{"mode":"bus","n":6,"arr":["18","637","807","M2","903N","904N"],"lines":"18, 637, 807, M2, 903N, 904N"},"geometry":{"type":"LineString","coordinates":[[19.226057,50.334676],[19.226682,50.334954]]}},{"type":"Feature","properties":{"mode":"bus","n":6,"arr":["18","604","654","807","903N","904N"],"lines":"18, 604, 654, 807, 903N, 904N"},"geometry":{"type":"LineString","coordinates":[[19.227108,50.335152],[19.227313,50.335385],[19.227408,50.335545],[19.227551,50.336107],[19.227713,50.336437],[19.229788,50.339417],[19.229797,50.339425],[19.229808,50.33943],[19.229821,50.339431],[19.229836,50.339428],[19.229897,50.33941]]}},{"type":"Feature","properties":{"mode":"bus","n":5,"arr":["18","604","807","903N","904N"],"lines":"18, 604, 807, 903N, 904N"},"geometry":{"type":"LineString","coordinates":[[19.229803,50.339438],[19.231139,50.341333],[19.231513,50.341658],[19.232263,50.342085]]}},{"type":"Feature","properties":{"mode":"bus","n":11,"arr":["18","604","606","637","638","640","690","807","M2","903N","904N"],"lines":"18, 604, 606, 637, 638, 640, 690, 807, M2, 903N, 904N"},"geometry":{"type":"LineString","coordinates":[[19.232263,50.342085],[19.23293,50.342403],[19.233441,50.342556],[19.233775,50.342613],[19.234108,50.342638],[19.234765,50.342618],[19.235197,50.342549],[19.242652,50.340972]]}},{"type":"Feature","properties":{"mode":"bus","n":11,"arr":["18","237","604","606","624","654","690","807","M2","903N","904N"],"lines":"18, 237, 604, 606, 624, 654, 690, 807, M2, 903N, 904N"},"geometry":{"type":"LineString","coordinates":[[19.243366,50.340819],[19.242652,50.340972]]}},{"type":"Feature","properties":{"mode":"bus","n":7,"arr":["19","142","158","614","615","M3","M102"],"lines":"19, 142, 158, 614, 615, M3, M102"},"geometry":{"type":"LineString","coordinates":[[18.866311,50.431474],[18.865487,50.432626],[18.865413,50.432696],[18.865403,50.432704],[18.865397,50.432709],[18.865394,50.43271],[18.865393,50.432708],[18.865395,50.432702],[18.8654,50.432692],[18.865688,50.432167],[18.866218,50.431393]]}},{"type":"Feature","properties":{"mode":"bus","n":5,"arr":["19","142","158","M3","M102"],"lines":"19, 142, 158, M3, M102"},"geometry":{"type":"LineString","coordinates":[[18.866218,50.431393],[18.866709,50.430671],[18.866828,50.430594]]}},{"type":"Feature","properties":{"mode":"bus","n":5,"arr":["19","142","158","M3","M102"],"lines":"19, 142, 158, M3, M102"},"geometry":{"type":"LineString","coordinates":[[18.867619,50.423881],[18.867644,50.426599],[18.867607,50.427128],[18.867046,50.430092],[18.866828,50.430594],[18.866821,50.430708],[18.866311,50.431474]]}},{"type":"Feature","properties":{"mode":"bus","n":16,"arr":["19","24","42","52","92","99","104","114","127","183","201","227","608","700","M3","M17"],"lines":"19, 24, 42, 52, 92, 99, 104, 114, 127, 183, 201, 227, 608, 700, M3, M17"},"geometry":{"type":"LineString","coordinates":[[18.913947,50.343709],[18.914025,50.343705]]}},{"type":"Feature","properties":{"mode":"bus","n":8,"arr":["20","57","81","83","92","111","169","617N"],"lines":"20, 57, 81, 83, 92, 111, 169, 617N"},"geometry":{"type":"LineString","coordinates":[[18.801335,50.363959],[18.801453,50.363918]]}},{"type":"Feature","properties":{"mode":"bus","n":5,"arr":["20","57","83","92","169"],"lines":"20, 57, 83, 92, 169"},"geometry":{"type":"LineString","coordinates":[[18.800877,50.363423],[18.801335,50.363959]]}},{"type":"Feature","properties":{"mode":"bus","n":9,"arr":["20","57","81","83","92","111","158","169","617N"],"lines":"20, 57, 81, 83, 92, 111, 158, 169, 617N"},"geometry":{"type":"LineString","coordinates":[[18.800642,50.364366],[18.800489,50.364641],[18.800347,50.36528],[18.80035,50.365441],[18.800416,50.365654],[18.800513,50.365804],[18.801091,50.366358],[18.801727,50.367097],[18.80189,50.367323],[18.802001,50.367539],[18.802096,50.367837],[18.802359,50.371713],[18.802439,50.372116],[18.80261,50.372404],[18.803698,50.373993],[18.804015,50.374356],[18.806688,50.376798],[18.810696,50.380026]]}},{"type":"Feature","properties":{"mode":"bus","n":5,"arr":["20","57","83","158","169"],"lines":"20, 57, 83, 158, 169"},"geometry":{"type":"LineString","coordinates":[[18.810696,50.380026],[18.815339,50.383709],[18.815587,50.383966]]}},{"type":"Feature","properties":{"mode":"bus","n":5,"arr":["20","80","134","191","M107"],"lines":"20, 80, 134, 191, M107"},"geometry":{"type":"LineString","coordinates":[[18.752092,50.415739],[18.752509,50.415797],[18.754345,50.41597],[18.754765,50.416056],[18.755172,50.416209],[18.755753,50.416701]]}},{"type":"Feature","properties":{"mode":"bus","n":6,"arr":["20","153","207","208","M105","M107"],"lines":"20, 153, 207, 208, M105, M107"},"geometry":{"type":"LineString","coordinates":[[18.631207,50.398691],[18.630589,50.400329],[18.630576,50.400348],[18.630553,50.400359],[18.63052,50.400362],[18.629929,50.400346],[18.629897,50.400349],[18.629875,50.40036],[18.629863,50.400379],[18.62923,50.402685]]}},{"type":"Feature","properties":{"mode":"bus","n":5,"arr":["21","536","627","686","696"],"lines":"21, 536, 627, 686, 696"},"geometry":{"type":"LineString","coordinates":[[19.045657,50.101468],[19.045627,50.101515],[19.045613,50.101529],[19.045594,50.101537],[19.045568,50.101539],[19.045391,50.101532],[19.045114,50.101575],[19.043114,50.101995],[19.039441,50.103378],[19.038907,50.103557],[19.038657,50.103618],[19.038145,50.103718],[19.037585,50.103767],[19.035033,50.103753]]}},{"type":"Feature","properties":{"mode":"bus","n":5,"arr":["21","536","627","686","696"],"lines":"21, 536, 627, 686, 696"},"geometry":{"type":"LineString","coordinates":[[19.032722,50.103048],[19.034087,50.103593],[19.034528,50.103693],[19.034978,50.103746],[19.034993,50.103748],[19.035002,50.10375],[19.035005,50.103751],[19.035002,50.103752],[19.034992,50.103752],[19.034977,50.103752],[19.034275,50.103744],[19.033777,50.103787]]}},{"type":"Feature","properties":{"mode":"bus","n":8,"arr":["21","273","274","531","536","627","686","696"],"lines":"21, 273, 274, 531, 536, 627, 686, 696"},"geometry":{"type":"LineString","coordinates":[[19.027299,50.101497],[19.026832,50.10152],[19.023602,50.101524],[19.022741,50.101481],[19.021671,50.101332]]}},{"type":"Feature","properties":{"mode":"bus","n":8,"arr":["21","131","254","273","514","565","627","696"],"lines":"21, 131, 254, 273, 514, 565, 627, 696"},"geometry":{"type":"LineString","coordinates":[[18.988953,50.128605],[18.988178,50.128334],[18.987593,50.128199],[18.987542,50.128195],[18.987493,50.128207],[18.987134,50.128361],[18.986688,50.128518],[18.986058,50.128838],[18.98578,50.128947],[18.984265,50.129288],[18.983125,50.12969],[18.98278,50.129767],[18.982487,50.129887],[18.982237,50.129912]]}},{"type":"Feature","properties":{"mode":"bus","n":11,"arr":["21","31","75","131","137","262","268","272","273","536","696"],"lines":"21, 31, 75, 131, 137, 262, 268, 272, 273, 536, 696"},"geometry":{"type":"LineString","coordinates":[[18.966178,50.135672],[18.966785,50.135502]]}},{"type":"Feature","properties":{"mode":"bus","n":7,"arr":["21","75","131","137","268","273","696"],"lines":"21, 75, 131, 137, 268, 273, 696"},"geometry":{"type":"LineString","coordinates":[[18.975529,50.133679],[18.97466,50.133102],[18.97414,50.132529]]}},{"type":"Feature","properties":{"mode":"bus","n":6,"arr":["21","75","137","268","273","696"],"lines":"21, 75, 137, 268, 273, 696"},"geometry":{"type":"LineString","coordinates":[[18.976287,50.134463],[18.976215,50.13429],[18.976069,50.134071],[18.975865,50.133896],[18.975529,50.133679]]}},{"type":"Feature","properties":{"mode":"bus","n":7,"arr":["21","75","137","268","272","273","696"],"lines":"21, 75, 137, 268, 272, 273, 696"},"geometry":{"type":"LineString","coordinates":[[18.977047,50.136187],[18.976772,50.13564],[18.976287,50.134463]]}},{"type":"Feature","properties":{"mode":"bus","n":5,"arr":["21","75","137","268","696"],"lines":"21, 75, 137, 268, 696"},"geometry":{"type":"LineString","coordinates":[[18.968631,50.139925],[18.968873,50.139816],[18.968964,50.139798],[18.975656,50.136877],[18.975733,50.136797],[18.977047,50.136187]]}},{"type":"Feature","properties":{"mode":"bus","n":6,"arr":["21","75","137","268","696","M18"],"lines":"21, 75, 137, 268, 696, M18"},"geometry":{"type":"LineString","coordinates":[[18.956892,50.145088],[18.959169,50.144083],[18.962336,50.142724],[18.962608,50.142626],[18.962953,50.142432],[18.967495,50.140449],[18.968631,50.139925]]}},{"type":"Feature","properties":{"mode":"bus","n":5,"arr":["21","75","137","268","M18"],"lines":"21, 75, 137, 268, M18"},"geometry":{"type":"LineString","coordinates":[[18.952325,50.147088],[18.956892,50.145088]]}},{"type":"Feature","properties":{"mode":"bus","n":6,"arr":["21","31","131","262","273","536"],"lines":"21, 31, 131, 262, 273, 536"},"geometry":{"type":"LineString","coordinates":[[18.965415,50.135949],[18.965599,50.136232]]}},{"type":"Feature","properties":{"mode":"bus","n":6,"arr":["22","50","72","74","91","222"],"lines":"22, 50, 72, 74, 91, 222"},"geometry":{"type":"LineString","coordinates":[[19.043143,50.297057],[19.042238,50.297866],[19.042095,50.297966],[19.039174,50.299127],[19.037315,50.299892],[19.036067,50.300414],[19.034723,50.301022],[19.033385,50.301573],[19.033155,50.301666],[19.032808,50.301771],[19.0327,50.301784]]}},{"type":"Feature","properties":{"mode":"bus","n":10,"arr":["22","30","96","110","196","222","663","664","M11","30N"],"lines":"22, 30, 96, 110, 196, 222, 663, 664, M11, 30N"},"geometry":{"type":"LineString","coordinates":[[19.003613,50.306784],[19.003528,50.307061],[19.003511,50.307299],[19.003752,50.30938],[19.003811,50.31074],[19.003945,50.312193]]}},{"type":"Feature","properties":{"mode":"bus","n":10,"arr":["22","30","96","110","196","222","663","664","M11","30N"],"lines":"22, 30, 96, 110, 196, 222, 663, 664, M11, 30N"},"geometry":{"type":"LineString","coordinates":[[19.003943,50.312374],[19.003572,50.316092],[19.003464,50.316728],[19.003374,50.317943],[19.003365,50.318691],[19.003265,50.319592]]}},{"type":"Feature","properties":{"mode":"bus","n":5,"arr":["22","92","190","632","M3"],"lines":"22, 92, 190, 632, M3"},"geometry":{"type":"LineString","coordinates":[[18.945213,50.303114],[18.945508,50.301627]]}},{"type":"Feature","properties":{"mode":"bus","n":7,"arr":["22","190","632","664","840","M3","840N"],"lines":"22, 190, 632, 664, 840, M3, 840N"},"geometry":{"type":"LineString","coordinates":[[18.949834,50.298276],[18.948808,50.297831],[18.948789,50.297821],[18.948782,50.297809],[18.948784,50.297797],[18.948797,50.297783],[18.948989,50.297632]]}},{"type":"Feature","properties":{"mode":"bus","n":5,"arr":["22","165","840","998","840N"],"lines":"22, 165, 840, 998, 840N"},"geometry":{"type":"LineString","coordinates":[[18.943004,50.29335],[18.943346,50.293275],[18.943594,50.293184],[18.944232,50.292877],[18.944521,50.29271],[18.944705,50.292561],[18.945541,50.291699],[18.945984,50.29117]]}},{"type":"Feature","properties":{"mode":"bus","n":5,"arr":["22","48","74","139","663"],"lines":"22, 48, 74, 139, 663"},"geometry":{"type":"LineString","coordinates":[[18.937083,50.266436],[18.937682,50.26938],[18.939323,50.273961]]}},{"type":"Feature","properties":{"mode":"bus","n":7,"arr":["22","165","201","632","663","998","130N"],"lines":"22, 165, 201, 632, 663, 998, 130N"},"geometry":{"type":"LineString","coordinates":[[18.937083,50.266436],[18.943324,50.265962],[18.943612,50.265887],[18.943653,50.265869],[18.943674,50.265839],[18.943729,50.265646],[18.943777,50.265618],[18.943962,50.265584],[18.944082,50.2656],[18.944128,50.265615],[18.944154,50.265642],[18.944226,50.265783]]}},{"type":"Feature","properties":{"mode":"bus","n":5,"arr":["22","165","632","663","130N"],"lines":"22, 165, 632, 663, 130N"},"geometry":{"type":"LineString","coordinates":[[18.944226,50.265783],[18.944176,50.265831],[18.944107,50.265845],[18.943746,50.26588],[18.943565,50.265943],[18.943324,50.265962]]}},{"type":"Feature","properties":{"mode":"bus","n":6,"arr":["22","48","74","165","632","663"],"lines":"22, 48, 74, 165, 632, 663"},"geometry":{"type":"LineString","coordinates":[[18.94183,50.276126],[18.941426,50.276126]]}},{"type":"Feature","properties":{"mode":"bus","n":5,"arr":["22","190","632","664","M3"],"lines":"22, 190, 632, 664, M3"},"geometry":{"type":"LineString","coordinates":[[18.950077,50.298199],[18.949677,50.297443],[18.949666,50.297429],[18.949651,50.297422],[18.949632,50.29742],[18.949609,50.297426],[18.948989,50.297632]]}},{"type":"Feature","properties":{"mode":"bus","n":5,"arr":["23","147","155","230","255"],"lines":"23, 147, 155, 230, 255"},"geometry":{"type":"LineString","coordinates":[[18.863442,50.276711],[18.863194,50.276885],[18.861056,50.278592],[18.85916,50.280138],[18.858883,50.28039]]}},{"type":"Feature","properties":{"mode":"bus","n":5,"arr":["23","32","47","111","32N"],"lines":"23, 32, 47, 111, 32N"},"geometry":{"type":"LineString","coordinates":[[18.781143,50.297474],[18.780653,50.297902],[18.780511,50.29807],[18.779632,50.299795],[18.778236,50.302688],[18.778029,50.302963],[18.7773,50.30372],[18.777118,50.303976],[18.776952,50.304432],[18.776932,50.304532],[18.776962,50.304652],[18.776899,50.305068]]}},{"type":"Feature","properties":{"mode":"bus","n":5,"arr":["23","47","111","706","720"],"lines":"23, 47, 111, 706, 720"},"geometry":{"type":"LineString","coordinates":[[18.782976,50.292872],[18.783374,50.292005]]}},{"type":"Feature","properties":{"mode":"bus","n":7,"arr":["23","51","109","138","673","674","M24"],"lines":"23, 51, 109, 138, 673, 674, M24"},"geometry":{"type":"LineString","coordinates":[[18.980652,50.277307],[18.980605,50.277267]]}},{"type":"Feature","properties":{"mode":"bus","n":5,"arr":["24","99","616","721","722"],"lines":"24, 99, 616, 721, 722"},"geometry":{"type":"LineString","coordinates":[[19.135817,50.315243],[19.135565,50.315678],[19.135582,50.315716]]}},{"type":"Feature","properties":{"mode":"bus","n":7,"arr":["24","25","40","67","99","125","722"],"lines":"24, 25, 40, 67, 99, 125, 722"},"geometry":{"type":"LineString","coordinates":[[19.128852,50.330843],[19.12873,50.330895]]}},{"type":"Feature","properties":{"mode":"bus","n":9,"arr":["24","25","40","67","99","125","616","721","722"],"lines":"24, 25, 40, 67, 99, 125, 616, 721, 722"},"geometry":{"type":"LineString","coordinates":[[19.120787,50.334471],[19.123415,50.333224],[19.125573,50.331785],[19.125743,50.331698],[19.125924,50.331624],[19.127398,50.331269],[19.12873,50.330895]]}},{"type":"Feature","properties":{"mode":"bus","n":7,"arr":["24","25","67","99","125","721","722"],"lines":"24, 25, 67, 99, 125, 721, 722"},"geometry":{"type":"LineString","coordinates":[[19.090979,50.348699],[19.091568,50.348666],[19.091821,50.348632],[19.092115,50.34853],[19.092472,50.348342],[19.092835,50.348239],[19.094612,50.348059],[19.096235,50.347745],[19.097309,50.347711],[19.09782,50.347652],[19.098323,50.347554],[19.09879,50.347421],[19.098927,50.347361],[19.099135,50.347218],[19.099976,50.346274],[19.10037,50.34563],[19.100567,50.345369],[19.103225,50.342973],[19.103669,50.342669],[19.110146,50.339096],[19.120787,50.334471]]}},{"type":"Feature","properties":{"mode":"bus","n":7,"arr":["24","25","67","99","125","721","722"],"lines":"24, 25, 67, 99, 125, 721, 722"},"geometry":{"type":"LineString","coordinates":[[19.090618,50.348835],[19.090714,50.348763],[19.090954,50.348705],[19.090967,50.3487],[19.090972,50.348693],[19.09097,50.348683],[19.090962,50.34867],[19.090949,50.348657],[19.090928,50.34865],[19.090516,50.34858]]}},{"type":"Feature","properties":{"mode":"bus","n":8,"arr":["24","43","67","88","99","125","721","722"],"lines":"24, 43, 67, 88, 99, 125, 721, 722"},"geometry":{"type":"LineString","coordinates":[[19.090794,50.350065],[19.090571,50.348976],[19.090618,50.348835]]}},{"type":"Feature","properties":{"mode":"bus","n":7,"arr":["24","43","67","88","99","721","722"],"lines":"24, 43, 67, 88, 99, 721, 722"},"geometry":{"type":"LineString","coordinates":[[19.0637,50.356345],[19.064421,50.355666],[19.064571,50.355543],[19.064756,50.355439],[19.064987,50.355326],[19.067147,50.354447],[19.06748,50.354334],[19.06803,50.354187],[19.068916,50.353965],[19.069247,50.353902],[19.072205,50.353585],[19.072805,50.353556],[19.073529,50.353658],[19.073918,50.353681],[19.074566,50.353608],[19.077139,50.353051],[19.077511,50.352918],[19.078586,50.352343],[19.078849,50.352244],[19.080918,50.351727],[19.083332,50.351249],[19.084159,50.351241],[19.084529,50.351291],[19.084721,50.351344],[19.084878,50.351482],[19.08513,50.351864],[19.085411,50.352219],[19.085735,50.352552],[19.085943,50.352677],[19.086158,50.352755],[19.086348,50.352776],[19.086559,50.352754],[19.087037,50.352615],[19.087134,50.352559],[19.087707,50.351915],[19.087914,50.351732],[19.088271,50.351588],[19.089381,50.351225],[19.089657,50.351101],[19.090366,50.350343],[19.090794,50.350065]]}},{"type":"Feature","properties":{"mode":"bus","n":9,"arr":["24","25","43","67","99","100","721","722","967"],"lines":"24, 25, 43, 67, 99, 100, 721, 722, 967"},"geometry":{"type":"LineString","coordinates":[[19.055391,50.360135],[19.05832,50.359381],[19.058598,50.359213],[19.059125,50.358533],[19.05937,50.358325],[19.059749,50.358167],[19.062086,50.357588],[19.062316,50.357502],[19.062717,50.357265],[19.0637,50.356345]]}},{"type":"Feature","properties":{"mode":"bus","n":9,"arr":["24","25","43","67","99","100","721","722","967"],"lines":"24, 25, 43, 67, 99, 100, 721, 722, 967"},"geometry":{"type":"LineString","coordinates":[[19.059221,50.358514],[19.059166,50.358489]]}},{"type":"Feature","properties":{"mode":"bus","n":8,"arr":["24","25","43","99","100","104","721","722"],"lines":"24, 25, 43, 99, 100, 104, 721, 722"},"geometry":{"type":"LineString","coordinates":[[19.050538,50.361353],[19.055391,50.360135]]}},{"type":"Feature","properties":{"mode":"bus","n":8,"arr":["24","25","43","99","100","104","721","722"],"lines":"24, 25, 43, 99, 100, 104, 721, 722"},"geometry":{"type":"LineString","coordinates":[[19.0368,50.364767],[19.039915,50.363981]]}},{"type":"Feature","properties":{"mode":"bus","n":7,"arr":["24","43","99","100","104","721","722"],"lines":"24, 43, 99, 100, 104, 721, 722"},"geometry":{"type":"LineString","coordinates":[[19.039915,50.363981],[19.050538,50.361353]]}},{"type":"Feature","properties":{"mode":"bus","n":11,"arr":["24","25","43","52","99","100","104","700","721","722","M11"],"lines":"24, 25, 43, 52, 99, 100, 104, 700, 721, 722, M11"},"geometry":{"type":"LineString","coordinates":[[19.036257,50.365099],[19.036266,50.365152],[19.036552,50.365559],[19.036571,50.365577],[19.036597,50.365586],[19.036631,50.365587],[19.036801,50.36557],[19.036814,50.365567],[19.036821,50.365562],[19.036823,50.365553],[19.036821,50.365526]]}},{"type":"Feature","properties":{"mode":"bus","n":10,"arr":["24","25","43","52","99","100","104","700","722","M11"],"lines":"24, 25, 43, 52, 99, 100, 104, 700, 722, M11"},"geometry":{"type":"LineString","coordinates":[[19.036794,50.365172],[19.036821,50.365526]]}},{"type":"Feature","properties":{"mode":"bus","n":8,"arr":["24","43","52","99","104","700","722","M11"],"lines":"24, 43, 52, 99, 104, 700, 722, M11"},"geometry":{"type":"LineString","coordinates":[[19.036257,50.365099],[19.036342,50.365051],[19.036467,50.365037],[19.036623,50.365099],[19.036724,50.365168],[19.036794,50.365172]]}},{"type":"Feature","properties":{"mode":"bus","n":7,"arr":["24","25","99","104","721","722","M11"],"lines":"24, 25, 99, 104, 721, 722, M11"},"geometry":{"type":"LineString","coordinates":[[19.016834,50.367474],[19.030815,50.366263],[19.035852,50.365002]]}},{"type":"Feature","properties":{"mode":"bus","n":8,"arr":["24","25","43","99","104","721","722","M11"],"lines":"24, 25, 43, 99, 104, 721, 722, M11"},"geometry":{"type":"LineString","coordinates":[[19.035852,50.365002],[19.035994,50.364965]]}},{"type":"Feature","properties":{"mode":"bus","n":5,"arr":["24","25","99","104","M11"],"lines":"24, 25, 99, 104, M11"},"geometry":{"type":"LineString","coordinates":[[19.013903,50.367711],[19.016834,50.367474]]}},{"type":"Feature","properties":{"mode":"bus","n":5,"arr":["24","52","85","99","104"],"lines":"24, 52, 85, 99, 104"},"geometry":{"type":"LineString","coordinates":[[18.977199,50.372375],[18.976987,50.372489],[18.976749,50.372736],[18.976755,50.372873],[18.976988,50.373072]]}},{"type":"Feature","properties":{"mode":"bus","n":7,"arr":["24","52","99","104","114","700","708"],"lines":"24, 52, 99, 104, 114, 700, 708"},"geometry":{"type":"LineString","coordinates":[[18.933592,50.359683],[18.931411,50.360011],[18.931166,50.360011],[18.930854,50.359893]]}},{"type":"Feature","properties":{"mode":"bus","n":6,"arr":["24","52","99","104","114","700"],"lines":"24, 52, 99, 104, 114, 700"},"geometry":{"type":"LineString","coordinates":[[18.930854,50.359893],[18.930641,50.359902],[18.92978,50.360034],[18.929755,50.360035],[18.929736,50.360031],[18.929722,50.360022],[18.929714,50.360007],[18.928655,50.356699],[18.926945,50.353111]]}},{"type":"Feature","properties":{"mode":"bus","n":7,"arr":["24","52","99","104","114","700","M102"],"lines":"24, 52, 99, 104, 114, 700, M102"},"geometry":{"type":"LineString","coordinates":[[18.930855,50.352358],[18.92977,50.35252],[18.924311,50.353667],[18.924287,50.35367],[18.924267,50.353667],[18.924252,50.353658],[18.924242,50.353644],[18.922941,50.350908],[18.922931,50.350894],[18.922916,50.350885],[18.922896,50.350883],[18.922872,50.350885],[18.919617,50.351581],[18.918777,50.35173],[18.917166,50.352],[18.915958,50.352157],[18.913236,50.352561],[18.913204,50.352562],[18.913181,50.352553],[18.913168,50.352534],[18.912927,50.35191],[18.912774,50.351768]]}},{"type":"Feature","properties":{"mode":"bus","n":11,"arr":["24","52","85","91","99","104","114","185","227","700","M102"],"lines":"24, 52, 85, 91, 99, 104, 114, 185, 227, 700, M102"},"geometry":{"type":"LineString","coordinates":[[18.913442,50.351573],[18.915145,50.351316],[18.915812,50.35119],[18.916542,50.350981],[18.918356,50.350389],[18.918772,50.350303],[18.919387,50.350139],[18.9212,50.349789],[18.921497,50.349714],[18.921698,50.349642],[18.922193,50.349387]]}},{"type":"Feature","properties":{"mode":"bus","n":10,"arr":["24","52","85","91","104","114","185","227","700","M102"],"lines":"24, 52, 85, 91, 104, 114, 185, 227, 700, M102"},"geometry":{"type":"LineString","coordinates":[[18.912774,50.351768],[18.913021,50.351662],[18.913442,50.351573]]}},{"type":"Feature","properties":{"mode":"bus","n":8,"arr":["24","42","85","91","99","104","185","M17"],"lines":"24, 42, 85, 91, 99, 104, 185, M17"},"geometry":{"type":"LineString","coordinates":[[18.913492,50.343854],[18.91329,50.343942]]}},{"type":"Feature","properties":{"mode":"bus","n":10,"arr":["24","42","85","91","99","104","183","185","227","M17"],"lines":"24, 42, 85, 91, 99, 104, 183, 185, 227, M17"},"geometry":{"type":"LineString","coordinates":[[18.913782,50.343727],[18.913492,50.343854]]}},{"type":"Feature","properties":{"mode":"bus","n":12,"arr":["24","42","85","91","99","104","127","183","185","201","227","M17"],"lines":"24, 42, 85, 91, 99, 104, 127, 183, 185, 201, 227, M17"},"geometry":{"type":"LineString","coordinates":[[18.913947,50.343709],[18.913782,50.343727]]}},{"type":"Feature","properties":{"mode":"bus","n":10,"arr":["24","52","99","104","114","608","700","708","M16","M102"],"lines":"24, 52, 99, 104, 114, 608, 700, 708, M16, M102"},"geometry":{"type":"LineString","coordinates":[[18.932237,50.356129],[18.931212,50.35326],[18.930855,50.352358]]}},{"type":"Feature","properties":{"mode":"bus","n":8,"arr":["24","52","99","104","114","700","708","M16"],"lines":"24, 52, 99, 104, 114, 700, 708, M16"},"geometry":{"type":"LineString","coordinates":[[18.933592,50.359683],[18.933434,50.359337],[18.932237,50.356129]]}},{"type":"Feature","properties":{"mode":"bus","n":7,"arr":["24","25","43","99","100","104","722"],"lines":"24, 25, 43, 99, 100, 104, 722"},"geometry":{"type":"LineString","coordinates":[[19.036702,50.364907],[19.036794,50.365172]]}},{"type":"Feature","properties":{"mode":"bus","n":9,"arr":["24","25","43","67","88","99","125","721","722"],"lines":"24, 25, 43, 67, 88, 99, 125, 721, 722"},"geometry":{"type":"LineString","coordinates":[[19.090618,50.348835],[19.090541,50.348791],[19.090516,50.34858]]}},{"type":"Feature","properties":{"mode":"bus","n":8,"arr":["25","27","28","90","260","612","807","814"],"lines":"25, 27, 28, 90, 260, 612, 807, 814"},"geometry":{"type":"LineString","coordinates":[[19.125687,50.326548],[19.125841,50.326421],[19.125952,50.326371],[19.126282,50.326286],[19.12644,50.32627],[19.128077,50.326253],[19.128819,50.326181],[19.130173,50.32596],[19.130654,50.325909],[19.139112,50.325369],[19.139868,50.32527],[19.140202,50.325196]]}},{"type":"Feature","properties":{"mode":"bus","n":8,"arr":["25","27","28","90","260","612","807","814"],"lines":"25, 27, 28, 90, 260, 612, 807, 814"},"geometry":{"type":"LineString","coordinates":[[19.124629,50.326902],[19.124827,50.326991],[19.125035,50.327009],[19.125233,50.32697],[19.125414,50.326855]]}},{"type":"Feature","properties":{"mode":"bus","n":5,"arr":["25","27","104","243","612"],"lines":"25, 27, 104, 243, 612"},"geometry":{"type":"LineString","coordinates":[[19.122989,50.325484],[19.123,50.325356],[19.123113,50.325238],[19.123526,50.325122]]}},{"type":"Feature","properties":{"mode":"bus","n":5,"arr":["25","27","243","612","814"],"lines":"25, 27, 243, 612, 814"},"geometry":{"type":"LineString","coordinates":[[19.123526,50.325122],[19.124433,50.325209],[19.124877,50.325319]]}},{"type":"Feature","properties":{"mode":"bus","n":8,"arr":["25","27","28","243","260","612","807","814"],"lines":"25, 27, 28, 243, 260, 612, 807, 814"},"geometry":{"type":"LineString","coordinates":[[19.125405,50.325606],[19.12582,50.325854],[19.126325,50.32603],[19.126801,50.326112],[19.127423,50.326133]]}},{"type":"Feature","properties":{"mode":"bus","n":6,"arr":["25","27","90","612","902N","904N"],"lines":"25, 27, 90, 612, 902N, 904N"},"geometry":{"type":"LineString","coordinates":[[19.127423,50.326133],[19.127474,50.325829],[19.127585,50.325566],[19.127851,50.324596],[19.128159,50.322556],[19.128319,50.322226],[19.128669,50.321697]]}},{"type":"Feature","properties":{"mode":"bus","n":11,"arr":["25","27","28","90","243","260","612","807","814","902N","904N"],"lines":"25, 27, 28, 90, 243, 260, 612, 807, 814, 902N, 904N"},"geometry":{"type":"LineString","coordinates":[[19.127423,50.326133],[19.127969,50.326121],[19.128582,50.326071],[19.130869,50.325718],[19.131869,50.325619],[19.133075,50.325536]]}},{"type":"Feature","properties":{"mode":"bus","n":10,"arr":["25","27","28","90","260","612","807","814","902N","904N"],"lines":"25, 27, 28, 90, 260, 612, 807, 814, 902N, 904N"},"geometry":{"type":"LineString","coordinates":[[19.139839,50.325072],[19.139459,50.325145],[19.138687,50.325244],[19.138117,50.325278],[19.137043,50.325294],[19.133075,50.325536]]}},{"type":"Feature","properties":{"mode":"bus","n":9,"arr":["26","150","188","299","612","616","M15","M19","M23"],"lines":"26, 150, 188, 299, 612, 616, M15, M19, M23"},"geometry":{"type":"LineString","coordinates":[[19.137582,50.304958],[19.137529,50.30497]]}},{"type":"Feature","properties":{"mode":"bus","n":11,"arr":["26","40","150","188","299","612","616","807","M15","M19","M23"],"lines":"26, 40, 150, 188, 299, 612, 616, 807, M15, M19, M23"},"geometry":{"type":"LineString","coordinates":[[19.134927,50.300805],[19.135744,50.302074],[19.136649,50.303291],[19.137165,50.304168],[19.137582,50.304958]]}},{"type":"Feature","properties":{"mode":"bus","n":6,"arr":["26","150","188","299","612","M15"],"lines":"26, 150, 188, 299, 612, M15"},"geometry":{"type":"LineString","coordinates":[[19.136528,50.30323],[19.136596,50.303212]]}},{"type":"Feature","properties":{"mode":"bus","n":5,"arr":["26","150","622","723","902N"],"lines":"26, 150, 622, 723, 902N"},"geometry":{"type":"LineString","coordinates":[[19.121962,50.296029],[19.121947,50.295967],[19.121478,50.295251],[19.12104,50.29479],[19.120563,50.294372],[19.120332,50.294061],[19.118578,50.290663],[19.118273,50.290257],[19.117067,50.288824],[19.116515,50.288123]]}},{"type":"Feature","properties":{"mode":"bus","n":14,"arr":["26","35","40","88","91","100","150","154","299","622","807","M23","902N","904N"],"lines":"26, 35, 40, 88, 91, 100, 150, 154, 299, 622, 807, M23, 902N, 904N"},"geometry":{"type":"LineString","coordinates":[[19.132108,50.28523],[19.130556,50.285513],[19.129211,50.285647],[19.128614,50.285761],[19.127353,50.286087],[19.12697,50.286161],[19.122529,50.286912]]}},{"type":"Feature","properties":{"mode":"bus","n":10,"arr":["26","35","40","88","100","150","154","622","807","M23"],"lines":"26, 35, 40, 88, 100, 150, 154, 622, 807, M23"},"geometry":{"type":"LineString","coordinates":[[19.129269,50.285637],[19.12997,50.285493],[19.130387,50.285363],[19.131813,50.285047],[19.132169,50.285013]]}},{"type":"Feature","properties":{"mode":"bus","n":9,"arr":["26","35","88","100","150","188","622","M15","M19"],"lines":"26, 35, 88, 100, 150, 188, 622, M15, M19"},"geometry":{"type":"LineString","coordinates":[[19.132169,50.285013],[19.132523,50.284239],[19.132981,50.283578],[19.133444,50.283073],[19.134068,50.282532],[19.134451,50.282114],[19.134531,50.281976],[19.134553,50.28182],[19.134485,50.281615],[19.134318,50.28144],[19.134064,50.281309],[19.133841,50.281257],[19.133535,50.281272],[19.133318,50.281353],[19.133176,50.281473],[19.13311,50.281679],[19.133198,50.281864],[19.133425,50.282009],[19.133649,50.282059],[19.133895,50.282052],[19.134179,50.281976],[19.134298,50.28191],[19.134588,50.281615]]}},{"type":"Feature","properties":{"mode":"bus","n":11,"arr":["26","35","55","150","188","723","808","M4","M15","M17","M19"],"lines":"26, 35, 55, 150, 188, 723, 808, M4, M15, M17, M19"},"geometry":{"type":"LineString","coordinates":[[19.134588,50.281615],[19.134565,50.281435],[19.13452,50.281339],[19.134364,50.281201]]}},{"type":"Feature","properties":{"mode":"bus","n":14,"arr":["26","35","55","106","150","160S","188","299","723","808","M4","M15","M17","M19"],"lines":"26, 35, 55, 106, 150, 160S, 188, 299, 723, 808, M4, M15, M17, M19"},"geometry":{"type":"LineString","coordinates":[[19.134364,50.281201],[19.133144,50.280769],[19.131568,50.280333],[19.131175,50.280201],[19.130523,50.279935],[19.129204,50.279283],[19.127198,50.278453],[19.126824,50.278263],[19.125998,50.277762],[19.124846,50.277166],[19.123307,50.276398],[19.12293,50.276267]]}},{"type":"Feature","properties":{"mode":"bus","n":6,"arr":["26","106","150","292","788","995"],"lines":"26, 106, 150, 292, 788, 995"},"geometry":{"type":"LineString","coordinates":[[19.129053,50.246969],[19.129605,50.247082],[19.130163,50.247237],[19.131033,50.247439],[19.131597,50.247446]]}},{"type":"Feature","properties":{"mode":"bus","n":7,"arr":["26","106","150","219","292","788","995"],"lines":"26, 106, 150, 219, 292, 788, 995"},"geometry":{"type":"LineString","coordinates":[[19.131597,50.247446],[19.131617,50.2474],[19.131834,50.247239],[19.135171,50.244798],[19.136073,50.243871],[19.137634,50.242803],[19.138193,50.24236]]}},{"type":"Feature","properties":{"mode":"bus","n":13,"arr":["26","55","88","91","100","106","150","160","160S","188","690","835","M15"],"lines":"26, 55, 88, 91, 100, 106, 150, 160, 160S, 188, 690, 835, M15"},"geometry":{"type":"LineString","coordinates":[[19.123472,50.275953],[19.123746,50.275778],[19.125472,50.275066],[19.125746,50.274966],[19.126505,50.274764]]}},{"type":"Feature","properties":{"mode":"bus","n":12,"arr":["26","55","88","91","100","106","150","160","160S","188","690","M15"],"lines":"26, 55, 88, 91, 100, 106, 150, 160, 160S, 188, 690, M15"},"geometry":{"type":"LineString","coordinates":[[19.123446,50.276215],[19.123419,50.276099],[19.123472,50.275953]]}},{"type":"Feature","properties":{"mode":"bus","n":20,"arr":["26","35","55","88","91","100","106","150","160","160S","188","299","690","723","808","M4","M15","M17","M19","902N"],"lines":"26, 35, 55, 88, 91, 100, 106, 150, 160, 160S, 188, 299, 690, 723, 808, M4, M15, M17, M19, 902N"},"geometry":{"type":"LineString","coordinates":[[19.123446,50.276215],[19.12367,50.276394],[19.123965,50.276569],[19.126031,50.277614],[19.127103,50.27813],[19.12741,50.27832],[19.128373,50.27879],[19.12921,50.27914],[19.130103,50.279586],[19.130924,50.279961],[19.131695,50.28024],[19.132296,50.280412],[19.132936,50.280572],[19.134067,50.280799],[19.134918,50.28103]]}},{"type":"Feature","properties":{"mode":"bus","n":11,"arr":["26","35","88","91","100","150","188","622","M15","M19","902N"],"lines":"26, 35, 88, 91, 100, 150, 188, 622, M15, M19, 902N"},"geometry":{"type":"LineString","coordinates":[[19.135807,50.281798],[19.135666,50.281904],[19.135453,50.281977],[19.135121,50.28216],[19.13502,50.282258],[19.134972,50.282353],[19.134948,50.282536],[19.134984,50.282646],[19.135104,50.282781],[19.135309,50.282878],[19.135478,50.28291],[19.135637,50.282912],[19.135799,50.282882],[19.135962,50.282819],[19.136066,50.282736],[19.136126,50.282646],[19.136136,50.282445],[19.136089,50.282363],[19.135976,50.282264],[19.135854,50.282203],[19.135682,50.282161],[19.13542,50.282153],[19.135073,50.282225],[19.134199,50.28261]]}},{"type":"Feature","properties":{"mode":"bus","n":12,"arr":["26","35","88","91","100","150","188","622","M15","M19","902N","904N"],"lines":"26, 35, 88, 91, 100, 150, 188, 622, M15, M19, 902N, 904N"},"geometry":{"type":"LineString","coordinates":[[19.134199,50.28261],[19.133596,50.283132],[19.133178,50.283591],[19.132931,50.283919],[19.132546,50.284584],[19.132395,50.285102]]}},{"type":"Feature","properties":{"mode":"bus","n":7,"arr":["26","150","188","612","616","M2","M15"],"lines":"26, 150, 188, 612, 616, M2, M15"},"geometry":{"type":"LineString","coordinates":[[19.124108,50.300491],[19.125902,50.300221],[19.126378,50.300176],[19.126976,50.300149],[19.127979,50.300159],[19.131247,50.300363],[19.132287,50.300512],[19.134927,50.300805]]}},{"type":"Feature","properties":{"mode":"bus","n":6,"arr":["26","150","188","612","616","M15"],"lines":"26, 150, 188, 612, 616, M15"},"geometry":{"type":"LineString","coordinates":[[19.119986,50.302334],[19.120663,50.301837],[19.121028,50.301608],[19.121554,50.301328],[19.122187,50.30106],[19.122933,50.300811],[19.124108,50.300491]]}},{"type":"Feature","properties":{"mode":"bus","n":8,"arr":["26","150","188","299","612","616","AP","M15"],"lines":"26, 150, 188, 299, 612, 616, AP, M15"},"geometry":{"type":"LineString","coordinates":[[19.117258,50.304929],[19.119986,50.302334]]}},{"type":"Feature","properties":{"mode":"bus","n":17,"arr":["27","49","116","260","604","612","624","629","638","644","656","807","814","M109","902N","903N","904N"],"lines":"27, 49, 116, 260, 604, 612, 624, 629, 638, 644, 656, 807, 814, M109, 902N, 903N, 904N"},"geometry":{"type":"LineString","coordinates":[[19.182151,50.318634],[19.180947,50.318647],[19.180595,50.318671],[19.178975,50.318941],[19.173063,50.319859]]}},{"type":"Feature","properties":{"mode":"bus","n":16,"arr":["27","49","116","260","604","612","624","629","638","644","656","807","814","M109","902N","904N"],"lines":"27, 49, 116, 260, 604, 612, 624, 629, 638, 644, 656, 807, 814, M109, 902N, 904N"},"geometry":{"type":"LineString","coordinates":[[19.168614,50.320551],[19.172791,50.319905]]}},{"type":"Feature","properties":{"mode":"bus","n":7,"arr":["27","49","260","807","814","902N","904N"],"lines":"27, 49, 260, 807, 814, 902N, 904N"},"geometry":{"type":"LineString","coordinates":[[19.161724,50.321614],[19.163847,50.321308],[19.168614,50.320551]]}},{"type":"Feature","properties":{"mode":"bus","n":6,"arr":["27","260","807","814","902N","904N"],"lines":"27, 260, 807, 814, 902N, 904N"},"geometry":{"type":"LineString","coordinates":[[19.159473,50.32186],[19.159916,50.321792],[19.161724,50.321614]]}},{"type":"Feature","properties":{"mode":"bus","n":5,"arr":["27","28","260","807","814"],"lines":"27, 28, 260, 807, 814"},"geometry":{"type":"LineString","coordinates":[[19.158453,50.322115],[19.159265,50.322051],[19.160293,50.32205]]}},{"type":"Feature","properties":{"mode":"bus","n":6,"arr":["27","28","90","260","807","814"],"lines":"27, 28, 90, 260, 807, 814"},"geometry":{"type":"LineString","coordinates":[[19.140202,50.325196],[19.140934,50.325012],[19.14218,50.324616],[19.142657,50.324511],[19.152133,50.323062]]}},{"type":"Feature","properties":{"mode":"bus","n":7,"arr":["27","40","42","61","616","721","722"],"lines":"27, 40, 42, 61, 616, 721, 722"},"geometry":{"type":"LineString","coordinates":[[19.124791,50.319073],[19.124426,50.318925],[19.124131,50.318771]]}},{"type":"Feature","properties":{"mode":"bus","n":5,"arr":["27","40","61","90","616"],"lines":"27, 40, 61, 90, 616"},"geometry":{"type":"LineString","coordinates":[[19.118106,50.324826],[19.118306,50.324416],[19.118293,50.323795],[19.118235,50.323586],[19.11808,50.323346],[19.117099,50.322438],[19.116955,50.322196],[19.116947,50.322122],[19.116973,50.321931],[19.11706,50.321794],[19.117647,50.32124],[19.117877,50.32097],[19.117996,50.32078],[19.11804,50.32045],[19.118018,50.320093],[19.117947,50.319898],[19.117899,50.31983],[19.117641,50.319616],[19.117241,50.319424],[19.116771,50.319368],[19.116471,50.319356],[19.116084,50.319377],[19.115662,50.319461],[19.115143,50.319638],[19.114741,50.319832]]}},{"type":"Feature","properties":{"mode":"bus","n":5,"arr":["27","40","61","616","814"],"lines":"27, 40, 61, 616, 814"},"geometry":{"type":"LineString","coordinates":[[19.118106,50.324826],[19.114478,50.324261]]}},{"type":"Feature","properties":{"mode":"bus","n":5,"arr":["27","61","721","722","814"],"lines":"27, 61, 721, 722, 814"},"geometry":{"type":"LineString","coordinates":[[19.114478,50.324261],[19.110537,50.323569]]}},{"type":"Feature","properties":{"mode":"bus","n":5,"arr":["27","42","61","722","814"],"lines":"27, 42, 61, 722, 814"},"geometry":{"type":"LineString","coordinates":[[19.110537,50.323569],[19.110287,50.323524]]}},{"type":"Feature","properties":{"mode":"bus","n":6,"arr":["27","42","61","814","902N","904N"],"lines":"27, 42, 61, 814, 902N, 904N"},"geometry":{"type":"LineString","coordinates":[[19.110179,50.323506],[19.106417,50.322858],[19.102381,50.322125]]}},{"type":"Feature","properties":{"mode":"bus","n":7,"arr":["27","42","61","722","814","902N","904N"],"lines":"27, 42, 61, 722, 814, 902N, 904N"},"geometry":{"type":"LineString","coordinates":[[19.110287,50.323524],[19.110179,50.323506]]}},{"type":"Feature","properties":{"mode":"bus","n":6,"arr":["27","42","43","M17","M25","Z-1"],"lines":"27, 42, 43, M17, M25, Z-1"},"geometry":{"type":"LineString","coordinates":[[19.070361,50.317277],[19.069242,50.317413],[19.067871,50.317682],[19.067519,50.317787],[19.067289,50.317881],[19.06676,50.318138]]}},{"type":"Feature","properties":{"mode":"bus","n":5,"arr":["27","42","43","M17","M25"],"lines":"27, 42, 43, M17, M25"},"geometry":{"type":"LineString","coordinates":[[19.06676,50.318138],[19.06608,50.318453],[19.065392,50.318731],[19.064622,50.318936],[19.06366,50.319244],[19.063065,50.319386],[19.062688,50.31943],[19.062374,50.319426],[19.060775,50.319299],[19.060071,50.319296],[19.05958,50.319344],[19.054267,50.320031],[19.053631,50.320142],[19.047604,50.32138],[19.045298,50.32193]]}},{"type":"Feature","properties":{"mode":"bus","n":6,"arr":["27","42","43","222","M17","M25"],"lines":"27, 42, 43, 222, M17, M25"},"geometry":{"type":"LineString","coordinates":[[19.045298,50.32193],[19.043008,50.322466],[19.041276,50.322934],[19.040865,50.323078],[19.039869,50.323491],[19.037774,50.324409],[19.037292,50.32457],[19.036724,50.324698],[19.036116,50.324772],[19.034933,50.324777]]}},{"type":"Feature","properties":{"mode":"bus","n":9,"arr":["27","42","43","96","222","664","M17","M25","30N"],"lines":"27, 42, 43, 96, 222, 664, M17, M25, 30N"},"geometry":{"type":"LineString","coordinates":[[19.034933,50.324777],[19.034986,50.324871],[19.034993,50.32498],[19.034887,50.325356],[19.034772,50.327674]]}},{"type":"Feature","properties":{"mode":"bus","n":7,"arr":["27","42","43","196","222","M17","M25"],"lines":"27, 42, 43, 196, 222, M17, M25"},"geometry":{"type":"LineString","coordinates":[[19.034772,50.327674],[19.032799,50.327548],[19.032353,50.327503],[19.031834,50.327405],[19.031599,50.32733],[19.030015,50.326643],[19.029722,50.326543],[19.029553,50.326442]]}},{"type":"Feature","properties":{"mode":"bus","n":10,"arr":["27","42","43","96","196","222","664","M17","M25","30N"],"lines":"27, 42, 43, 96, 196, 222, 664, M17, M25, 30N"},"geometry":{"type":"LineString","coordinates":[[19.029553,50.326442],[19.027704,50.327747],[19.027323,50.327935],[19.0269,50.328085],[19.026425,50.328169],[19.025586,50.328215],[19.025223,50.328215],[19.02359,50.328139],[19.022861,50.328165],[19.022179,50.328271],[19.021674,50.328381]]}},{"type":"Feature","properties":{"mode":"bus","n":11,"arr":["27","42","43","96","196","222","664","M17","M25","M28","30N"],"lines":"27, 42, 43, 96, 196, 222, 664, M17, M25, M28, 30N"},"geometry":{"type":"LineString","coordinates":[[19.021674,50.328381],[19.020977,50.328562]]}},{"type":"Feature","properties":{"mode":"bus","n":8,"arr":["42","96","196","222","664","M17","M28","30N"],"lines":"42, 96, 196, 222, 664, M17, M28, 30N"},"geometry":{"type":"LineString","coordinates":[[19.020977,50.328562],[19.01957,50.329009],[19.018172,50.329347],[19.015983,50.329741],[19.013024,50.330317],[19.010926,50.3307]]}},{"type":"Feature","properties":{"mode":"bus","n":7,"arr":["27","43","96","664","M25","M28","30N"],"lines":"27, 43, 96, 664, M25, M28, 30N"},"geometry":{"type":"LineString","coordinates":[[19.021255,50.328481],[19.021262,50.328208]]}},{"type":"Feature","properties":{"mode":"bus","n":5,"arr":["27","43","196","M25","M28"],"lines":"27, 43, 196, M25, M28"},"geometry":{"type":"LineString","coordinates":[[19.021214,50.328072],[19.021241,50.328139]]}},{"type":"Feature","properties":{"mode":"bus","n":8,"arr":["27","43","96","196","664","M25","M28","30N"],"lines":"27, 43, 96, 196, 664, M25, M28, 30N"},"geometry":{"type":"LineString","coordinates":[[19.021241,50.328139],[19.021262,50.328208],[19.021355,50.328278],[19.021462,50.328335],[19.021674,50.328381]]}},{"type":"Feature","properties":{"mode":"bus","n":6,"arr":["27","43","96","196","M25","M28"],"lines":"27, 43, 96, 196, M25, M28"},"geometry":{"type":"LineString","coordinates":[[19.02489,50.307566],[19.024698,50.308286],[19.023578,50.311035],[19.022346,50.322711],[19.021517,50.327414],[19.021419,50.327735],[19.021214,50.328072]]}},{"type":"Feature","properties":{"mode":"bus","n":5,"arr":["27","43","70","M11","M25"],"lines":"27, 43, 70, M11, M25"},"geometry":{"type":"LineString","coordinates":[[19.009075,50.261552],[19.009227,50.261468],[19.012171,50.260193],[19.012269,50.260113],[19.012305,50.260019]]}},{"type":"Feature","properties":{"mode":"bus","n":5,"arr":["27","42","723","902N","904N"],"lines":"27, 42, 723, 902N, 904N"},"geometry":{"type":"LineString","coordinates":[[19.077453,50.319732],[19.077685,50.318801]]}},{"type":"Feature","properties":{"mode":"bus","n":5,"arr":["27","42","88","902N","904N"],"lines":"27, 42, 88, 902N, 904N"},"geometry":{"type":"LineString","coordinates":[[19.078179,50.318499],[19.077927,50.318465]]}},{"type":"Feature","properties":{"mode":"bus","n":7,"arr":["27","28","260","807","814","902N","904N"],"lines":"27, 28, 260, 807, 814, 902N, 904N"},"geometry":{"type":"LineString","coordinates":[[19.152049,50.322832],[19.142444,50.324331],[19.141929,50.324448],[19.140779,50.324816],[19.139839,50.325072]]}},{"type":"Feature","properties":{"mode":"bus","n":7,"arr":["27","28","260","807","814","902N","904N"],"lines":"27, 28, 260, 807, 814, 902N, 904N"},"geometry":{"type":"LineString","coordinates":[[19.157829,50.321958],[19.158382,50.321897],[19.159473,50.32186]]}},{"type":"Feature","properties":{"mode":"bus","n":7,"arr":["28","55","604","637","640","654","716"],"lines":"28, 55, 604, 637, 640, 654, 716"},"geometry":{"type":"LineString","coordinates":[[19.18539,50.329765],[19.185606,50.329714],[19.185659,50.329675],[19.185678,50.329625],[19.185631,50.32948]]}},{"type":"Feature","properties":{"mode":"bus","n":6,"arr":["28","55","604","637","640","716"],"lines":"28, 55, 604, 637, 640, 716"},"geometry":{"type":"LineString","coordinates":[[19.185708,50.329721],[19.185647,50.329688]]}},{"type":"Feature","properties":{"mode":"bus","n":5,"arr":["28","34","622","M4","902N"],"lines":"28, 34, 622, M4, 902N"},"geometry":{"type":"LineString","coordinates":[[19.25591,50.290061],[19.244346,50.295306]]}},{"type":"Feature","properties":{"mode":"bus","n":6,"arr":["28","34","220","622","M4","902N"],"lines":"28, 34, 220, 622, M4, 902N"},"geometry":{"type":"LineString","coordinates":[[19.261461,50.288461],[19.261216,50.288413],[19.260536,50.288407],[19.260209,50.288438],[19.259981,50.288493],[19.259634,50.288657],[19.25884,50.289127],[19.2585,50.28927],[19.257346,50.289616],[19.256517,50.289813],[19.25591,50.290061]]}},{"type":"Feature","properties":{"mode":"bus","n":5,"arr":["28","34","220","622","M4"],"lines":"28, 34, 220, 622, M4"},"geometry":{"type":"LineString","coordinates":[[19.257346,50.289616],[19.257444,50.289686],[19.259464,50.290014],[19.259872,50.290061],[19.261447,50.290407],[19.261905,50.290431],[19.263102,50.290264],[19.263137,50.290262],[19.263168,50.290269],[19.263194,50.290283],[19.263577,50.290557],[19.265174,50.29136],[19.268731,50.291402]]}},{"type":"Feature","properties":{"mode":"bus","n":5,"arr":["28","34","220","622","M4"],"lines":"28, 34, 220, 622, M4"},"geometry":{"type":"LineString","coordinates":[[19.26868,50.291401],[19.268012,50.289784],[19.268017,50.289624],[19.267185,50.285643],[19.266919,50.28463],[19.266908,50.284611],[19.266886,50.2846],[19.266854,50.284597],[19.265581,50.284654],[19.262654,50.285613],[19.262418,50.285657],[19.262208,50.285668]]}},{"type":"Feature","properties":{"mode":"bus","n":5,"arr":["28","34","220","622","902N"],"lines":"28, 34, 220, 622, 902N"},"geometry":{"type":"LineString","coordinates":[[19.262208,50.285668],[19.261978,50.284111],[19.262354,50.283039],[19.262384,50.282872],[19.262369,50.282683],[19.262075,50.281357],[19.261079,50.279434]]}},{"type":"Feature","properties":{"mode":"bus","n":6,"arr":["28","40","107","200","260","807"],"lines":"28, 40, 107, 200, 260, 807"},"geometry":{"type":"LineString","coordinates":[[19.124843,50.318996],[19.124791,50.319073]]}},{"type":"Feature","properties":{"mode":"bus","n":10,"arr":["28","40","42","90","107","200","260","616","902N","904N"],"lines":"28, 40, 42, 90, 107, 200, 260, 616, 902N, 904N"},"geometry":{"type":"LineString","coordinates":[[19.125123,50.319095],[19.124843,50.318996]]}},{"type":"Feature","properties":{"mode":"bus","n":12,"arr":["28","40","42","90","107","200","260","612","616","807","902N","904N"],"lines":"28, 40, 42, 90, 107, 200, 260, 612, 616, 807, 902N, 904N"},"geometry":{"type":"LineString","coordinates":[[19.125055,50.319183],[19.125123,50.319095]]}},{"type":"Feature","properties":{"mode":"bus","n":5,"arr":["29","69","294","594","655"],"lines":"29, 69, 294, 594, 655"},"geometry":{"type":"LineString","coordinates":[[18.840299,50.149545],[18.840225,50.149426]]}},{"type":"Feature","properties":{"mode":"bus","n":6,"arr":["29","69","294","594","655","M12"],"lines":"29, 69, 294, 594, 655, M12"},"geometry":{"type":"LineString","coordinates":[[18.843498,50.154253],[18.840489,50.149897],[18.840299,50.149545]]}},{"type":"Feature","properties":{"mode":"bus","n":16,"arr":["29","37","41","45","69","75","157","268","294","505","568","594","655","982","M12","905N"],"lines":"29, 37, 41, 45, 69, 75, 157, 268, 294, 505, 568, 594, 655, 982, M12, 905N"},"geometry":{"type":"LineString","coordinates":[[18.900562,50.172298],[18.900275,50.172113],[18.900234,50.172096],[18.900186,50.172091],[18.90009,50.172092]]}},{"type":"Feature","properties":{"mode":"bus","n":12,"arr":["29","37","41","45","69","157","294","568","594","982","M12","M18"],"lines":"29, 37, 41, 45, 69, 157, 294, 568, 594, 982, M12, M18"},"geometry":{"type":"LineString","coordinates":[[18.900845,50.172324],[18.901122,50.172173]]}},{"type":"Feature","properties":{"mode":"bus","n":6,"arr":["29","45","688","937","M12","Z-37"],"lines":"29, 45, 688, 937, M12, Z-37"},"geometry":{"type":"LineString","coordinates":[[18.985357,50.220286],[18.986116,50.220913],[18.988081,50.222421]]}},{"type":"Feature","properties":{"mode":"bus","n":6,"arr":["29","45","688","937","M12","Z-37"],"lines":"29, 45, 688, 937, M12, Z-37"},"geometry":{"type":"LineString","coordinates":[[18.989803,50.223763],[18.990384,50.224225],[18.991139,50.22493],[18.992574,50.226558]]}},{"type":"Feature","properties":{"mode":"bus","n":7,"arr":["29","45","688","937","M12","Z-13","Z-37"],"lines":"29, 45, 688, 937, M12, Z-13, Z-37"},"geometry":{"type":"LineString","coordinates":[[18.988081,50.222421],[18.989803,50.223763]]}},{"type":"Feature","properties":{"mode":"bus","n":6,"arr":["29","45","688","M12","Z-13","Z-37"],"lines":"29, 45, 688, M12, Z-13, Z-37"},"geometry":{"type":"LineString","coordinates":[[18.989803,50.223763],[18.990927,50.224356],[18.992277,50.224761],[18.99276,50.225021],[18.99311,50.225256],[18.993429,50.225531],[18.993725,50.225897],[18.994069,50.226418]]}},{"type":"Feature","properties":{"mode":"bus","n":6,"arr":["29","296","688","937","Z-13","Z-37"],"lines":"29, 296, 688, 937, Z-13, Z-37"},"geometry":{"type":"LineString","coordinates":[[18.995572,50.22681],[18.995407,50.226791],[18.99495,50.226887],[18.994914,50.226882],[18.994902,50.226879],[18.994894,50.226874],[18.994889,50.226867],[18.994801,50.226669],[18.994798,50.226647],[18.994808,50.226628],[18.994831,50.226613],[18.994955,50.226553],[18.994988,50.226528],[18.994998,50.226496],[18.994995,50.226425]]}},{"type":"Feature","properties":{"mode":"bus","n":8,"arr":["29","45","51","688","937","M12","Z-13","Z-37"],"lines":"29, 45, 51, 688, 937, M12, Z-13, Z-37"},"geometry":{"type":"LineString","coordinates":[[18.99464,50.226353],[18.994269,50.226487],[18.993941,50.226561],[18.993652,50.226602],[18.992675,50.226664]]}},{"type":"Feature","properties":{"mode":"bus","n":5,"arr":["29","245","505","655","M12"],"lines":"29, 245, 505, 655, M12"},"geometry":{"type":"LineString","coordinates":[[18.899852,50.172266],[18.89998,50.172348],[18.900024,50.172366],[18.900076,50.172372],[18.900194,50.172371]]}},{"type":"Feature","properties":{"mode":"bus","n":12,"arr":["29","37","45","69","157","245","294","505","568","594","655","M12"],"lines":"29, 37, 45, 69, 157, 245, 294, 505, 568, 594, 655, M12"},"geometry":{"type":"LineString","coordinates":[[18.900194,50.172371],[18.900333,50.172364]]}},{"type":"Feature","properties":{"mode":"bus","n":15,"arr":["29","37","45","69","75","157","245","268","294","505","568","594","655","M12","M18"],"lines":"29, 37, 45, 69, 75, 157, 245, 268, 294, 505, 568, 594, 655, M12, M18"},"geometry":{"type":"LineString","coordinates":[[18.900333,50.172364],[18.900487,50.172362]]}},{"type":"Feature","properties":{"mode":"bus","n":7,"arr":["30","110","193","296","662","M11","30N"],"lines":"30, 110, 193, 296, 662, M11, 30N"},"geometry":{"type":"LineString","coordinates":[[19.015653,50.280695],[19.015775,50.281038],[19.015795,50.281209],[19.015734,50.281503],[19.015572,50.281807],[19.014966,50.28271],[19.014406,50.283229],[19.013607,50.284117],[19.013466,50.284309],[19.012957,50.285175]]}},{"type":"Feature","properties":{"mode":"bus","n":5,"arr":["30","296","662","M11","30N"],"lines":"30, 296, 662, M11, 30N"},"geometry":{"type":"LineString","coordinates":[[19.0156,50.279821],[19.015468,50.280301],[19.015653,50.280695]]}},{"type":"Feature","properties":{"mode":"bus","n":5,"arr":["30","70","600","M101","76N"],"lines":"30, 70, 600, M101, 76N"},"geometry":{"type":"LineString","coordinates":[[19.053011,50.262287],[19.053108,50.261136],[19.053145,50.26102],[19.053257,50.259489]]}},{"type":"Feature","properties":{"mode":"bus","n":5,"arr":["30","70","600","M101","76N"],"lines":"30, 70, 600, M101, 76N"},"geometry":{"type":"LineString","coordinates":[[19.053468,50.259326],[19.053557,50.259209]]}},{"type":"Feature","properties":{"mode":"bus","n":5,"arr":["30","70","600","M101","76N"],"lines":"30, 70, 600, M101, 76N"},"geometry":{"type":"LineString","coordinates":[[19.053323,50.259201],[19.054437,50.259244],[19.054855,50.259238],[19.057158,50.259355],[19.060288,50.259469],[19.061302,50.259482],[19.06255,50.25955],[19.062902,50.25955],[19.064083,50.259442]]}},{"type":"Feature","properties":{"mode":"bus","n":8,"arr":["30","70","74","600","M101","Z-25","Z-45","76N"],"lines":"30, 70, 74, 600, M101, Z-25, Z-45, 76N"},"geometry":{"type":"LineString","coordinates":[[19.064083,50.259442],[19.064783,50.25934],[19.065624,50.259153],[19.066343,50.258939],[19.068158,50.258293]]}},{"type":"Feature","properties":{"mode":"bus","n":9,"arr":["30","72","76","109","695","920","930","Z-2","76N"],"lines":"30, 72, 76, 109, 695, 920, 930, Z-2, 76N"},"geometry":{"type":"LineString","coordinates":[[19.089498,50.247779],[19.089796,50.24849],[19.090208,50.249935],[19.090435,50.25056],[19.090768,50.25119],[19.091716,50.252808]]}},{"type":"Feature","properties":{"mode":"bus","n":9,"arr":["30","72","76","109","695","920","930","Z-2","76N"],"lines":"30, 72, 76, 109, 695, 920, 930, Z-2, 76N"},"geometry":{"type":"LineString","coordinates":[[19.089322,50.247089],[19.089566,50.246954],[19.089582,50.246946],[19.089595,50.246944],[19.089605,50.246947],[19.089612,50.246954],[19.089616,50.246966],[19.089715,50.24746],[19.090243,50.249298],[19.090529,50.250118],[19.090728,50.250523],[19.092457,50.253463],[19.092288,50.253748]]}},{"type":"Feature","properties":{"mode":"bus","n":8,"arr":["30","76","109","695","920","930","Z-2","76N"],"lines":"30, 76, 109, 695, 920, 930, Z-2, 76N"},"geometry":{"type":"LineString","coordinates":[[19.089498,50.247779],[19.089333,50.247352]]}},{"type":"Feature","properties":{"mode":"bus","n":5,"arr":["30","109","695","920","Z-2"],"lines":"30, 109, 695, 920, Z-2"},"geometry":{"type":"LineString","coordinates":[[19.089333,50.247352],[19.088984,50.247442]]}},{"type":"Feature","properties":{"mode":"bus","n":6,"arr":["30","72","109","695","920","Z-2"],"lines":"30, 72, 109, 695, 920, Z-2"},"geometry":{"type":"LineString","coordinates":[[19.088544,50.247552],[19.088984,50.247442]]}},{"type":"Feature","properties":{"mode":"bus","n":6,"arr":["30","72","109","695","920","Z-2"],"lines":"30, 72, 109, 695, 920, Z-2"},"geometry":{"type":"LineString","coordinates":[[19.08842,50.247627],[19.089322,50.247089]]}},{"type":"Feature","properties":{"mode":"bus","n":7,"arr":["30","109","674","900","930","Z-2","672N"],"lines":"30, 109, 674, 900, 930, Z-2, 672N"},"geometry":{"type":"LineString","coordinates":[[19.079753,50.245125],[19.079248,50.243572]]}},{"type":"Feature","properties":{"mode":"bus","n":7,"arr":["30","72","292","674","695","920","672N"],"lines":"30, 72, 292, 674, 695, 920, 672N"},"geometry":{"type":"LineString","coordinates":[[19.068916,50.225894],[19.068656,50.226442],[19.067947,50.228431],[19.067859,50.228762],[19.067864,50.228967],[19.067922,50.229204],[19.068329,50.230086],[19.06835,50.230394],[19.068307,50.230586],[19.068196,50.230827],[19.067918,50.231165],[19.067678,50.231346],[19.067052,50.231704],[19.066777,50.231936],[19.066633,50.232139],[19.066504,50.232463],[19.066423,50.232705],[19.066451,50.232858],[19.066577,50.233014],[19.066752,50.233121],[19.067738,50.233454],[19.07157,50.234667],[19.071835,50.234778],[19.072061,50.234936],[19.075244,50.237754],[19.077397,50.239021],[19.077692,50.23922],[19.077905,50.239452],[19.077998,50.239614],[19.079248,50.243572]]}},{"type":"Feature","properties":{"mode":"bus","n":7,"arr":["30","72","292","674","695","920","M13"],"lines":"30, 72, 292, 674, 695, 920, M13"},"geometry":{"type":"LineString","coordinates":[[19.074113,50.226654],[19.072417,50.226426],[19.068916,50.225894]]}},{"type":"Feature","properties":{"mode":"bus","n":7,"arr":["30","72","223","292","674","695","920"],"lines":"30, 72, 223, 292, 674, 695, 920"},"geometry":{"type":"LineString","coordinates":[[19.069446,50.223701],[19.070251,50.222107],[19.070357,50.221791],[19.070486,50.221158],[19.070848,50.220055],[19.070941,50.219892],[19.071075,50.219785],[19.072022,50.219304],[19.07213,50.219286],[19.076265,50.219869],[19.076424,50.219911],[19.076445,50.219921],[19.076457,50.219935],[19.076471,50.219966],[19.076449,50.220043],[19.074113,50.226654]]}},{"type":"Feature","properties":{"mode":"bus","n":9,"arr":["30","72","223","292","674","695","920","M13","672N"],"lines":"30, 72, 223, 292, 674, 695, 920, M13, 672N"},"geometry":{"type":"LineString","coordinates":[[19.069446,50.223701],[19.067339,50.223375],[19.065706,50.223194],[19.064495,50.223094],[19.064443,50.223096],[19.064397,50.223113],[19.064314,50.223162],[19.063514,50.224036],[19.063426,50.224316],[19.063524,50.224539],[19.063529,50.224635],[19.063445,50.224766],[19.063335,50.225072]]}},{"type":"Feature","properties":{"mode":"bus","n":8,"arr":["30","72","223","292","695","920","M13","672N"],"lines":"30, 72, 223, 292, 695, 920, M13, 672N"},"geometry":{"type":"LineString","coordinates":[[19.063335,50.225072],[19.062511,50.224958],[19.062322,50.224951],[19.062164,50.224974],[19.061814,50.225133],[19.060754,50.225884]]}},{"type":"Feature","properties":{"mode":"bus","n":8,"arr":["30","72","223","292","695","920","M13","672N"],"lines":"30, 72, 223, 292, 695, 920, M13, 672N"},"geometry":{"type":"LineString","coordinates":[[19.05858,50.226717],[19.058644,50.226646],[19.058819,50.226563],[19.060291,50.226173],[19.060531,50.226067],[19.060719,50.225912],[19.060729,50.225904],[19.060733,50.225899],[19.060733,50.225896],[19.060729,50.225896],[19.06072,50.225898],[19.060707,50.225903],[19.060091,50.226153],[19.058773,50.226466],[19.058581,50.226566],[19.058492,50.226697]]}},{"type":"Feature","properties":{"mode":"bus","n":8,"arr":["30","72","223","292","695","920","M13","672N"],"lines":"30, 72, 223, 292, 695, 920, M13, 672N"},"geometry":{"type":"LineString","coordinates":[[19.058312,50.227124],[19.058153,50.227234],[19.057991,50.227308],[19.057825,50.227358],[19.057602,50.227387],[19.057273,50.227386],[19.056357,50.227214]]}},{"type":"Feature","properties":{"mode":"bus","n":6,"arr":["30","72","223","292","695","672N"],"lines":"30, 72, 223, 292, 695, 672N"},"geometry":{"type":"LineString","coordinates":[[19.058312,50.227124],[19.05843,50.227056],[19.058474,50.226999],[19.05858,50.226717]]}},{"type":"Feature","properties":{"mode":"bus","n":6,"arr":["30","72","223","292","695","672N"],"lines":"30, 72, 223, 292, 695, 672N"},"geometry":{"type":"LineString","coordinates":[[19.056357,50.227214],[19.056233,50.227193]]}},{"type":"Feature","properties":{"mode":"bus","n":6,"arr":["30","72","223","292","920","M13"],"lines":"30, 72, 223, 292, 920, M13"},"geometry":{"type":"LineString","coordinates":[[19.058492,50.226697],[19.058423,50.226808],[19.058312,50.227124]]}},{"type":"Feature","properties":{"mode":"bus","n":6,"arr":["30","70","149","600","M101","76N"],"lines":"30, 70, 149, 600, M101, 76N"},"geometry":{"type":"LineString","coordinates":[[19.063406,50.259661],[19.062949,50.259683],[19.061813,50.259639],[19.060675,50.259626],[19.060334,50.25959],[19.055846,50.259418],[19.055355,50.259423],[19.053522,50.259329],[19.05349,50.259331],[19.053466,50.259341],[19.053451,50.259359],[19.053418,50.25942],[19.053052,50.263488]]}},{"type":"Feature","properties":{"mode":"bus","n":5,"arr":["31","262","531","M10","M15"],"lines":"31, 262, 531, M10, M15"},"geometry":{"type":"LineString","coordinates":[[19.007851,50.10974],[19.006694,50.109986],[19.005234,50.11034],[19.004248,50.110641],[19.00297,50.111111]]}},{"type":"Feature","properties":{"mode":"bus","n":5,"arr":["31","131","262","531","M108"],"lines":"31, 131, 262, 531, M108"},"geometry":{"type":"LineString","coordinates":[[19.025639,50.119807],[19.023193,50.120612]]}},{"type":"Feature","properties":{"mode":"bus","n":5,"arr":["31","131","262","531","M108"],"lines":"31, 131, 262, 531, M108"},"geometry":{"type":"LineString","coordinates":[[19.019086,50.122071],[19.025054,50.120106],[19.025756,50.119766],[19.033604,50.117185],[19.034557,50.116823],[19.035678,50.116316]]}},{"type":"Feature","properties":{"mode":"bus","n":5,"arr":["31","262","536","M22","M108"],"lines":"31, 262, 536, M22, M108"},"geometry":{"type":"LineString","coordinates":[[19.093662,50.102653],[19.093858,50.103082]]}},{"type":"Feature","properties":{"mode":"bus","n":5,"arr":["31","931","995","M22","M108"],"lines":"31, 931, 995, M22, M108"},"geometry":{"type":"LineString","coordinates":[[19.097774,50.105084],[19.097117,50.104922],[19.095024,50.104145],[19.094838,50.103986],[19.094735,50.103738],[19.094766,50.103588],[19.094853,50.103403],[19.099012,50.098687],[19.099376,50.098317],[19.09971,50.0979],[19.103316,50.093812],[19.104206,50.092748]]}},{"type":"Feature","properties":{"mode":"bus","n":6,"arr":["31","686","931","995","M22","M108"],"lines":"31, 686, 931, 995, M22, M108"},"geometry":{"type":"LineString","coordinates":[[19.104206,50.092748],[19.102873,50.092353],[19.10199,50.092054],[19.100879,50.091717],[19.099245,50.09135],[19.096999,50.090979],[19.096308,50.090839],[19.092925,50.089978],[19.091849,50.089656]]}},{"type":"Feature","properties":{"mode":"bus","n":6,"arr":["31","686","931","995","M22","M108"],"lines":"31, 686, 931, 995, M22, M108"},"geometry":{"type":"LineString","coordinates":[[19.091279,50.089173],[19.091653,50.08869]]}},{"type":"Feature","properties":{"mode":"bus","n":5,"arr":["31","56","686","M22","M108"],"lines":"31, 56, 686, M22, M108"},"geometry":{"type":"LineString","coordinates":[[19.092234,50.088764],[19.092686,50.08904],[19.093131,50.089466]]}},{"type":"Feature","properties":{"mode":"bus","n":5,"arr":["31","56","686","M22","M108"],"lines":"31, 56, 686, M22, M108"},"geometry":{"type":"LineString","coordinates":[[19.092896,50.088631],[19.092741,50.088977],[19.092686,50.08904]]}},{"type":"Feature","properties":{"mode":"bus","n":7,"arr":["31","56","686","931","995","M22","M108"],"lines":"31, 56, 686, 931, 995, M22, M108"},"geometry":{"type":"LineString","coordinates":[[19.091879,50.08901],[19.092099,50.088739],[19.092112,50.088728],[19.092126,50.088723],[19.092143,50.088723],[19.092161,50.08873],[19.092234,50.088764]]}},{"type":"Feature","properties":{"mode":"bus","n":7,"arr":["31","56","686","931","995","M22","M108"],"lines":"31, 56, 686, 931, 995, M22, M108"},"geometry":{"type":"LineString","coordinates":[[19.091849,50.089656],[19.091131,50.089434],[19.09111,50.089425],[19.091099,50.089414],[19.091098,50.089401],[19.091106,50.089386],[19.091279,50.089173]]}},{"type":"Feature","properties":{"mode":"bus","n":5,"arr":["31","686","931","995","M108"],"lines":"31, 686, 931, 995, M108"},"geometry":{"type":"LineString","coordinates":[[19.092122,50.088711],[19.091632,50.088489]]}},{"type":"Feature","properties":{"mode":"bus","n":5,"arr":["31","686","931","995","M108"],"lines":"31, 686, 931, 995, M108"},"geometry":{"type":"LineString","coordinates":[[19.091653,50.08869],[19.091768,50.088543]]}},{"type":"Feature","properties":{"mode":"bus","n":7,"arr":["31","262","536","931","995","M22","M108"],"lines":"31, 262, 536, 931, 995, M22, M108"},"geometry":{"type":"LineString","coordinates":[[19.097774,50.105084],[19.097614,50.102785],[19.097537,50.102298]]}},{"type":"Feature","properties":{"mode":"bus","n":6,"arr":["31","262","536","686","M22","M108"],"lines":"31, 262, 536, 686, M22, M108"},"geometry":{"type":"LineString","coordinates":[[19.097356,50.102066],[19.096899,50.101837],[19.096516,50.101688],[19.095932,50.101562],[19.095526,50.101527],[19.094955,50.101567],[19.093293,50.101875]]}},{"type":"Feature","properties":{"mode":"bus","n":5,"arr":["32","197","259","702","32N"],"lines":"32, 197, 259, 702, 32N"},"geometry":{"type":"LineString","coordinates":[[18.735886,50.290869],[18.73514,50.290932],[18.734202,50.291109],[18.733869,50.29109],[18.732247,50.290725],[18.729188,50.289905],[18.728577,50.289678],[18.727491,50.289178],[18.726978,50.288907],[18.726577,50.288629],[18.726184,50.288204],[18.725417,50.287518],[18.725187,50.28736]]}},{"type":"Feature","properties":{"mode":"bus","n":5,"arr":["32","41","669","M18","32N"],"lines":"32, 41, 669, M18, 32N"},"geometry":{"type":"LineString","coordinates":[[18.689226,50.279802],[18.694164,50.277567],[18.694709,50.2773],[18.69927,50.274754],[18.702231,50.27307]]}},{"type":"Feature","properties":{"mode":"bus","n":14,"arr":["32","57","59","197","224","259","692","699","702","M100","M104","M106","32N","692N"],"lines":"32, 57, 59, 197, 224, 259, 692, 699, 702, M100, M104, M106, 32N, 692N"},"geometry":{"type":"LineString","coordinates":[[18.678642,50.297076],[18.679148,50.297746]]}},{"type":"Feature","properties":{"mode":"bus","n":14,"arr":["32","57","59","197","224","259","692","699","702","M100","M104","M106","32N","692N"],"lines":"32, 57, 59, 197, 224, 259, 692, 699, 702, M100, M104, M106, 32N, 692N"},"geometry":{"type":"LineString","coordinates":[[18.681632,50.299793],[18.679933,50.298135],[18.679551,50.297826],[18.679148,50.297746],[18.67874,50.297832],[18.67861,50.297905],[18.677374,50.298338],[18.677324,50.298347],[18.677273,50.298341],[18.677103,50.298297],[18.676718,50.297916]]}},{"type":"Feature","properties":{"mode":"bus","n":16,"arr":["32","57","59","197","224","259","692","699","702","759","840","M100","M104","M106","32N","692N"],"lines":"32, 57, 59, 197, 224, 259, 692, 699, 702, 759, 840, M100, M104, M106, 32N, 692N"},"geometry":{"type":"LineString","coordinates":[[18.679751,50.300873],[18.679838,50.300716],[18.680077,50.300531],[18.681632,50.299793]]}},{"type":"Feature","properties":{"mode":"bus","n":21,"arr":["32","57","59","80","156","197","224","259","617","692","699","702","759","840","M14","M100","M104","M106","32N","692N","840N"],"lines":"32, 57, 59, 80, 156, 197, 224, 259, 617, 692, 699, 702, 759, 840, M14, M100, M104, M106, 32N, 692N, 840N"},"geometry":{"type":"LineString","coordinates":[[18.679751,50.300873],[18.679617,50.300915],[18.679368,50.300922],[18.679117,50.301024],[18.677861,50.302161]]}},{"type":"Feature","properties":{"mode":"bus","n":21,"arr":["32","57","59","80","156","197","224","259","617","692","699","702","759","840","M14","M100","M104","M106","32N","692N","840N"],"lines":"32, 57, 59, 80, 156, 197, 224, 259, 617, 692, 699, 702, 759, 840, M14, M100, M104, M106, 32N, 692N, 840N"},"geometry":{"type":"LineString","coordinates":[[18.679623,50.300833],[18.679395,50.300827],[18.679217,50.300871],[18.67887,50.301059],[18.677277,50.301809]]}},{"type":"Feature","properties":{"mode":"bus","n":22,"arr":["32","57","59","80","156","197","224","259","617","676","692","699","702","759","840","M14","M100","M104","M106","32N","692N","840N"],"lines":"32, 57, 59, 80, 156, 197, 224, 259, 617, 676, 692, 699, 702, 759, 840, M14, M100, M104, M106, 32N, 692N, 840N"},"geometry":{"type":"LineString","coordinates":[[18.677861,50.302161],[18.67778,50.302243]]}},{"type":"Feature","properties":{"mode":"bus","n":14,"arr":["32","71","126","187","197","202","224","287","650","678","692","699","M105","32N"],"lines":"32, 71, 126, 187, 197, 202, 224, 287, 650, 678, 692, 699, M105, 32N"},"geometry":{"type":"LineString","coordinates":[[18.670007,50.309702],[18.672632,50.305069],[18.672708,50.304805],[18.672714,50.304741],[18.672675,50.304669]]}},{"type":"Feature","properties":{"mode":"bus","n":13,"arr":["32","71","126","187","197","224","287","650","678","692","699","M105","32N"],"lines":"32, 71, 126, 187, 197, 224, 287, 650, 678, 692, 699, M105, 32N"},"geometry":{"type":"LineString","coordinates":[[18.66918,50.311143],[18.670007,50.309702]]}},{"type":"Feature","properties":{"mode":"bus","n":12,"arr":["32","71","126","187","197","287","650","678","692","699","M105","32N"],"lines":"32, 71, 126, 187, 197, 287, 650, 678, 692, 699, M105, 32N"},"geometry":{"type":"LineString","coordinates":[[18.66601,50.316756],[18.66918,50.311143]]}},{"type":"Feature","properties":{"mode":"bus","n":8,"arr":["32","71","126","197","650","693","M105","32N"],"lines":"32, 71, 126, 197, 650, 693, M105, 32N"},"geometry":{"type":"LineString","coordinates":[[18.66601,50.316756],[18.665411,50.317766],[18.664207,50.319976],[18.662204,50.323469]]}},{"type":"Feature","properties":{"mode":"bus","n":9,"arr":["32","71","126","197","650","692","693","M105","32N"],"lines":"32, 71, 126, 197, 650, 692, 693, M105, 32N"},"geometry":{"type":"LineString","coordinates":[[18.662204,50.323469],[18.662161,50.323544]]}},{"type":"Feature","properties":{"mode":"bus","n":6,"arr":["32","126","678","692","693","32N"],"lines":"32, 126, 678, 692, 693, 32N"},"geometry":{"type":"LineString","coordinates":[[18.662161,50.323544],[18.66132,50.323319],[18.661014,50.323263]]}},{"type":"Feature","properties":{"mode":"bus","n":6,"arr":["32","126","678","692","693","32N"],"lines":"32, 126, 678, 692, 693, 32N"},"geometry":{"type":"LineString","coordinates":[[18.660826,50.323294],[18.660668,50.323394],[18.660602,50.323468],[18.660348,50.323977],[18.660215,50.324163],[18.660001,50.324355],[18.659788,50.324478],[18.659439,50.324591],[18.659194,50.324622],[18.657446,50.324541],[18.657132,50.324566],[18.656853,50.324642],[18.656597,50.324777],[18.653871,50.326476],[18.653207,50.326751],[18.65241,50.326947],[18.651628,50.327042],[18.651053,50.32706],[18.648193,50.326849],[18.647634,50.32673],[18.647418,50.326652],[18.645572,50.325859]]}},{"type":"Feature","properties":{"mode":"bus","n":6,"arr":["32","126","678","692","693","32N"],"lines":"32, 126, 678, 692, 693, 32N"},"geometry":{"type":"LineString","coordinates":[[18.661445,50.324807],[18.660692,50.32463],[18.660481,50.3246],[18.659284,50.324615]]}},{"type":"Feature","properties":{"mode":"bus","n":5,"arr":["32","126","692","693","32N"],"lines":"32, 126, 692, 693, 32N"},"geometry":{"type":"LineString","coordinates":[[18.661014,50.323263],[18.660943,50.323246],[18.660919,50.323243],[18.660897,50.323247],[18.660878,50.323256],[18.660826,50.323294]]}},{"type":"Feature","properties":{"mode":"bus","n":5,"arr":["32","126","186","Z-6","32N"],"lines":"32, 126, 186, Z-6, 32N"},"geometry":{"type":"LineString","coordinates":[[18.645572,50.325859],[18.643642,50.327474],[18.643428,50.327696],[18.643341,50.327868],[18.642683,50.330715],[18.642522,50.33158],[18.641408,50.336185],[18.640923,50.338342]]}},{"type":"Feature","properties":{"mode":"bus","n":6,"arr":["32","126","186","197","Z-6","32N"],"lines":"32, 126, 186, 197, Z-6, 32N"},"geometry":{"type":"LineString","coordinates":[[18.623874,50.347198],[18.623633,50.347224],[18.620528,50.347289],[18.620313,50.347307],[18.620263,50.347318],[18.620225,50.347342],[18.619893,50.347648],[18.61925,50.348005],[18.618886,50.348156],[18.618183,50.34833],[18.617913,50.348461],[18.617624,50.348689],[18.617546,50.348793],[18.617539,50.348941]]}},{"type":"Feature","properties":{"mode":"bus","n":7,"arr":["32","126","186","197","707","Z-6","32N"],"lines":"32, 126, 186, 197, 707, Z-6, 32N"},"geometry":{"type":"LineString","coordinates":[[18.620127,50.354104],[18.619589,50.350961],[18.619513,50.350727],[18.619386,50.350534],[18.618939,50.350098],[18.618008,50.349433],[18.617568,50.348972],[18.617553,50.34896],[18.617535,50.348954],[18.617516,50.348955],[18.617494,50.348963],[18.61739,50.349014],[18.617234,50.349139],[18.616168,50.350342],[18.614567,50.35203],[18.613775,50.353072],[18.613455,50.353635],[18.613337,50.354068],[18.613174,50.3553],[18.613196,50.356038],[18.613202,50.35606],[18.613219,50.356078],[18.613246,50.356091],[18.613356,50.356129],[18.614383,50.356221],[18.614416,50.35622],[18.614439,50.35621],[18.614452,50.356191],[18.614528,50.355984]]}},{"type":"Feature","properties":{"mode":"bus","n":7,"arr":["32","126","186","197","707","Z-6","32N"],"lines":"32, 126, 186, 197, 707, Z-6, 32N"},"geometry":{"type":"LineString","coordinates":[[18.615627,50.3552],[18.615924,50.355004],[18.616334,50.35478],[18.616667,50.354636],[18.617057,50.354507],[18.617624,50.354385],[18.619709,50.354175],[18.620095,50.353926]]}},{"type":"Feature","properties":{"mode":"bus","n":5,"arr":["32","126","197","707","32N"],"lines":"32, 126, 197, 707, 32N"},"geometry":{"type":"LineString","coordinates":[[18.615318,50.355332],[18.615433,50.355264],[18.615627,50.3552]]}},{"type":"Feature","properties":{"mode":"bus","n":10,"arr":["32","71","126","197","650","678","692","693","M105","32N"],"lines":"32, 71, 126, 197, 650, 678, 692, 693, M105, 32N"},"geometry":{"type":"LineString","coordinates":[[18.662161,50.323544],[18.661445,50.324807]]}},{"type":"Feature","properties":{"mode":"bus","n":10,"arr":["32","197","202","224","692","699","702","M100","M106","32N"],"lines":"32, 197, 202, 224, 692, 699, 702, M100, M106, 32N"},"geometry":{"type":"LineString","coordinates":[[18.676546,50.302541],[18.676246,50.302379]]}},{"type":"Feature","properties":{"mode":"bus","n":13,"arr":["32","41","197","202","224","669","692","699","702","M18","M100","M106","32N"],"lines":"32, 41, 197, 202, 224, 669, 692, 699, 702, M18, M100, M106, 32N"},"geometry":{"type":"LineString","coordinates":[[18.677198,50.302891],[18.676546,50.302541]]}},{"type":"Feature","properties":{"mode":"bus","n":20,"arr":["32","57","59","80","156","187","197","202","224","259","676","692","699","702","759","M14","M100","M104","M106","32N"],"lines":"32, 57, 59, 80, 156, 187, 197, 202, 224, 259, 676, 692, 699, 702, 759, M14, M100, M104, M106, 32N"},"geometry":{"type":"LineString","coordinates":[[18.676987,50.303072],[18.676336,50.302717]]}},{"type":"Feature","properties":{"mode":"bus","n":21,"arr":["32","57","59","80","156","187","197","202","224","259","676","692","699","702","759","M14","M100","M104","M106","32N","692N"],"lines":"32, 57, 59, 80, 156, 187, 197, 202, 224, 259, 676, 692, 699, 702, 759, M14, M100, M104, M106, 32N, 692N"},"geometry":{"type":"LineString","coordinates":[[18.676012,50.30254],[18.676336,50.302717]]}},{"type":"Feature","properties":{"mode":"bus","n":23,"arr":["32","57","59","80","156","187","197","224","259","617","676","692","699","702","759","840","M14","M100","M104","M106","32N","692N","840N"],"lines":"32, 57, 59, 80, 156, 187, 197, 224, 259, 617, 676, 692, 699, 702, 759, 840, M14, M100, M104, M106, 32N, 692N, 840N"},"geometry":{"type":"LineString","coordinates":[[18.677277,50.301809],[18.677119,50.301883]]}},{"type":"Feature","properties":{"mode":"bus","n":20,"arr":["32","57","59","80","156","197","259","617","692","699","702","759","840","M14","M100","M104","M106","32N","692N","840N"],"lines":"32, 57, 59, 80, 156, 197, 259, 617, 692, 699, 702, 759, 840, M14, M100, M104, M106, 32N, 692N, 840N"},"geometry":{"type":"LineString","coordinates":[[18.679751,50.300873],[18.679623,50.300833]]}},{"type":"Feature","properties":{"mode":"bus","n":12,"arr":["32","57","197","224","259","692","699","702","M100","M106","32N","692N"],"lines":"32, 57, 197, 224, 259, 692, 699, 702, M100, M106, 32N, 692N"},"geometry":{"type":"LineString","coordinates":[[18.677325,50.298355],[18.677273,50.298417],[18.677259,50.298449],[18.677269,50.298482],[18.677312,50.298545]]}},{"type":"Feature","properties":{"mode":"bus","n":12,"arr":["32","57","197","224","259","692","699","702","M100","M106","32N","692N"],"lines":"32, 57, 197, 224, 259, 692, 699, 702, M100, M106, 32N, 692N"},"geometry":{"type":"LineString","coordinates":[[18.677818,50.298447],[18.67765,50.298302],[18.677532,50.298288]]}},{"type":"Feature","properties":{"mode":"bus","n":5,"arr":["32","197","224","702","32N"],"lines":"32, 197, 224, 702, 32N"},"geometry":{"type":"LineString","coordinates":[[18.677312,50.298545],[18.677748,50.298566],[18.677799,50.298543],[18.677819,50.298528],[18.677824,50.298508],[18.677818,50.298447]]}},{"type":"Feature","properties":{"mode":"bus","n":12,"arr":["34","88","91","100","116","160","160S","220","622","634","M17","M19"],"lines":"34, 88, 91, 100, 116, 160, 160S, 220, 622, 634, M17, M19"},"geometry":{"type":"LineString","coordinates":[[19.134849,50.278222],[19.134816,50.278095],[19.134484,50.277582],[19.134387,50.277486],[19.134282,50.277428],[19.134205,50.277416],[19.133976,50.277457]]}},{"type":"Feature","properties":{"mode":"bus","n":12,"arr":["34","88","91","100","116","160","160S","220","622","634","M17","M19"],"lines":"34, 88, 91, 100, 116, 160, 160S, 220, 622, 634, M17, M19"},"geometry":{"type":"LineString","coordinates":[[19.134918,50.28103],[19.134976,50.28077],[19.135056,50.280687],[19.135178,50.279588],[19.135063,50.279126],[19.134761,50.278643]]}},{"type":"Feature","properties":{"mode":"bus","n":11,"arr":["34","88","100","116","160","160S","220","622","634","M17","M19"],"lines":"34, 88, 100, 116, 160, 160S, 220, 622, 634, M17, M19"},"geometry":{"type":"LineString","coordinates":[[19.134761,50.278643],[19.13494,50.278588],[19.134966,50.278576],[19.134977,50.27856],[19.134972,50.278539],[19.134914,50.278438],[19.134792,50.278309],[19.134782,50.278293],[19.134784,50.278278],[19.134797,50.278263],[19.134849,50.278222]]}},{"type":"Feature","properties":{"mode":"bus","n":8,"arr":["34","55","116","220","634","723","808","M4"],"lines":"34, 55, 116, 220, 634, 723, 808, M4"},"geometry":{"type":"LineString","coordinates":[[19.147973,50.278171],[19.147628,50.278224]]}},{"type":"Feature","properties":{"mode":"bus","n":5,"arr":["34","35","220","634","904N"],"lines":"34, 35, 220, 634, 904N"},"geometry":{"type":"LineString","coordinates":[[19.147987,50.278288],[19.14763,50.278341],[19.147155,50.278473]]}},{"type":"Feature","properties":{"mode":"bus","n":8,"arr":["34","35","55","220","634","723","808","M4"],"lines":"34, 35, 55, 220, 634, 723, 808, M4"},"geometry":{"type":"LineString","coordinates":[[19.138747,50.280686],[19.137926,50.281035],[19.136951,50.281346],[19.136244,50.281605]]}},{"type":"Feature","properties":{"mode":"bus","n":14,"arr":["34","35","55","91","100","150","160S","188","220","634","723","808","M4","M15"],"lines":"34, 35, 55, 91, 100, 150, 160S, 188, 220, 634, 723, 808, M4, M15"},"geometry":{"type":"LineString","coordinates":[[19.136244,50.281605],[19.136196,50.281625]]}},{"type":"Feature","properties":{"mode":"bus","n":10,"arr":["34","91","100","160","160S","220","622","634","M17","M19"],"lines":"34, 91, 100, 160, 160S, 220, 622, 634, M17, M19"},"geometry":{"type":"LineString","coordinates":[[19.134761,50.278643],[19.133976,50.277457]]}},{"type":"Feature","properties":{"mode":"bus","n":8,"arr":["35","61","88","100","723","M17","902N","904N"],"lines":"35, 61, 88, 100, 723, M17, 902N, 904N"},"geometry":{"type":"LineString","coordinates":[[19.074379,50.312366],[19.070857,50.313451],[19.070571,50.313474]]}},{"type":"Feature","properties":{"mode":"bus","n":6,"arr":["35","61","723","M17","902N","904N"],"lines":"35, 61, 723, M17, 902N, 904N"},"geometry":{"type":"LineString","coordinates":[[19.096285,50.305039],[19.096313,50.305158],[19.096287,50.305282],[19.095461,50.307231],[19.095319,50.307546],[19.095112,50.307818],[19.095002,50.307913],[19.094446,50.308233],[19.092602,50.308742],[19.092013,50.308965],[19.091489,50.309241],[19.088314,50.311109],[19.087763,50.311364],[19.087294,50.311467],[19.086711,50.311516],[19.075652,50.31206],[19.075232,50.312124],[19.074379,50.312366]]}},{"type":"Feature","properties":{"mode":"bus","n":8,"arr":["35","88","100","723","814","M17","902N","904N"],"lines":"35, 88, 100, 723, 814, M17, 902N, 904N"},"geometry":{"type":"LineString","coordinates":[[19.107799,50.291004],[19.10513,50.292174],[19.104275,50.292616],[19.102706,50.293466],[19.102299,50.293768],[19.101995,50.294073],[19.101655,50.294566],[19.101514,50.295012],[19.10143,50.295689],[19.101224,50.298198],[19.101185,50.29849],[19.100978,50.29907],[19.10076,50.299422],[19.100415,50.299812],[19.098842,50.301133],[19.097497,50.302527],[19.097288,50.302812],[19.096605,50.304537],[19.096521,50.304711],[19.096441,50.304781]]}},{"type":"Feature","properties":{"mode":"bus","n":9,"arr":["35","61","88","100","723","814","M17","902N","904N"],"lines":"35, 61, 88, 100, 723, 814, M17, 902N, 904N"},"geometry":{"type":"LineString","coordinates":[[19.096441,50.304781],[19.096398,50.304815]]}},{"type":"Feature","properties":{"mode":"bus","n":7,"arr":["35","88","100","814","M17","902N","904N"],"lines":"35, 88, 100, 814, M17, 902N, 904N"},"geometry":{"type":"LineString","coordinates":[[19.110255,50.28988],[19.108776,50.290578],[19.107799,50.291004]]}},{"type":"Feature","properties":{"mode":"bus","n":5,"arr":["35","88","100","814","M17"],"lines":"35, 88, 100, 814, M17"},"geometry":{"type":"LineString","coordinates":[[19.110127,50.289775],[19.109342,50.29026],[19.109176,50.290391]]}},{"type":"Feature","properties":{"mode":"bus","n":6,"arr":["35","116","160","188","690","902N"],"lines":"35, 116, 160, 188, 690, 902N"},"geometry":{"type":"LineString","coordinates":[[19.146221,50.273589],[19.146373,50.273747],[19.147192,50.274854],[19.147555,50.275588],[19.147661,50.275995],[19.147724,50.276732],[19.147628,50.278224]]}},{"type":"Feature","properties":{"mode":"bus","n":13,"arr":["35","66","106","149","160","219","292","536","788","931","995","M13","M101"],"lines":"35, 66, 106, 149, 160, 219, 292, 536, 788, 931, 995, M13, M101"},"geometry":{"type":"LineString","coordinates":[[19.136866,50.241475],[19.138287,50.240874],[19.138739,50.24066]]}},{"type":"Feature","properties":{"mode":"bus","n":13,"arr":["35","66","76","106","149","223","292","536","788","931","972","M101","76N"],"lines":"35, 66, 76, 106, 149, 223, 292, 536, 788, 931, 972, M101, 76N"},"geometry":{"type":"LineString","coordinates":[[19.138739,50.24066],[19.139213,50.24033],[19.139595,50.239945],[19.139972,50.239468],[19.140575,50.238582],[19.141187,50.236898],[19.141894,50.235269],[19.143973,50.230266],[19.144185,50.229868],[19.144358,50.229665]]}},{"type":"Feature","properties":{"mode":"bus","n":13,"arr":["35","66","76","106","149","223","292","536","788","931","972","M101","76N"],"lines":"35, 66, 76, 106, 149, 223, 292, 536, 788, 931, 972, M101, 76N"},"geometry":{"type":"LineString","coordinates":[[19.158276,50.206439],[19.158313,50.204225]]}},{"type":"Feature","properties":{"mode":"bus","n":14,"arr":["35","66","76","106","149","219","223","292","536","788","931","972","M101","76N"],"lines":"35, 66, 76, 106, 149, 219, 223, 292, 536, 788, 931, 972, M101, 76N"},"geometry":{"type":"LineString","coordinates":[[19.144358,50.229665],[19.144716,50.229382],[19.145567,50.228791]]}},{"type":"Feature","properties":{"mode":"bus","n":14,"arr":["35","66","76","106","149","219","223","292","536","788","931","972","M101","76N"],"lines":"35, 66, 76, 106, 149, 219, 223, 292, 536, 788, 931, 972, M101, 76N"},"geometry":{"type":"LineString","coordinates":[[19.145567,50.228791],[19.145689,50.228673],[19.146855,50.227851],[19.148015,50.227078],[19.148629,50.226598],[19.149209,50.22603],[19.149633,50.225487],[19.149925,50.225039],[19.150159,50.224569],[19.15017,50.224555],[19.150185,50.224547],[19.150204,50.224545],[19.150227,50.224549],[19.150835,50.22472],[19.150849,50.224724],[19.150857,50.224727],[19.150859,50.224729],[19.150855,50.224731],[19.150846,50.224731],[19.15083,50.22473],[19.150493,50.224705],[19.150392,50.224724],[19.150251,50.224788],[19.149504,50.225883],[19.148767,50.226683],[19.148182,50.227156],[19.146503,50.228367],[19.146342,50.228458],[19.145567,50.228791]]}},{"type":"Feature","properties":{"mode":"bus","n":14,"arr":["35","66","76","106","149","219","223","292","536","788","931","972","M101","76N"],"lines":"35, 66, 76, 106, 149, 219, 223, 292, 536, 788, 931, 972, M101, 76N"},"geometry":{"type":"LineString","coordinates":[[19.150886,50.224734],[19.151155,50.224739]]}},{"type":"Feature","properties":{"mode":"bus","n":14,"arr":["35","66","76","106","149","219","223","292","536","788","931","972","M101","76N"],"lines":"35, 66, 76, 106, 149, 219, 223, 292, 536, 788, 931, 972, M101, 76N"},"geometry":{"type":"LineString","coordinates":[[19.157031,50.214545],[19.156732,50.213506],[19.156694,50.213066],[19.156714,50.212797],[19.156785,50.212492],[19.157,50.211962],[19.15793,50.209999],[19.158269,50.209163],[19.158276,50.206439]]}},{"type":"Feature","properties":{"mode":"bus","n":13,"arr":["35","66","76","106","149","219","223","292","536","788","931","M101","76N"],"lines":"35, 66, 76, 106, 149, 219, 223, 292, 536, 788, 931, M101, 76N"},"geometry":{"type":"LineString","coordinates":[[19.151155,50.224739],[19.151382,50.22472],[19.15156,50.224665],[19.151798,50.224547],[19.152443,50.224101],[19.152958,50.223582],[19.15666,50.218511],[19.156845,50.218168],[19.157043,50.217662],[19.157262,50.216734],[19.157256,50.215989],[19.15713,50.215016],[19.157031,50.214545]]}},{"type":"Feature","properties":{"mode":"bus","n":8,"arr":["35","66","149","223","292","536","931","M101"],"lines":"35, 66, 149, 223, 292, 536, 931, M101"},"geometry":{"type":"LineString","coordinates":[[19.158313,50.204225],[19.158377,50.20234]]}},{"type":"Feature","properties":{"mode":"bus","n":7,"arr":["35","66","149","223","536","931","M101"],"lines":"35, 66, 149, 223, 536, 931, M101"},"geometry":{"type":"LineString","coordinates":[[19.158377,50.20234],[19.158401,50.201274],[19.158508,50.200743],[19.158932,50.199779],[19.159301,50.199109],[19.160844,50.196643],[19.161642,50.195608],[19.162309,50.194623],[19.162456,50.194454],[19.162623,50.194317],[19.162971,50.194086]]}},{"type":"Feature","properties":{"mode":"bus","n":6,"arr":["35","66","149","995","M15","M22"],"lines":"35, 66, 149, 995, M15, M22"},"geometry":{"type":"LineString","coordinates":[[19.161206,50.183355],[19.161009,50.18347],[19.160778,50.183652],[19.160596,50.183922],[19.160532,50.18409],[19.160526,50.184241],[19.160631,50.184661]]}},{"type":"Feature","properties":{"mode":"bus","n":8,"arr":["35","55","116","188","723","808","M4","904N"],"lines":"35, 55, 116, 188, 723, 808, M4, 904N"},"geometry":{"type":"LineString","coordinates":[[19.147973,50.278171],[19.147987,50.278288]]}},{"type":"Feature","properties":{"mode":"bus","n":6,"arr":["35","116","188","220","634","904N"],"lines":"35, 116, 188, 220, 634, 904N"},"geometry":{"type":"LineString","coordinates":[[19.14764,50.278415],[19.14763,50.278341]]}},{"type":"Feature","properties":{"mode":"bus","n":11,"arr":["35","40","88","91","100","807","814","M17","M23","902N","904N"],"lines":"35, 40, 88, 91, 100, 807, 814, M17, M23, 902N, 904N"},"geometry":{"type":"LineString","coordinates":[[19.111021,50.289505],[19.110255,50.28988]]}},{"type":"Feature","properties":{"mode":"bus","n":5,"arr":["37","973","989","Z-37","905N"],"lines":"37, 973, 989, Z-37, 905N"},"geometry":{"type":"LineString","coordinates":[[18.970675,50.176017],[18.970452,50.176033],[18.970036,50.176104],[18.969749,50.176201],[18.968996,50.176518],[18.968246,50.176656],[18.968007,50.176721],[18.967668,50.176861],[18.966749,50.177311],[18.965718,50.177683],[18.965545,50.177796]]}},{"type":"Feature","properties":{"mode":"bus","n":5,"arr":["37","973","989","Z-37","905N"],"lines":"37, 973, 989, Z-37, 905N"},"geometry":{"type":"LineString","coordinates":[[18.959644,50.182698],[18.959625,50.183202],[18.959923,50.184507],[18.959886,50.184786],[18.959722,50.185052],[18.959496,50.18529],[18.959305,50.185434],[18.959025,50.185594],[18.958787,50.185688],[18.958553,50.185745],[18.958287,50.185775]]}},{"type":"Feature","properties":{"mode":"bus","n":7,"arr":["37","45","69","157","294","568","594"],"lines":"37, 45, 69, 157, 294, 568, 594"},"geometry":{"type":"LineString","coordinates":[[18.900029,50.172267],[18.900194,50.172371]]}},{"type":"Feature","properties":{"mode":"bus","n":10,"arr":["37","45","69","75","157","268","294","568","594","M18"],"lines":"37, 45, 69, 75, 157, 268, 294, 568, 594, M18"},"geometry":{"type":"LineString","coordinates":[[18.903257,50.168874],[18.903282,50.168774],[18.903226,50.168138]]}},{"type":"Feature","properties":{"mode":"bus","n":10,"arr":["37","45","69","75","157","245","268","294","594","M18"],"lines":"37, 45, 69, 75, 157, 245, 268, 294, 594, M18"},"geometry":{"type":"LineString","coordinates":[[18.903538,50.168072],[18.903844,50.168234],[18.903883,50.168291],[18.903892,50.168321],[18.903879,50.16835],[18.90383,50.168406],[18.903655,50.168506],[18.90332,50.168781],[18.903257,50.168874]]}},{"type":"Feature","properties":{"mode":"bus","n":5,"arr":["39","146","147","155","255"],"lines":"39, 146, 147, 155, 255"},"geometry":{"type":"LineString","coordinates":[[18.845868,50.316899],[18.846011,50.317602],[18.846065,50.317687],[18.846207,50.317729],[18.847261,50.317899],[18.847403,50.317946],[18.851032,50.319444],[18.852309,50.319941],[18.852456,50.319937],[18.852585,50.319883],[18.853191,50.319258],[18.853218,50.319096],[18.853155,50.318558],[18.853171,50.318514],[18.853186,50.318494],[18.853214,50.318481],[18.853344,50.318448],[18.855008,50.318342],[18.855138,50.318314],[18.855835,50.318056]]}},{"type":"Feature","properties":{"mode":"bus","n":7,"arr":["39","118","146","147","155","230","255"],"lines":"39, 118, 146, 147, 155, 230, 255"},"geometry":{"type":"LineString","coordinates":[[18.855835,50.318056],[18.856188,50.316807],[18.856322,50.316607],[18.856974,50.315974]]}},{"type":"Feature","properties":{"mode":"bus","n":7,"arr":["39","118","146","147","155","230","255"],"lines":"39, 118, 146, 147, 155, 230, 255"},"geometry":{"type":"LineString","coordinates":[[18.851669,50.313078],[18.851823,50.312521],[18.851871,50.312225],[18.852109,50.309717],[18.852173,50.309398],[18.852302,50.309176],[18.853706,50.30716],[18.853943,50.307018],[18.854179,50.306943]]}},{"type":"Feature","properties":{"mode":"bus","n":7,"arr":["39","118","146","147","155","230","255"],"lines":"39, 118, 146, 147, 155, 230, 255"},"geometry":{"type":"LineString","coordinates":[[18.854123,50.306611],[18.85413,50.306546]]}},{"type":"Feature","properties":{"mode":"bus","n":6,"arr":["39","118","146","155","230","255"],"lines":"39, 118, 146, 155, 230, 255"},"geometry":{"type":"LineString","coordinates":[[18.85413,50.306546],[18.854093,50.306335],[18.85422,50.3059],[18.854283,50.305182],[18.853766,50.300296],[18.853642,50.300009]]}},{"type":"Feature","properties":{"mode":"bus","n":7,"arr":["39","121","146","155","255","982","M21"],"lines":"39, 121, 146, 155, 255, 982, M21"},"geometry":{"type":"LineString","coordinates":[[18.870149,50.275549],[18.870172,50.275861],[18.870231,50.276126],[18.870348,50.276356],[18.870492,50.276514],[18.872299,50.277967],[18.87506,50.280076],[18.875674,50.280659],[18.875874,50.28094],[18.876005,50.281185],[18.876164,50.281674],[18.876193,50.283737]]}},{"type":"Feature","properties":{"mode":"bus","n":7,"arr":["39","121","146","155","255","982","M21"],"lines":"39, 121, 146, 155, 255, 982, M21"},"geometry":{"type":"LineString","coordinates":[[18.873829,50.270824],[18.873787,50.270908],[18.873656,50.271041],[18.872568,50.271444],[18.871952,50.271739],[18.871155,50.272231],[18.870875,50.272479],[18.870675,50.272721],[18.870571,50.272933],[18.870434,50.27438],[18.870313,50.274715]]}},{"type":"Feature","properties":{"mode":"bus","n":6,"arr":["39","120","130","139","177","130N"],"lines":"39, 120, 130, 139, 177, 130N"},"geometry":{"type":"LineString","coordinates":[[18.902945,50.253329],[18.903205,50.253354],[18.903775,50.253317]]}},{"type":"Feature","properties":{"mode":"bus","n":6,"arr":["39","120","130","139","177","130N"],"lines":"39, 120, 130, 139, 177, 130N"},"geometry":{"type":"LineString","coordinates":[[18.91914,50.24974],[18.918702,50.249628],[18.91799,50.249649],[18.91766,50.249627],[18.917544,50.249654],[18.917058,50.249815],[18.915231,50.250727],[18.914608,50.250943],[18.913316,50.251183],[18.912968,50.251177],[18.912649,50.251229],[18.912563,50.251268],[18.912449,50.251402],[18.910348,50.251983],[18.908756,50.252321],[18.903775,50.253317],[18.903487,50.2534],[18.903319,50.253492]]}},{"type":"Feature","properties":{"mode":"bus","n":6,"arr":["40","612","616","807","M19","M23"],"lines":"40, 612, 616, 807, M19, M23"},"geometry":{"type":"LineString","coordinates":[[19.137582,50.304958],[19.138005,50.305758],[19.1381,50.306203],[19.138124,50.30666],[19.138073,50.307172],[19.137947,50.307473],[19.13777,50.307735]]}},{"type":"Feature","properties":{"mode":"bus","n":6,"arr":["40","612","616","807","M19","M23"],"lines":"40, 612, 616, 807, M19, M23"},"geometry":{"type":"LineString","coordinates":[[19.138058,50.307842],[19.13824,50.307531],[19.138324,50.307263],[19.138341,50.307094],[19.138289,50.306086],[19.138221,50.30574],[19.138106,50.305375],[19.137824,50.304803],[19.137347,50.303932],[19.137038,50.303435]]}},{"type":"Feature","properties":{"mode":"bus","n":6,"arr":["40","612","616","807","M19","M23"],"lines":"40, 612, 616, 807, M19, M23"},"geometry":{"type":"LineString","coordinates":[[19.136864,50.303638],[19.136794,50.303645]]}},{"type":"Feature","properties":{"mode":"bus","n":8,"arr":["40","154","188","299","807","M15","M19","M23"],"lines":"40, 154, 188, 299, 807, M15, M19, M23"},"geometry":{"type":"LineString","coordinates":[[19.133614,50.295345],[19.133538,50.294602],[19.132959,50.292026],[19.132834,50.291654],[19.132637,50.291215]]}},{"type":"Feature","properties":{"mode":"bus","n":5,"arr":["40","91","807","814","M23"],"lines":"40, 91, 807, 814, M23"},"geometry":{"type":"LineString","coordinates":[[19.10724,50.287674],[19.108182,50.288153],[19.108881,50.288658],[19.110127,50.289775]]}},{"type":"Feature","properties":{"mode":"bus","n":5,"arr":["40","91","807","814","M23"],"lines":"40, 91, 807, 814, M23"},"geometry":{"type":"LineString","coordinates":[[19.108351,50.287627],[19.108896,50.287911],[19.109996,50.288684],[19.110468,50.289058]]}},{"type":"Feature","properties":{"mode":"bus","n":6,"arr":["40","154","808","835","M4","M23"],"lines":"40, 154, 808, 835, M4, M23"},"geometry":{"type":"LineString","coordinates":[[19.091709,50.282242],[19.091982,50.282412],[19.093076,50.282856],[19.094963,50.283486],[19.09608,50.283913],[19.096895,50.284141],[19.098513,50.284683],[19.099275,50.284985],[19.103737,50.286587]]}},{"type":"Feature","properties":{"mode":"bus","n":10,"arr":["40","154","807","808","814","835","AP","M2","M4","M23"],"lines":"40, 154, 807, 808, 814, 835, AP, M2, M4, M23"},"geometry":{"type":"LineString","coordinates":[[19.075244,50.276328],[19.077979,50.27741],[19.081169,50.278617],[19.083571,50.279473],[19.091709,50.282242]]}},{"type":"Feature","properties":{"mode":"bus","n":10,"arr":["40","154","807","808","814","835","AP","M2","M4","M23"],"lines":"40, 154, 807, 808, 814, 835, AP, M2, M4, M23"},"geometry":{"type":"LineString","coordinates":[[19.075541,50.276269],[19.077351,50.277006],[19.079459,50.277815],[19.080351,50.278017],[19.082477,50.278775],[19.083692,50.279351],[19.093068,50.282538]]}},{"type":"Feature","properties":{"mode":"bus","n":10,"arr":["40","154","807","808","814","835","AP","M2","M4","M23"],"lines":"40, 154, 807, 808, 814, 835, AP, M2, M4, M23"},"geometry":{"type":"LineString","coordinates":[[19.062452,50.270844],[19.068472,50.27345]]}},{"type":"Feature","properties":{"mode":"bus","n":10,"arr":["40","154","807","808","814","835","AP","M2","M4","M23"],"lines":"40, 154, 807, 808, 814, 835, AP, M2, M4, M23"},"geometry":{"type":"LineString","coordinates":[[19.041529,50.262036],[19.042316,50.262123],[19.042668,50.262212],[19.042952,50.262318],[19.047746,50.264371],[19.048089,50.26449],[19.051019,50.265744],[19.054287,50.267179]]}},{"type":"Feature","properties":{"mode":"bus","n":10,"arr":["40","154","807","808","814","835","AP","M2","M4","M23"],"lines":"40, 154, 807, 808, 814, 835, AP, M2, M4, M23"},"geometry":{"type":"LineString","coordinates":[[19.042124,50.261877],[19.043504,50.261964],[19.046647,50.262314],[19.047296,50.262444],[19.047699,50.262585],[19.048076,50.262799],[19.048372,50.263087],[19.048547,50.263414],[19.048734,50.264226],[19.048963,50.264518],[19.049157,50.264665],[19.050107,50.26517],[19.05437,50.267019]]}},{"type":"Feature","properties":{"mode":"bus","n":8,"arr":["40","154","808","814","835","M2","M4","M23"],"lines":"40, 154, 808, 814, 835, M2, M4, M23"},"geometry":{"type":"LineString","coordinates":[[19.070978,50.274868],[19.071317,50.27501],[19.072693,50.27548],[19.073951,50.275954],[19.075244,50.276328]]}},{"type":"Feature","properties":{"mode":"bus","n":8,"arr":["40","154","808","814","835","M2","M4","M23"],"lines":"40, 154, 808, 814, 835, M2, M4, M23"},"geometry":{"type":"LineString","coordinates":[[19.071902,50.274394],[19.072884,50.274944],[19.074388,50.275638],[19.075121,50.276006],[19.075541,50.276269]]}},{"type":"Feature","properties":{"mode":"bus","n":8,"arr":["40","154","808","814","835","M2","M4","M23"],"lines":"40, 154, 808, 814, 835, M2, M4, M23"},"geometry":{"type":"LineString","coordinates":[[19.068472,50.27345],[19.069215,50.273911],[19.070672,50.274724]]}},{"type":"Feature","properties":{"mode":"bus","n":11,"arr":["40","72","74","154","177","808","814","835","M2","M4","M23"],"lines":"40, 72, 74, 154, 177, 808, 814, 835, M2, M4, M23"},"geometry":{"type":"LineString","coordinates":[[19.070672,50.274724],[19.070978,50.274868]]}},{"type":"Feature","properties":{"mode":"bus","n":8,"arr":["40","154","807","808","814","835","M4","M23"],"lines":"40, 154, 807, 808, 814, 835, M4, M23"},"geometry":{"type":"LineString","coordinates":[[19.054287,50.267179],[19.055316,50.267922],[19.055547,50.268063],[19.056655,50.26854],[19.057199,50.26883],[19.058301,50.26931],[19.061612,50.270585],[19.061843,50.270673],[19.062452,50.270844]]}},{"type":"Feature","properties":{"mode":"bus","n":8,"arr":["40","154","807","808","814","835","M4","M23"],"lines":"40, 154, 807, 808, 814, 835, M4, M23"},"geometry":{"type":"LineString","coordinates":[[19.05437,50.267019],[19.055246,50.26729],[19.057546,50.268086],[19.058,50.268322],[19.058544,50.268661],[19.059026,50.26889],[19.061411,50.269928],[19.062189,50.2703],[19.063157,50.270692],[19.064607,50.271321],[19.06511,50.271591],[19.065585,50.271882]]}},{"type":"Feature","properties":{"mode":"bus","n":9,"arr":["40","807","808","814","835","M2","M3","M4","M23"],"lines":"40, 807, 808, 814, 835, M2, M3, M4, M23"},"geometry":{"type":"LineString","coordinates":[[19.01939,50.261486],[19.020427,50.261036],[19.020701,50.260975]]}},{"type":"Feature","properties":{"mode":"bus","n":9,"arr":["40","807","808","814","835","M2","M3","M4","M23"],"lines":"40, 807, 808, 814, 835, M2, M3, M4, M23"},"geometry":{"type":"LineString","coordinates":[[19.018026,50.262084],[19.016451,50.262769]]}},{"type":"Feature","properties":{"mode":"bus","n":5,"arr":["40","807","814","M2","M23"],"lines":"40, 807, 814, M2, M23"},"geometry":{"type":"LineString","coordinates":[[19.01939,50.261486],[19.01892,50.2617]]}},{"type":"Feature","properties":{"mode":"bus","n":8,"arr":["40","807","808","814","835","M2","M4","M23"],"lines":"40, 807, 808, 814, 835, M2, M4, M23"},"geometry":{"type":"LineString","coordinates":[[19.01892,50.2617],[19.018026,50.262084]]}},{"type":"Feature","properties":{"mode":"bus","n":9,"arr":["40","154","177","807","808","814","835","M4","M23"],"lines":"40, 154, 177, 807, 808, 814, 835, M4, M23"},"geometry":{"type":"LineString","coordinates":[[19.065585,50.271882],[19.066161,50.272184],[19.066676,50.27241],[19.067046,50.27265]]}},{"type":"Feature","properties":{"mode":"bus","n":11,"arr":["40","154","177","807","808","814","835","AP","M2","M4","M23"],"lines":"40, 154, 177, 807, 808, 814, 835, AP, M2, M4, M23"},"geometry":{"type":"LineString","coordinates":[[19.067046,50.27265],[19.068264,50.273174]]}},{"type":"Feature","properties":{"mode":"bus","n":9,"arr":["40","154","177","808","814","835","M2","M4","M23"],"lines":"40, 154, 177, 808, 814, 835, M2, M4, M23"},"geometry":{"type":"LineString","coordinates":[[19.068264,50.273174],[19.069321,50.273471],[19.07146,50.274198]]}},{"type":"Feature","properties":{"mode":"bus","n":10,"arr":["40","109","154","177","808","814","835","M2","M4","M23"],"lines":"40, 109, 154, 177, 808, 814, 835, M2, M4, M23"},"geometry":{"type":"LineString","coordinates":[[19.07146,50.274198],[19.071902,50.274394]]}},{"type":"Feature","properties":{"mode":"bus","n":5,"arr":["40","154","808","835","M4"],"lines":"40, 154, 808, 835, M4"},"geometry":{"type":"LineString","coordinates":[[19.093068,50.282538],[19.09406,50.282773],[19.095787,50.283307],[19.09956,50.28456],[19.102683,50.285557]]}},{"type":"Feature","properties":{"mode":"bus","n":6,"arr":["40","91","299","807","814","M23"],"lines":"40, 91, 299, 807, 814, M23"},"geometry":{"type":"LineString","coordinates":[[19.107283,50.287123],[19.107973,50.287426],[19.108351,50.287627]]}},{"type":"Feature","properties":{"mode":"bus","n":8,"arr":["40","154","188","807","M15","M19","M23","902N"],"lines":"40, 154, 188, 807, M15, M19, M23, 902N"},"geometry":{"type":"LineString","coordinates":[[19.133934,50.295215],[19.133201,50.291921],[19.133156,50.29109]]}},{"type":"Feature","properties":{"mode":"bus","n":9,"arr":["40","150","154","188","807","M15","M19","M23","902N"],"lines":"40, 150, 154, 188, 807, M15, M19, M23, 902N"},"geometry":{"type":"LineString","coordinates":[[19.13394,50.295266],[19.133934,50.295215]]}},{"type":"Feature","properties":{"mode":"bus","n":5,"arr":["41","505","982","M18","M21"],"lines":"41, 505, 982, M18, M21"},"geometry":{"type":"LineString","coordinates":[[18.826852,50.220589],[18.826947,50.220551]]}},{"type":"Feature","properties":{"mode":"bus","n":7,"arr":["41","120","505","669","982","M18","M21"],"lines":"41, 120, 505, 669, 982, M18, M21"},"geometry":{"type":"LineString","coordinates":[[18.826852,50.220589],[18.826616,50.220304],[18.82649,50.2201],[18.826181,50.219739],[18.82616,50.219723],[18.826135,50.219718],[18.826103,50.219723],[18.825741,50.219836]]}},{"type":"Feature","properties":{"mode":"bus","n":7,"arr":["41","120","505","669","982","M18","M21"],"lines":"41, 120, 505, 669, 982, M18, M21"},"geometry":{"type":"LineString","coordinates":[[18.825741,50.219836],[18.825859,50.22001],[18.825937,50.220476],[18.825825,50.220569],[18.825695,50.220602],[18.82559,50.220601],[18.825444,50.220562],[18.825337,50.220422],[18.825307,50.22032],[18.825314,50.220115],[18.825358,50.220007],[18.825424,50.219948],[18.825741,50.219836]]}},{"type":"Feature","properties":{"mode":"bus","n":6,"arr":["41","120","669","982","M18","M21"],"lines":"41, 120, 669, 982, M18, M21"},"geometry":{"type":"LineString","coordinates":[[18.826927,50.220664],[18.826852,50.220589]]}},{"type":"Feature","properties":{"mode":"bus","n":6,"arr":["42","61","721","722","902N","904N"],"lines":"42, 61, 721, 722, 902N, 904N"},"geometry":{"type":"LineString","coordinates":[[19.114741,50.319832],[19.11439,50.320082],[19.113633,50.321011],[19.113319,50.321329],[19.113078,50.321524],[19.111188,50.322649],[19.110778,50.322965]]}},{"type":"Feature","properties":{"mode":"bus","n":5,"arr":["42","85","91","185","M17"],"lines":"42, 85, 91, 185, M17"},"geometry":{"type":"LineString","coordinates":[[18.931085,50.34466],[18.931408,50.344648],[18.933808,50.34435],[18.934227,50.344271],[18.934991,50.344037],[18.9359,50.343619],[18.936228,50.343496],[18.936994,50.343313],[18.937895,50.343178],[18.938137,50.343116],[18.939907,50.342915],[18.940306,50.342879],[18.940631,50.342882],[18.941018,50.342841],[18.955207,50.341254],[18.960659,50.340604],[18.963158,50.340328],[18.964969,50.340074]]}},{"type":"Feature","properties":{"mode":"bus","n":5,"arr":["42","85","91","185","M17"],"lines":"42, 85, 91, 185, M17"},"geometry":{"type":"LineString","coordinates":[[18.930849,50.34463],[18.93103,50.344653],[18.931049,50.344654],[18.931062,50.344652],[18.931069,50.344647],[18.93107,50.344638],[18.931065,50.344626],[18.930945,50.344425]]}},{"type":"Feature","properties":{"mode":"bus","n":9,"arr":["42","85","91","185","227","708","M3","M16","M17"],"lines":"42, 85, 91, 185, 227, 708, M3, M16, M17"},"geometry":{"type":"LineString","coordinates":[[18.929688,50.347988],[18.929926,50.347282],[18.930075,50.346662],[18.930354,50.345214],[18.930493,50.344964],[18.930849,50.34463]]}},{"type":"Feature","properties":{"mode":"bus","n":9,"arr":["42","85","91","185","227","708","M3","M16","M17"],"lines":"42, 85, 91, 185, 227, 708, M3, M16, M17"},"geometry":{"type":"LineString","coordinates":[[18.930945,50.344425],[18.93093,50.3441],[18.930876,50.344019]]}},{"type":"Feature","properties":{"mode":"bus","n":7,"arr":["42","85","91","185","227","M3","M17"],"lines":"42, 85, 91, 185, 227, M3, M17"},"geometry":{"type":"LineString","coordinates":[[18.929688,50.347988],[18.929563,50.348157],[18.92936,50.348242],[18.927801,50.348454]]}},{"type":"Feature","properties":{"mode":"bus","n":10,"arr":["42","85","91","185","227","608","M3","M16","M17","M102"],"lines":"42, 85, 91, 185, 227, 608, M3, M16, M17, M102"},"geometry":{"type":"LineString","coordinates":[[18.927801,50.348454],[18.926031,50.348707]]}},{"type":"Feature","properties":{"mode":"bus","n":13,"arr":["42","52","85","91","114","185","227","608","700","M3","M16","M17","M102"],"lines":"42, 52, 85, 91, 114, 185, 227, 608, 700, M3, M16, M17, M102"},"geometry":{"type":"LineString","coordinates":[[18.922735,50.349185],[18.926031,50.348707]]}},{"type":"Feature","properties":{"mode":"bus","n":5,"arr":["42","608","M3","M16","M17"],"lines":"42, 608, M3, M16, M17"},"geometry":{"type":"LineString","coordinates":[[18.91568,50.348405],[18.91793,50.348119],[18.919193,50.348055],[18.919351,50.348087],[18.919511,50.348167],[18.920691,50.348971],[18.920993,50.349094],[18.921236,50.349159],[18.922072,50.349234],[18.922275,50.349233],[18.922735,50.349185]]}},{"type":"Feature","properties":{"mode":"bus","n":10,"arr":["42","85","91","127","185","708","M3","M16","M17","623N"],"lines":"42, 85, 91, 127, 185, 708, M3, M16, M17, 623N"},"geometry":{"type":"LineString","coordinates":[[18.91719,50.343036],[18.917305,50.343007]]}},{"type":"Feature","properties":{"mode":"bus","n":9,"arr":["42","85","91","127","185","708","M3","M16","M17"],"lines":"42, 85, 91, 127, 185, 708, M3, M16, M17"},"geometry":{"type":"LineString","coordinates":[[18.917305,50.343007],[18.917555,50.343005],[18.918304,50.343078],[18.921714,50.343472],[18.922389,50.343622],[18.922811,50.34368],[18.926763,50.343672],[18.928698,50.343771],[18.928921,50.343828]]}},{"type":"Feature","properties":{"mode":"bus","n":7,"arr":["42","85","91","185","708","M16","M17"],"lines":"42, 85, 91, 185, 708, M16, M17"},"geometry":{"type":"LineString","coordinates":[[18.930876,50.344019],[18.930665,50.34397],[18.930512,50.343965],[18.929982,50.344048],[18.929709,50.344075],[18.929536,50.344069],[18.929228,50.343991],[18.928921,50.343828]]}},{"type":"Feature","properties":{"mode":"bus","n":5,"arr":["42","61","722","902N","904N"],"lines":"42, 61, 722, 902N, 904N"},"geometry":{"type":"LineString","coordinates":[[19.110778,50.322965],[19.110652,50.323035],[19.110464,50.323207],[19.110287,50.323524]]}},{"type":"Feature","properties":{"mode":"bus","n":5,"arr":["42","90","616","902N","904N"],"lines":"42, 90, 616, 902N, 904N"},"geometry":{"type":"LineString","coordinates":[[19.124843,50.318996],[19.124471,50.318859],[19.124131,50.318771]]}},{"type":"Feature","properties":{"mode":"bus","n":6,"arr":["43","88","967","M17","M25","Z-1"],"lines":"43, 88, 967, M17, M25, Z-1"},"geometry":{"type":"LineString","coordinates":[[19.071989,50.320722],[19.071505,50.320199],[19.071469,50.320175],[19.07142,50.320167],[19.071266,50.320163],[19.071179,50.320188],[19.071076,50.32032],[19.071133,50.320464]]}},{"type":"Feature","properties":{"mode":"bus","n":9,"arr":["43","52","85","700","721","722","M11","M103","M116"],"lines":"43, 52, 85, 700, 721, 722, M11, M103, M116"},"geometry":{"type":"LineString","coordinates":[[19.016379,50.396282],[19.016762,50.396141],[19.016854,50.39606],[19.016836,50.395962],[19.016654,50.395769]]}},{"type":"Feature","properties":{"mode":"bus","n":6,"arr":["43","52","700","721","722","M11"],"lines":"43, 52, 700, 721, 722, M11"},"geometry":{"type":"LineString","coordinates":[[19.016654,50.395769],[19.02143,50.393945],[19.023206,50.393231],[19.025527,50.392583],[19.025719,50.392562],[19.028675,50.391476],[19.029206,50.391299],[19.029958,50.391099],[19.031353,50.390873],[19.032216,50.390771],[19.033336,50.390732],[19.035587,50.390595],[19.036446,50.390678],[19.037478,50.390998],[19.037669,50.391036],[19.038384,50.391099],[19.038811,50.39108],[19.040744,50.390753],[19.042003,50.390208],[19.042234,50.39005],[19.04226,50.390022],[19.042261,50.389989],[19.042196,50.389785],[19.040608,50.387183],[19.040334,50.386917],[19.039114,50.386025],[19.038748,50.385826],[19.038355,50.385663],[19.038164,50.385506],[19.038099,50.385383],[19.037755,50.384275],[19.037353,50.383449],[19.036859,50.382185],[19.036938,50.381924],[19.037628,50.380653],[19.037697,50.380455],[19.037709,50.38024],[19.03755,50.378732],[19.037415,50.377902],[19.037284,50.377584],[19.036593,50.376278],[19.036262,50.375418],[19.036217,50.375071],[19.036465,50.373443],[19.036704,50.371414],[19.036462,50.370573],[19.036466,50.3704],[19.036506,50.370312],[19.036936,50.369747],[19.037026,50.369509],[19.03703,50.368954],[19.036824,50.365568]]}},{"type":"Feature","properties":{"mode":"bus","n":5,"arr":["45","245","294","568","594"],"lines":"45, 245, 294, 568, 594"},"geometry":{"type":"LineString","coordinates":[[18.898856,50.165346],[18.898296,50.164791],[18.898105,50.164731],[18.897868,50.1647],[18.893911,50.164599],[18.893373,50.164561],[18.893026,50.164494],[18.89059,50.163903]]}},{"type":"Feature","properties":{"mode":"bus","n":5,"arr":["45","51","120","130","900"],"lines":"45, 51, 120, 130, 900"},"geometry":{"type":"LineString","coordinates":[[19.014963,50.254873],[19.01536,50.255285],[19.015406,50.255363],[19.015594,50.256265]]}},{"type":"Feature","properties":{"mode":"bus","n":8,"arr":["45","75","245","268","505","655","M18","905N"],"lines":"45, 75, 245, 268, 505, 655, M18, 905N"},"geometry":{"type":"LineString","coordinates":[[18.900845,50.172324],[18.901001,50.172126]]}},{"type":"Feature","properties":{"mode":"bus","n":9,"arr":["45","69","75","157","268","294","568","594","M18"],"lines":"45, 69, 75, 157, 268, 294, 568, 594, M18"},"geometry":{"type":"LineString","coordinates":[[18.903226,50.168138],[18.903198,50.167912]]}},{"type":"Feature","properties":{"mode":"bus","n":5,"arr":["47","58","120","610","636"],"lines":"47, 58, 120, 610, 636"},"geometry":{"type":"LineString","coordinates":[[18.671455,50.221747],[18.670949,50.221872]]}},{"type":"Feature","properties":{"mode":"bus","n":6,"arr":["47","58","120","194","636","694"],"lines":"47, 58, 120, 194, 636, 694"},"geometry":{"type":"LineString","coordinates":[[18.670806,50.221941],[18.670732,50.222072],[18.670764,50.222492]]}},{"type":"Feature","properties":{"mode":"bus","n":6,"arr":["47","58","120","194","610","M105"],"lines":"47, 58, 120, 194, 610, M105"},"geometry":{"type":"LineString","coordinates":[[18.660081,50.23754],[18.66037,50.237093]]}},{"type":"Feature","properties":{"mode":"bus","n":6,"arr":["47","58","120","194","610","M105"],"lines":"47, 58, 120, 194, 610, M105"},"geometry":{"type":"LineString","coordinates":[[18.655269,50.228341],[18.655293,50.228428],[18.655434,50.228601]]}},{"type":"Feature","properties":{"mode":"bus","n":6,"arr":["47","120","194","610","694","M105"],"lines":"47, 120, 194, 610, 694, M105"},"geometry":{"type":"LineString","coordinates":[[18.657565,50.227093],[18.657221,50.227207]]}},{"type":"Feature","properties":{"mode":"bus","n":5,"arr":["47","120","194","610","636"],"lines":"47, 120, 194, 610, 636"},"geometry":{"type":"LineString","coordinates":[[18.670501,50.221891],[18.670427,50.221871]]}},{"type":"Feature","properties":{"mode":"bus","n":8,"arr":["48","74","139","632","840","998","M3","840N"],"lines":"48, 74, 139, 632, 840, 998, M3, 840N"},"geometry":{"type":"LineString","coordinates":[[18.955925,50.295808],[18.956053,50.295848],[18.956073,50.295857],[18.956084,50.295868],[18.956086,50.295881],[18.956078,50.295896],[18.955226,50.296983],[18.955005,50.297526]]}},{"type":"Feature","properties":{"mode":"bus","n":11,"arr":["48","74","139","165","190","632","664","840","998","M3","840N"],"lines":"48, 74, 139, 165, 190, 632, 664, 840, 998, M3, 840N"},"geometry":{"type":"LineString","coordinates":[[18.955005,50.297526],[18.954697,50.29838],[18.954503,50.298662]]}},{"type":"Feature","properties":{"mode":"bus","n":7,"arr":["48","74","139","165","190","664","998"],"lines":"48, 74, 139, 165, 190, 664, 998"},"geometry":{"type":"LineString","coordinates":[[18.954503,50.298662],[18.955796,50.298868],[18.955821,50.29887],[18.95584,50.298866],[18.955854,50.298857],[18.955863,50.298842],[18.955962,50.298557]]}},{"type":"Feature","properties":{"mode":"bus","n":6,"arr":["48","74","165","190","663","664"],"lines":"48, 74, 165, 190, 663, 664"},"geometry":{"type":"LineString","coordinates":[[18.967749,50.296864],[18.967897,50.296949],[18.968452,50.297496]]}},{"type":"Feature","properties":{"mode":"bus","n":7,"arr":["48","74","165","190","663","664","922"],"lines":"48, 74, 165, 190, 663, 664, 922"},"geometry":{"type":"LineString","coordinates":[[18.968452,50.297496],[18.968669,50.297715]]}},{"type":"Feature","properties":{"mode":"bus","n":6,"arr":["48","74","139","165","664","998"],"lines":"48, 74, 139, 165, 664, 998"},"geometry":{"type":"LineString","coordinates":[[18.955962,50.298557],[18.956083,50.298428],[18.956189,50.298359]]}},{"type":"Feature","properties":{"mode":"bus","n":7,"arr":["48","74","139","165","632","998","M3"],"lines":"48, 74, 139, 165, 632, 998, M3"},"geometry":{"type":"LineString","coordinates":[[18.955914,50.297996],[18.95616,50.298144]]}},{"type":"Feature","properties":{"mode":"bus","n":6,"arr":["48","74","139","632","998","M3"],"lines":"48, 74, 139, 632, 998, M3"},"geometry":{"type":"LineString","coordinates":[[18.957499,50.298489],[18.957924,50.297408],[18.958059,50.296362],[18.958056,50.296341],[18.958039,50.296326],[18.95801,50.296317],[18.95726,50.296191],[18.956343,50.295902],[18.956103,50.295864]]}},{"type":"Feature","properties":{"mode":"bus","n":8,"arr":["49","604","624","629","638","644","656","M109"],"lines":"49, 604, 624, 629, 638, 644, 656, M109"},"geometry":{"type":"LineString","coordinates":[[19.162743,50.31686],[19.163198,50.316441]]}},{"type":"Feature","properties":{"mode":"bus","n":9,"arr":["49","604","612","624","629","638","644","656","M109"],"lines":"49, 604, 612, 624, 629, 638, 644, 656, M109"},"geometry":{"type":"LineString","coordinates":[[19.168179,50.319491],[19.167657,50.319094],[19.167119,50.318786],[19.162743,50.31686]]}},{"type":"Feature","properties":{"mode":"bus","n":10,"arr":["49","116","604","612","624","629","638","644","656","M109"],"lines":"49, 116, 604, 612, 624, 629, 638, 644, 656, M109"},"geometry":{"type":"LineString","coordinates":[[19.16865,50.320148],[19.168496,50.319876],[19.168179,50.319491]]}},{"type":"Feature","properties":{"mode":"bus","n":10,"arr":["49","116","604","612","624","629","638","644","656","M109"],"lines":"49, 116, 604, 612, 624, 629, 638, 644, 656, M109"},"geometry":{"type":"LineString","coordinates":[[19.168614,50.320551],[19.1685,50.320508],[19.168445,50.32046],[19.168131,50.319958],[19.167851,50.31965]]}},{"type":"Feature","properties":{"mode":"bus","n":7,"arr":["49","612","624","629","638","656","M109"],"lines":"49, 612, 624, 629, 638, 656, M109"},"geometry":{"type":"LineString","coordinates":[[19.167851,50.31965],[19.167376,50.319273],[19.166937,50.319017],[19.162506,50.317057]]}},{"type":"Feature","properties":{"mode":"bus","n":7,"arr":["49","612","624","629","638","656","M109"],"lines":"49, 612, 624, 629, 638, 656, M109"},"geometry":{"type":"LineString","coordinates":[[19.162743,50.31686],[19.161828,50.316464]]}},{"type":"Feature","properties":{"mode":"bus","n":6,"arr":["49","624","629","638","656","M109"],"lines":"49, 624, 629, 638, 656, M109"},"geometry":{"type":"LineString","coordinates":[[19.162506,50.317057],[19.162709,50.316889],[19.162732,50.316858],[19.162735,50.316824],[19.162702,50.316679],[19.163331,50.316086],[19.163356,50.31607],[19.163389,50.316064],[19.163457,50.31606],[19.163527,50.316089],[19.163542,50.316098],[19.163549,50.316107],[19.163548,50.316117],[19.163539,50.316129],[19.163368,50.316285]]}},{"type":"Feature","properties":{"mode":"bus","n":5,"arr":["51","70","177","900","130N"],"lines":"51, 70, 177, 900, 130N"},"geometry":{"type":"LineString","coordinates":[[18.985543,50.252058],[18.985402,50.251881],[18.985234,50.251778],[18.985032,50.251722],[18.984846,50.251707],[18.984589,50.251727],[18.983582,50.251907],[18.983056,50.252039],[18.982491,50.252146],[18.982219,50.252165],[18.982084,50.252198],[18.982062,50.252206],[18.98205,50.252216],[18.982047,50.252229],[18.982053,50.252244],[18.983726,50.254706],[18.983984,50.255321],[18.984671,50.257381]]}},{"type":"Feature","properties":{"mode":"bus","n":10,"arr":["51","115","120","130","138","177","193","632","900","130N"],"lines":"51, 115, 120, 130, 138, 177, 193, 632, 900, 130N"},"geometry":{"type":"LineString","coordinates":[[18.995492,50.250785],[18.986583,50.25237]]}},{"type":"Feature","properties":{"mode":"bus","n":10,"arr":["51","115","120","130","138","177","193","632","900","130N"],"lines":"51, 115, 120, 130, 138, 177, 193, 632, 900, 130N"},"geometry":{"type":"LineString","coordinates":[[18.997891,50.250808],[18.990622,50.252099]]}},{"type":"Feature","properties":{"mode":"bus","n":9,"arr":["51","115","120","130","177","193","632","900","130N"],"lines":"51, 115, 120, 130, 177, 193, 632, 900, 130N"},"geometry":{"type":"LineString","coordinates":[[18.998964,50.249905],[18.99864,50.250038],[18.997562,50.250365],[18.9962,50.250675],[18.995492,50.250785]]}},{"type":"Feature","properties":{"mode":"bus","n":9,"arr":["51","115","120","130","177","193","632","900","130N"],"lines":"51, 115, 120, 130, 177, 193, 632, 900, 130N"},"geometry":{"type":"LineString","coordinates":[[19.000235,50.249294],[19.000726,50.249139],[19.00103,50.249092],[19.001362,50.249089],[19.001688,50.249143],[19.002008,50.249275],[19.002254,50.249442],[19.002471,50.249697],[19.002532,50.24984]]}},{"type":"Feature","properties":{"mode":"bus","n":9,"arr":["51","115","120","130","177","193","632","900","130N"],"lines":"51, 115, 120, 130, 177, 193, 632, 900, 130N"},"geometry":{"type":"LineString","coordinates":[[19.002154,50.250769],[19.001138,50.250688],[19.000105,50.250652],[18.99911,50.250684],[18.997891,50.250808]]}},{"type":"Feature","properties":{"mode":"bus","n":10,"arr":["51","115","120","130","177","193","632","900","M10","130N"],"lines":"51, 115, 120, 130, 177, 193, 632, 900, M10, 130N"},"geometry":{"type":"LineString","coordinates":[[19.000235,50.249294],[18.998964,50.249905]]}},{"type":"Feature","properties":{"mode":"bus","n":10,"arr":["51","115","120","130","177","193","632","900","M10","130N"],"lines":"51, 115, 120, 130, 177, 193, 632, 900, M10, 130N"},"geometry":{"type":"LineString","coordinates":[[19.002532,50.24984],[19.002577,50.25025],[19.002672,50.250494],[19.002858,50.250691],[19.003324,50.250962]]}},{"type":"Feature","properties":{"mode":"bus","n":13,"arr":["51","110","154","600","672","674","900","910","M13","M22","Z210","1N","672N"],"lines":"51, 110, 154, 600, 672, 674, 900, 910, M13, M22, Z210, 1N, 672N"},"geometry":{"type":"LineString","coordinates":[[19.019105,50.254503],[19.019261,50.25447],[19.02421,50.254059]]}},{"type":"Feature","properties":{"mode":"bus","n":11,"arr":["51","110","600","672","674","900","910","M13","M22","Z210","672N"],"lines":"51, 110, 600, 672, 674, 900, 910, M13, M22, Z210, 672N"},"geometry":{"type":"LineString","coordinates":[[19.02421,50.254059],[19.024011,50.25307],[19.024064,50.252855],[19.02388,50.251938],[19.023881,50.251922],[19.023889,50.25191],[19.023905,50.251902],[19.023929,50.251897],[19.0266,50.251679],[19.026625,50.251679],[19.026644,50.251684],[19.026656,50.251694],[19.026662,50.25171],[19.026674,50.251778]]}},{"type":"Feature","properties":{"mode":"bus","n":7,"arr":["51","110","672","674","910","Z210","672N"],"lines":"51, 110, 672, 674, 910, Z210, 672N"},"geometry":{"type":"LineString","coordinates":[[19.033125,50.251165],[19.032914,50.250429],[19.032754,50.250217],[19.032382,50.249897],[19.03231,50.249806],[19.032299,50.249724],[19.032339,50.249634],[19.032513,50.249527]]}},{"type":"Feature","properties":{"mode":"bus","n":6,"arr":["51","110","600","900","M13","M22"],"lines":"51, 110, 600, 900, M13, M22"},"geometry":{"type":"LineString","coordinates":[[19.024976,50.24495],[19.025387,50.245715],[19.025645,50.246598],[19.025782,50.24696],[19.025943,50.247863],[19.025942,50.247874],[19.025936,50.247882],[19.025925,50.247886],[19.025908,50.247888],[19.025874,50.247888],[19.025857,50.24789],[19.025846,50.247894],[19.025841,50.247902],[19.025841,50.247913],[19.026016,50.248598],[19.026134,50.249297],[19.026308,50.249946],[19.026656,50.251674]]}},{"type":"Feature","properties":{"mode":"bus","n":12,"arr":["51","110","154","600","672","674","900","M13","M22","Z210","1N","672N"],"lines":"51, 110, 154, 600, 672, 674, 900, M13, M22, Z210, 1N, 672N"},"geometry":{"type":"LineString","coordinates":[[19.02421,50.254059],[19.027105,50.253841]]}},{"type":"Feature","properties":{"mode":"bus","n":9,"arr":["51","115","120","130","138","177","193","632","130N"],"lines":"51, 115, 120, 130, 138, 177, 193, 632, 130N"},"geometry":{"type":"LineString","coordinates":[[18.990622,50.252099],[18.985026,50.253075]]}},{"type":"Feature","properties":{"mode":"bus","n":10,"arr":["51","70","115","120","130","138","177","193","632","130N"],"lines":"51, 70, 115, 120, 130, 138, 177, 193, 632, 130N"},"geometry":{"type":"LineString","coordinates":[[18.985026,50.253075],[18.977924,50.254321]]}},{"type":"Feature","properties":{"mode":"bus","n":6,"arr":["52","114","700","708","M3","M16"],"lines":"52, 114, 700, 708, M3, M16"},"geometry":{"type":"LineString","coordinates":[[18.912908,50.343941],[18.912946,50.3439],[18.913226,50.343776]]}},{"type":"Feature","properties":{"mode":"bus","n":5,"arr":["52","700","721","722","M103"],"lines":"52, 700, 721, 722, M103"},"geometry":{"type":"LineString","coordinates":[[19.015918,50.396468],[19.015607,50.396173]]}},{"type":"Feature","properties":{"mode":"bus","n":8,"arr":["52","85","700","721","722","M11","M103","M116"],"lines":"52, 85, 700, 721, 722, M11, M103, M116"},"geometry":{"type":"LineString","coordinates":[[19.015918,50.396468],[19.016379,50.396282]]}},{"type":"Feature","properties":{"mode":"bus","n":8,"arr":["52","85","91","114","185","227","700","M102"],"lines":"52, 85, 91, 114, 185, 227, 700, M102"},"geometry":{"type":"LineString","coordinates":[[18.922193,50.349387],[18.922458,50.349267],[18.922735,50.349185]]}},{"type":"Feature","properties":{"mode":"bus","n":10,"arr":["55","100","106","299","622","723","808","M4","902N","903N"],"lines":"55, 100, 106, 299, 622, 723, 808, M4, 902N, 903N"},"geometry":{"type":"LineString","coordinates":[[19.168409,50.293992],[19.167538,50.294405],[19.167508,50.294415],[19.167476,50.294416],[19.167443,50.294409],[19.167322,50.294368]]}},{"type":"Feature","properties":{"mode":"bus","n":10,"arr":["55","100","106","299","622","723","808","M4","902N","903N"],"lines":"55, 100, 106, 299, 622, 723, 808, M4, 902N, 903N"},"geometry":{"type":"LineString","coordinates":[[19.173957,50.291215],[19.173595,50.291277],[19.172863,50.291466],[19.172083,50.291754],[19.171613,50.291989],[19.170096,50.293006]]}},{"type":"Feature","properties":{"mode":"bus","n":10,"arr":["55","100","106","299","622","723","808","M4","902N","903N"],"lines":"55, 100, 106, 299, 622, 723, 808, M4, 902N, 903N"},"geometry":{"type":"LineString","coordinates":[[19.180895,50.290259],[19.179331,50.290518],[19.175491,50.291037],[19.174438,50.291149]]}},{"type":"Feature","properties":{"mode":"bus","n":8,"arr":["55","100","106","299","622","808","902N","903N"],"lines":"55, 100, 106, 299, 622, 808, 902N, 903N"},"geometry":{"type":"LineString","coordinates":[[19.168409,50.293992],[19.169361,50.293532],[19.16975,50.29329],[19.170096,50.293006]]}},{"type":"Feature","properties":{"mode":"bus","n":9,"arr":["55","88","100","622","723","808","M4","M17","M19"],"lines":"55, 88, 100, 622, 723, 808, M4, M17, M19"},"geometry":{"type":"LineString","coordinates":[[19.134588,50.281615],[19.134746,50.281419]]}},{"type":"Feature","properties":{"mode":"bus","n":12,"arr":["55","88","100","106","160S","299","622","723","808","M4","M17","M19"],"lines":"55, 88, 100, 106, 160S, 299, 622, 723, 808, M4, M17, M19"},"geometry":{"type":"LineString","coordinates":[[19.134746,50.281419],[19.134794,50.281351]]}},{"type":"Feature","properties":{"mode":"bus","n":5,"arr":["55","106","188","299","M15"],"lines":"55, 106, 188, 299, M15"},"geometry":{"type":"LineString","coordinates":[[19.133764,50.281079],[19.13382,50.281006]]}},{"type":"Feature","properties":{"mode":"bus","n":7,"arr":["57","259","692","699","M100","M106","692N"],"lines":"57, 259, 692, 699, M100, M106, 692N"},"geometry":{"type":"LineString","coordinates":[[18.658348,50.296568],[18.657996,50.296534],[18.657759,50.296614],[18.657624,50.296759],[18.656563,50.297361],[18.654476,50.298407]]}},{"type":"Feature","properties":{"mode":"bus","n":7,"arr":["57","259","692","699","M100","M106","692N"],"lines":"57, 259, 692, 699, M100, M106, 692N"},"geometry":{"type":"LineString","coordinates":[[18.677312,50.298545],[18.677361,50.298596],[18.677394,50.298618],[18.677438,50.298627],[18.677741,50.298647],[18.677872,50.298586],[18.677894,50.298571],[18.6779,50.298553],[18.67789,50.298533],[18.677818,50.298447]]}},{"type":"Feature","properties":{"mode":"bus","n":8,"arr":["57","259","676","692","699","M100","M106","692N"],"lines":"57, 259, 676, 692, 699, M100, M106, 692N"},"geometry":{"type":"LineString","coordinates":[[18.663947,50.29804],[18.662258,50.299072],[18.662231,50.299083],[18.662204,50.299083],[18.662177,50.299072],[18.659495,50.297373],[18.658812,50.296925],[18.658348,50.296568]]}},{"type":"Feature","properties":{"mode":"bus","n":8,"arr":["57","259","676","692","699","M100","M106","692N"],"lines":"57, 259, 676, 692, 699, M100, M106, 692N"},"geometry":{"type":"LineString","coordinates":[[18.673714,50.292608],[18.672928,50.293281],[18.671541,50.294402],[18.671086,50.29466],[18.667595,50.296917],[18.667466,50.296967],[18.667128,50.296986],[18.666949,50.29704],[18.665818,50.297771],[18.665576,50.297792],[18.664842,50.297736]]}},{"type":"Feature","properties":{"mode":"bus","n":8,"arr":["57","259","676","692","699","M100","M106","692N"],"lines":"57, 259, 676, 692, 699, M100, M106, 692N"},"geometry":{"type":"LineString","coordinates":[[18.674119,50.295974],[18.67349,50.295629],[18.673143,50.295506],[18.672008,50.295028],[18.671177,50.294606]]}},{"type":"Feature","properties":{"mode":"bus","n":7,"arr":["259","676","692","699","M100","M106","692N"],"lines":"259, 676, 692, 699, M100, M106, 692N"},"geometry":{"type":"LineString","coordinates":[[18.664842,50.297736],[18.664573,50.29773],[18.664471,50.297758],[18.664289,50.297833],[18.663947,50.29804]]}},{"type":"Feature","properties":{"mode":"bus","n":7,"arr":["57","259","676","692","699","M100","692N"],"lines":"57, 259, 676, 692, 699, M100, 692N"},"geometry":{"type":"LineString","coordinates":[[18.664842,50.297736],[18.664749,50.297698]]}},{"type":"Feature","properties":{"mode":"bus","n":9,"arr":["57","59","80","156","259","617","M14","M104","840N"],"lines":"57, 59, 80, 156, 259, 617, M14, M104, 840N"},"geometry":{"type":"LineString","coordinates":[[18.681899,50.303191],[18.680152,50.301441],[18.680085,50.301325],[18.679824,50.301068],[18.679748,50.300929],[18.679751,50.300873]]}},{"type":"Feature","properties":{"mode":"bus","n":7,"arr":["57","59","80","187","287","M14","M104"],"lines":"57, 59, 80, 187, 287, M14, M104"},"geometry":{"type":"LineString","coordinates":[[18.700872,50.322426],[18.699312,50.3208],[18.689909,50.311358],[18.686619,50.30799]]}},{"type":"Feature","properties":{"mode":"bus","n":6,"arr":["57","59","80","693","M14","M104"],"lines":"57, 59, 80, 693, M14, M104"},"geometry":{"type":"LineString","coordinates":[[18.703683,50.325526],[18.700872,50.322426]]}},{"type":"Feature","properties":{"mode":"bus","n":5,"arr":["57","81","83","111","617N"],"lines":"57, 81, 83, 111, 617N"},"geometry":{"type":"LineString","coordinates":[[18.801047,50.364231],[18.801319,50.36414],[18.801357,50.364118],[18.801372,50.364087],[18.801379,50.364013],[18.801335,50.363959]]}},{"type":"Feature","properties":{"mode":"bus","n":5,"arr":["57","692","924","M106","Z-6"],"lines":"57, 692, 924, M106, Z-6"},"geometry":{"type":"LineString","coordinates":[[18.597063,50.320308],[18.593701,50.317004]]}},{"type":"Feature","properties":{"mode":"bus","n":5,"arr":["59","187","287","676","M104"],"lines":"59, 187, 287, 676, M104"},"geometry":{"type":"LineString","coordinates":[[18.686619,50.30799],[18.686963,50.307866],[18.688188,50.307521],[18.689811,50.307194]]}},{"type":"Feature","properties":{"mode":"bus","n":6,"arr":["59","187","287","676","759","M104"],"lines":"59, 187, 287, 676, 759, M104"},"geometry":{"type":"LineString","coordinates":[[18.692777,50.304585],[18.692809,50.304669],[18.692759,50.304793],[18.69181,50.305909],[18.691174,50.306569],[18.69094,50.306719],[18.689811,50.307194]]}},{"type":"Feature","properties":{"mode":"bus","n":5,"arr":["59","287","676","759","M104"],"lines":"59, 287, 676, 759, M104"},"geometry":{"type":"LineString","coordinates":[[18.692427,50.304414],[18.692777,50.304585]]}},{"type":"Feature","properties":{"mode":"bus","n":5,"arr":["59","187","287","759","M104"],"lines":"59, 187, 287, 759, M104"},"geometry":{"type":"LineString","coordinates":[[18.69339,50.297225],[18.693382,50.297937],[18.693203,50.301252],[18.69312,50.301845]]}},{"type":"Feature","properties":{"mode":"bus","n":5,"arr":["59","224","692","702","M104"],"lines":"59, 224, 692, 702, M104"},"geometry":{"type":"LineString","coordinates":[[18.677173,50.298403],[18.677325,50.298355]]}},{"type":"Feature","properties":{"mode":"bus","n":9,"arr":["59","126","156","194","678","687","694","M104","M105"],"lines":"59, 126, 156, 194, 678, 687, 694, M104, M105"},"geometry":{"type":"LineString","coordinates":[[18.668533,50.292667],[18.668419,50.292608],[18.667845,50.292417],[18.667382,50.292186],[18.667144,50.291965],[18.666238,50.290883],[18.666109,50.290695],[18.665825,50.290079],[18.665687,50.289666],[18.665604,50.289234],[18.665084,50.287912],[18.664775,50.287235]]}},{"type":"Feature","properties":{"mode":"bus","n":9,"arr":["59","126","156","194","678","687","694","M104","M105"],"lines":"59, 126, 156, 194, 678, 687, 694, M104, M105"},"geometry":{"type":"LineString","coordinates":[[18.667859,50.289772],[18.66742,50.289558],[18.666922,50.289412],[18.665604,50.289234]]}},{"type":"Feature","properties":{"mode":"bus","n":12,"arr":["59","126","156","186","194","676","678","687","694","M104","M105","A4N"],"lines":"59, 126, 156, 186, 194, 676, 678, 687, 694, M104, M105, A4N"},"geometry":{"type":"LineString","coordinates":[[18.664775,50.287235],[18.663955,50.285734],[18.663607,50.284954],[18.662804,50.28294]]}},{"type":"Feature","properties":{"mode":"bus","n":6,"arr":["59","194","676","694","M104","M105"],"lines":"59, 194, 676, 694, M104, M105"},"geometry":{"type":"LineString","coordinates":[[18.662804,50.28294],[18.662176,50.281417],[18.662,50.280879],[18.661797,50.279993],[18.66157,50.27781],[18.661499,50.276651]]}},{"type":"Feature","properties":{"mode":"bus","n":7,"arr":["64","80","134","191","614","615","M107"],"lines":"64, 80, 134, 191, 614, 615, M107"},"geometry":{"type":"LineString","coordinates":[[18.835705,50.442376],[18.848317,50.442346]]}},{"type":"Feature","properties":{"mode":"bus","n":5,"arr":["64","80","134","191","M107"],"lines":"64, 80, 134, 191, M107"},"geometry":{"type":"LineString","coordinates":[[18.803947,50.43853],[18.807032,50.439072]]}},{"type":"Feature","properties":{"mode":"bus","n":5,"arr":["64","80","134","191","M107"],"lines":"64, 80, 134, 191, M107"},"geometry":{"type":"LineString","coordinates":[[18.851051,50.442279],[18.850983,50.442307],[18.850712,50.442338],[18.848317,50.442346]]}},{"type":"Feature","properties":{"mode":"bus","n":6,"arr":["64","80","134","191","M14","M107"],"lines":"64, 80, 134, 191, M14, M107"},"geometry":{"type":"LineString","coordinates":[[18.85124,50.442049],[18.851213,50.442126]]}},{"type":"Feature","properties":{"mode":"bus","n":5,"arr":["67","104","721","722","967"],"lines":"67, 104, 721, 722, 967"},"geometry":{"type":"LineString","coordinates":[[19.055391,50.360135],[19.05711,50.362953]]}},{"type":"Feature","properties":{"mode":"bus","n":5,"arr":["67","104","107","200","M103"],"lines":"67, 104, 107, 200, M103"},"geometry":{"type":"LineString","coordinates":[[19.080725,50.387385],[19.081532,50.386857]]}},{"type":"Feature","properties":{"mode":"bus","n":5,"arr":["67","107","200","967","M103"],"lines":"67, 107, 200, 967, M103"},"geometry":{"type":"LineString","coordinates":[[19.080725,50.387385],[19.074037,50.391696],[19.073589,50.391943],[19.073245,50.392088],[19.072924,50.392194],[19.072551,50.392279],[19.071978,50.392349],[19.071057,50.392352],[19.068929,50.392279],[19.068303,50.392292],[19.067768,50.39234],[19.066981,50.392482],[19.065734,50.392811],[19.065245,50.392964],[19.064758,50.393179],[19.064471,50.393366],[19.064189,50.393629],[19.064008,50.393898],[19.063875,50.394271],[19.063692,50.395631],[19.063715,50.397061]]}},{"type":"Feature","properties":{"mode":"bus","n":5,"arr":["67","97","107","200","967"],"lines":"67, 97, 107, 200, 967"},"geometry":{"type":"LineString","coordinates":[[19.083082,50.40156],[19.083084,50.401624],[19.08302,50.401745],[19.082734,50.401962],[19.082723,50.401974],[19.08272,50.401986],[19.082724,50.402],[19.082746,50.402038]]}},{"type":"Feature","properties":{"mode":"bus","n":5,"arr":["69","157","294","594","M12"],"lines":"69, 157, 294, 594, M12"},"geometry":{"type":"LineString","coordinates":[[18.891185,50.133229],[18.891513,50.133123],[18.893179,50.132751],[18.893549,50.132719],[18.894629,50.132713],[18.895036,50.132686],[18.898816,50.132177],[18.899339,50.132142],[18.899989,50.132137],[18.901293,50.13214],[18.901592,50.132159],[18.902061,50.132268],[18.902289,50.132411],[18.902554,50.132757],[18.90264,50.133013],[18.902692,50.133583],[18.902935,50.134237],[18.902874,50.13454],[18.902864,50.134561],[18.902843,50.134574],[18.902811,50.13458],[18.902192,50.134621],[18.901905,50.134667],[18.899446,50.13521],[18.897663,50.135741],[18.897411,50.135787],[18.897023,50.135799],[18.895351,50.135617],[18.895082,50.13561],[18.894813,50.135627],[18.894491,50.13568],[18.894074,50.135693]]}},{"type":"Feature","properties":{"mode":"bus","n":7,"arr":["70","115","138","165","177","193","130N"],"lines":"70, 115, 138, 165, 177, 193, 130N"},"geometry":{"type":"LineString","coordinates":[[18.970492,50.259026],[18.970092,50.259127],[18.96991,50.259251],[18.969821,50.259384],[18.969745,50.259591],[18.969651,50.260113]]}},{"type":"Feature","properties":{"mode":"bus","n":7,"arr":["70","115","138","165","177","193","130N"],"lines":"70, 115, 138, 165, 177, 193, 130N"},"geometry":{"type":"LineString","coordinates":[[18.969835,50.260126],[18.969791,50.259971],[18.969871,50.25959],[18.969942,50.259411],[18.970092,50.259234],[18.970492,50.259026],[18.971756,50.258651],[18.972155,50.258468],[18.97232,50.258347],[18.972431,50.258225],[18.9726,50.257766],[18.972615,50.257587],[18.972574,50.257291],[18.972404,50.25698],[18.972145,50.256737],[18.971406,50.256169],[18.971068,50.25595],[18.970939,50.255903]]}},{"type":"Feature","properties":{"mode":"bus","n":10,"arr":["70","115","120","130","138","165","177","193","632","130N"],"lines":"70, 115, 120, 130, 138, 165, 177, 193, 632, 130N"},"geometry":{"type":"LineString","coordinates":[[18.970939,50.255903],[18.970734,50.255865],[18.970532,50.255866],[18.968615,50.256141],[18.967274,50.256284],[18.966322,50.256353],[18.965074,50.256411],[18.964346,50.256462],[18.964147,50.256495],[18.963803,50.256487]]}},{"type":"Feature","properties":{"mode":"bus","n":7,"arr":["70","115","120","130","138","193","632"],"lines":"70, 115, 120, 130, 138, 193, 632"},"geometry":{"type":"LineString","coordinates":[[18.967761,50.25557],[18.969188,50.255391],[18.970392,50.255203],[18.985006,50.252646]]}},{"type":"Feature","properties":{"mode":"bus","n":7,"arr":["70","115","120","130","138","193","632"],"lines":"70, 115, 120, 130, 138, 193, 632"},"geometry":{"type":"LineString","coordinates":[[18.977924,50.254321],[18.97173,50.255406],[18.971415,50.25557],[18.971271,50.255755]]}},{"type":"Feature","properties":{"mode":"bus","n":7,"arr":["70","74","600","M101","Z-25","Z-45","76N"],"lines":"70, 74, 600, M101, Z-25, Z-45, 76N"},"geometry":{"type":"LineString","coordinates":[[19.068158,50.258293],[19.06896,50.258183],[19.069412,50.258183],[19.069763,50.258227],[19.070098,50.258304],[19.070573,50.2585],[19.07074,50.258597],[19.071007,50.258816],[19.071131,50.258953],[19.071273,50.259198],[19.07138,50.259524],[19.071395,50.25985],[19.07139,50.259871],[19.071372,50.259886],[19.071342,50.259894],[19.071208,50.259914]]}},{"type":"Feature","properties":{"mode":"bus","n":12,"arr":["70","72","74","109","600","695","920","M101","Z-2","Z-25","Z-45","76N"],"lines":"70, 72, 74, 109, 600, 695, 920, M101, Z-2, Z-25, Z-45, 76N"},"geometry":{"type":"LineString","coordinates":[[19.071208,50.259914],[19.071248,50.260138]]}},{"type":"Feature","properties":{"mode":"bus","n":9,"arr":["70","72","74","109","695","920","Z-2","Z-25","Z-45"],"lines":"70, 72, 74, 109, 695, 920, Z-2, Z-25, Z-45"},"geometry":{"type":"LineString","coordinates":[[19.071784,50.262166],[19.071592,50.261585],[19.071297,50.260279]]}},{"type":"Feature","properties":{"mode":"bus","n":5,"arr":["70","74","695","Z-25","Z-45"],"lines":"70, 74, 695, Z-25, Z-45"},"geometry":{"type":"LineString","coordinates":[[19.086904,50.266016],[19.086714,50.266605],[19.086629,50.266759],[19.086426,50.266996],[19.086114,50.267185],[19.085578,50.267329],[19.084646,50.26748],[19.083827,50.267641],[19.083484,50.267737],[19.082267,50.26818],[19.082006,50.268236],[19.081245,50.268337]]}},{"type":"Feature","properties":{"mode":"bus","n":6,"arr":["74","695","920","Z-2","Z-25","Z-45"],"lines":"74, 695, 920, Z-2, Z-25, Z-45"},"geometry":{"type":"LineString","coordinates":[[19.094601,50.262802],[19.094364,50.262813],[19.093383,50.262959],[19.091444,50.263267],[19.090537,50.263432],[19.087635,50.263888],[19.087309,50.26391],[19.086513,50.264052],[19.086386,50.26412],[19.086347,50.264219],[19.086502,50.264396]]}},{"type":"Feature","properties":{"mode":"bus","n":8,"arr":["72","109","292","695","900","920","930","Z-2"],"lines":"72, 109, 292, 695, 900, 920, 930, Z-2"},"geometry":{"type":"LineString","coordinates":[[19.079248,50.243572],[19.080631,50.243395],[19.081084,50.243327],[19.081154,50.2433],[19.081178,50.243293],[19.081203,50.243294],[19.081227,50.243301],[19.082166,50.243714],[19.082471,50.243792],[19.08321,50.244149],[19.083396,50.244205],[19.08364,50.244209],[19.083666,50.244207],[19.083687,50.244198],[19.083703,50.244184],[19.083737,50.244136],[19.084188,50.243738],[19.084305,50.243638],[19.08436,50.243629],[19.084693,50.243665],[19.084841,50.243704],[19.085684,50.244192]]}},{"type":"Feature","properties":{"mode":"bus","n":6,"arr":["72","74","109","695","Z-25","Z-45"],"lines":"72, 74, 109, 695, Z-25, Z-45"},"geometry":{"type":"LineString","coordinates":[[19.081245,50.268337],[19.08074,50.268394],[19.080134,50.268381],[19.07856,50.268247],[19.078166,50.268154],[19.077817,50.267986],[19.077179,50.267545],[19.076891,50.267378],[19.07429,50.26619],[19.073573,50.265815],[19.073243,50.265588],[19.072835,50.265226],[19.072476,50.264781],[19.072257,50.264364],[19.071858,50.262738],[19.071784,50.262166]]}},{"type":"Feature","properties":{"mode":"bus","n":5,"arr":["72","109","695","920","Z-2"],"lines":"72, 109, 695, 920, Z-2"},"geometry":{"type":"LineString","coordinates":[[19.069501,50.259033],[19.06891,50.259],[19.068803,50.258979],[19.068613,50.258876],[19.068563,50.258804],[19.068571,50.258648],[19.068764,50.258504],[19.069143,50.258441],[19.069687,50.258477],[19.070097,50.258574],[19.070461,50.258727],[19.070614,50.258817],[19.070825,50.258994],[19.071013,50.259224],[19.071093,50.25938],[19.071208,50.259914]]}},{"type":"Feature","properties":{"mode":"bus","n":5,"arr":["74","920","Z-2","Z-25","Z-45"],"lines":"74, 920, Z-2, Z-25, Z-45"},"geometry":{"type":"LineString","coordinates":[[19.086735,50.264016],[19.086577,50.264118],[19.086502,50.264205],[19.086502,50.264396]]}},{"type":"Feature","properties":{"mode":"bus","n":5,"arr":["75","137","268","696","M18"],"lines":"75, 137, 268, 696, M18"},"geometry":{"type":"LineString","coordinates":[[18.965259,50.136],[18.965545,50.136416]]}},{"type":"Feature","properties":{"mode":"bus","n":5,"arr":["76","106","788","972","76N"],"lines":"76, 106, 788, 972, 76N"},"geometry":{"type":"LineString","coordinates":[[19.158313,50.204225],[19.156722,50.204372],[19.155074,50.204488],[19.154366,50.204464],[19.153248,50.204363],[19.150857,50.203943],[19.150498,50.203841],[19.150176,50.203713],[19.148883,50.20306],[19.148422,50.202857],[19.147732,50.202668]]}},{"type":"Feature","properties":{"mode":"bus","n":6,"arr":["76","160","219","788","972","76N"],"lines":"76, 160, 219, 788, 972, 76N"},"geometry":{"type":"LineString","coordinates":[[19.112818,50.19658],[19.113035,50.19667],[19.113277,50.196689],[19.116252,50.196734],[19.116995,50.196826],[19.118949,50.1972],[19.119417,50.197264],[19.12523,50.197437],[19.1257,50.197418]]}},{"type":"Feature","properties":{"mode":"bus","n":6,"arr":["76","160","219","672","788","76N"],"lines":"76, 160, 219, 672, 788, 76N"},"geometry":{"type":"LineString","coordinates":[[19.102753,50.189166],[19.102715,50.1892]]}},{"type":"Feature","properties":{"mode":"bus","n":5,"arr":["76","160","672","M101","76N"],"lines":"76, 160, 672, M101, 76N"},"geometry":{"type":"LineString","coordinates":[[19.094477,50.181882],[19.096288,50.181892]]}},{"type":"Feature","properties":{"mode":"bus","n":5,"arr":["76","160","672","M101","76N"],"lines":"76, 160, 672, M101, 76N"},"geometry":{"type":"LineString","coordinates":[[19.096022,50.181661],[19.09612,50.181726]]}},{"type":"Feature","properties":{"mode":"bus","n":5,"arr":["76","160","672","788","76N"],"lines":"76, 160, 672, 788, 76N"},"geometry":{"type":"LineString","coordinates":[[19.09612,50.181726],[19.094703,50.181721]]}},{"type":"Feature","properties":{"mode":"bus","n":10,"arr":["79","97","107","124","200","243","269","625","M19","M23"],"lines":"79, 97, 107, 124, 200, 243, 269, 625, M19, M23"},"geometry":{"type":"LineString","coordinates":[[19.139101,50.353648],[19.1358,50.347533]]}},{"type":"Feature","properties":{"mode":"bus","n":7,"arr":["79","97","124","269","625","M19","M23"],"lines":"79, 97, 124, 269, 625, M19, M23"},"geometry":{"type":"LineString","coordinates":[[19.150657,50.373686],[19.149519,50.372232],[19.146927,50.369176],[19.146728,50.36892],[19.146504,50.368547],[19.146323,50.36814],[19.146215,50.367773],[19.14607,50.366653],[19.145967,50.366361],[19.14389,50.362448],[19.142988,50.361383],[19.141453,50.358582],[19.140258,50.356329],[19.139359,50.354188],[19.139101,50.353648]]}},{"type":"Feature","properties":{"mode":"bus","n":5,"arr":["79","242","243","641","M103"],"lines":"79, 242, 243, 641, M103"},"geometry":{"type":"LineString","coordinates":[[19.178301,50.370682],[19.178756,50.370641],[19.178967,50.370576],[19.180385,50.37],[19.180492,50.369947],[19.180614,50.369828],[19.180637,50.369728],[19.180596,50.369634],[19.18011,50.368732],[19.180027,50.368519],[19.180033,50.368347],[19.180138,50.368129]]}},{"type":"Feature","properties":{"mode":"bus","n":5,"arr":["79","242","243","641","M103"],"lines":"79, 242, 243, 641, M103"},"geometry":{"type":"LineString","coordinates":[[19.180051,50.368603],[19.18013,50.368583],[19.180165,50.368568],[19.180184,50.368543],[19.180223,50.368442],[19.180204,50.368376],[19.180142,50.36832],[19.18005,50.368299]]}},{"type":"Feature","properties":{"mode":"bus","n":5,"arr":["80","134","191","M14","M107"],"lines":"80, 134, 191, M14, M107"},"geometry":{"type":"LineString","coordinates":[[18.851175,50.442344],[18.851232,50.442339]]}},{"type":"Feature","properties":{"mode":"bus","n":10,"arr":["80","617","702","759","840","M14","M100","M106","692N","840N"],"lines":"80, 617, 702, 759, 840, M14, M100, M106, 692N, 840N"},"geometry":{"type":"LineString","coordinates":[[18.67762,50.302457],[18.677327,50.302302]]}},{"type":"Feature","properties":{"mode":"bus","n":9,"arr":["80","617","702","759","840","M14","M100","M106","840N"],"lines":"80, 617, 702, 759, 840, M14, M100, M106, 840N"},"geometry":{"type":"LineString","coordinates":[[18.677327,50.302302],[18.677077,50.30217]]}},{"type":"Feature","properties":{"mode":"bus","n":8,"arr":["80","617","702","759","840","M14","M100","M106"],"lines":"80, 617, 702, 759, 840, M14, M100, M106"},"geometry":{"type":"LineString","coordinates":[[18.677077,50.30217],[18.676814,50.30203]]}},{"type":"Feature","properties":{"mode":"bus","n":9,"arr":["85","91","92","118","146","185","M3","M21","623N"],"lines":"85, 91, 92, 118, 146, 185, M3, M21, 623N"},"geometry":{"type":"LineString","coordinates":[[18.913947,50.343709],[18.913877,50.343667]]}},{"type":"Feature","properties":{"mode":"bus","n":5,"arr":["85","721","722","M103","M116"],"lines":"85, 721, 722, M103, M116"},"geometry":{"type":"LineString","coordinates":[[19.015607,50.396173],[19.016654,50.395769]]}},{"type":"Feature","properties":{"mode":"bus","n":6,"arr":["85","AP","M11","M14","M19","M116"],"lines":"85, AP, M11, M14, M19, M116"},"geometry":{"type":"LineString","coordinates":[[19.073033,50.468912],[19.072778,50.469003],[19.072437,50.469205],[19.072356,50.469221]]}},{"type":"Feature","properties":{"mode":"bus","n":6,"arr":["85","AP","M11","M14","M19","M116"],"lines":"85, AP, M11, M14, M19, M116"},"geometry":{"type":"LineString","coordinates":[[19.07307,50.470682],[19.073844,50.47068],[19.073863,50.470679],[19.073875,50.470675],[19.073881,50.470669],[19.073879,50.47066],[19.073871,50.470649],[19.073298,50.470031],[19.073194,50.469854],[19.073138,50.469623],[19.073151,50.469441],[19.073327,50.469186]]}},{"type":"Feature","properties":{"mode":"bus","n":6,"arr":["85","AP","M11","M14","M19","M116"],"lines":"85, AP, M11, M14, M19, M116"},"geometry":{"type":"LineString","coordinates":[[19.070291,50.470534],[19.069559,50.470535],[19.069528,50.470531],[19.069509,50.470519],[19.069501,50.470499],[19.069488,50.470179],[19.069262,50.469564],[19.069304,50.469487],[19.069398,50.469448],[19.071543,50.469251],[19.071693,50.469274],[19.072012,50.469417],[19.072111,50.469429],[19.072202,50.469408],[19.072299,50.469309]]}},{"type":"Feature","properties":{"mode":"bus","n":8,"arr":["88","91","100","160","160S","188","690","M15"],"lines":"88, 91, 100, 160, 160S, 188, 690, M15"},"geometry":{"type":"LineString","coordinates":[[19.130254,50.27401],[19.130899,50.273877],[19.130912,50.273876],[19.130922,50.273879],[19.130931,50.273886],[19.13094,50.273896],[19.130949,50.273903],[19.13096,50.273907],[19.130973,50.273908],[19.131144,50.273904],[19.131494,50.273825],[19.131644,50.273699],[19.132263,50.27353],[19.132814,50.273414],[19.133386,50.273342],[19.133859,50.273319],[19.134119,50.273348],[19.134345,50.273404]]}},{"type":"Feature","properties":{"mode":"bus","n":11,"arr":["88","91","100","106","150","160","160S","188","690","835","M15"],"lines":"88, 91, 100, 106, 150, 160, 160S, 188, 690, 835, M15"},"geometry":{"type":"LineString","coordinates":[[19.126505,50.274764],[19.128822,50.274279],[19.130254,50.27401]]}},{"type":"Feature","properties":{"mode":"bus","n":9,"arr":["90","100","106","188","299","723","902N","903N","904N"],"lines":"90, 100, 106, 188, 299, 723, 902N, 903N, 904N"},"geometry":{"type":"LineString","coordinates":[[19.206098,50.290011],[19.206167,50.29027],[19.206179,50.290289],[19.206201,50.290301],[19.206233,50.290305],[19.206359,50.290303],[19.206391,50.290307],[19.206413,50.290319],[19.206424,50.290338],[19.206586,50.290955]]}},{"type":"Feature","properties":{"mode":"bus","n":8,"arr":["90","100","106","188","299","723","902N","904N"],"lines":"90, 100, 106, 188, 299, 723, 902N, 904N"},"geometry":{"type":"LineString","coordinates":[[19.206586,50.290955],[19.207141,50.290893]]}},{"type":"Feature","properties":{"mode":"bus","n":8,"arr":["90","100","106","188","299","723","902N","904N"],"lines":"90, 100, 106, 188, 299, 723, 902N, 904N"},"geometry":{"type":"LineString","coordinates":[[19.206415,50.290303],[19.206572,50.290276]]}},{"type":"Feature","properties":{"mode":"bus","n":8,"arr":["90","100","106","188","299","723","902N","904N"],"lines":"90, 100, 106, 188, 299, 723, 902N, 904N"},"geometry":{"type":"LineString","coordinates":[[19.206494,50.290296],[19.206476,50.290176],[19.206511,50.289996],[19.206607,50.289896],[19.206701,50.289875]]}},{"type":"Feature","properties":{"mode":"bus","n":8,"arr":["90","100","106","188","299","723","902N","904N"],"lines":"90, 100, 106, 188, 299, 723, 902N, 904N"},"geometry":{"type":"LineString","coordinates":[[19.198385,50.292253],[19.198112,50.292455]]}},{"type":"Feature","properties":{"mode":"bus","n":5,"arr":["90","188","299","622","903N"],"lines":"90, 188, 299, 622, 903N"},"geometry":{"type":"LineString","coordinates":[[19.204325,50.290447],[19.204799,50.29129],[19.204813,50.291457],[19.20472,50.291593],[19.203992,50.292137]]}},{"type":"Feature","properties":{"mode":"bus","n":11,"arr":["90","100","106","188","220","299","723","M4","902N","903N","904N"],"lines":"90, 100, 106, 188, 220, 299, 723, M4, 902N, 903N, 904N"},"geometry":{"type":"LineString","coordinates":[[19.204124,50.290381],[19.200088,50.291558],[19.199201,50.291871],[19.198385,50.292253]]}},{"type":"Feature","properties":{"mode":"bus","n":7,"arr":["90","100","106","299","690","902N","903N"],"lines":"90, 100, 106, 299, 690, 902N, 903N"},"geometry":{"type":"LineString","coordinates":[[19.197776,50.292543],[19.197358,50.292743],[19.196682,50.293008],[19.192621,50.294285],[19.184226,50.296354]]}},{"type":"Feature","properties":{"mode":"bus","n":5,"arr":["90","807","814","902N","904N"],"lines":"90, 807, 814, 902N, 904N"},"geometry":{"type":"LineString","coordinates":[[19.157829,50.321958],[19.155866,50.322246]]}},{"type":"Feature","properties":{"mode":"bus","n":8,"arr":["90","100","106","188","299","690","902N","903N"],"lines":"90, 100, 106, 188, 299, 690, 902N, 903N"},"geometry":{"type":"LineString","coordinates":[[19.184226,50.296354],[19.184074,50.296413]]}},{"type":"Feature","properties":{"mode":"bus","n":10,"arr":["90","100","106","188","220","299","723","M4","902N","903N"],"lines":"90, 100, 106, 188, 220, 299, 723, M4, 902N, 903N"},"geometry":{"type":"LineString","coordinates":[[19.197965,50.292356],[19.198104,50.29234],[19.198385,50.292253]]}},{"type":"Feature","properties":{"mode":"bus","n":6,"arr":["90","100","106","299","723","902N"],"lines":"90, 100, 106, 299, 723, 902N"},"geometry":{"type":"LineString","coordinates":[[19.206585,50.289702],[19.206339,50.289791]]}},{"type":"Feature","properties":{"mode":"bus","n":7,"arr":["90","100","106","299","723","902N","903N"],"lines":"90, 100, 106, 299, 723, 902N, 903N"},"geometry":{"type":"LineString","coordinates":[[19.206339,50.289791],[19.206258,50.289826]]}},{"type":"Feature","properties":{"mode":"bus","n":5,"arr":["91","150","622","902N","904N"],"lines":"91, 150, 622, 902N, 904N"},"geometry":{"type":"LineString","coordinates":[[19.132395,50.285102],[19.132108,50.28523]]}},{"type":"Feature","properties":{"mode":"bus","n":6,"arr":["91","154","299","723","M17","902N"],"lines":"91, 154, 299, 723, M17, 902N"},"geometry":{"type":"LineString","coordinates":[[19.116539,50.279058],[19.117072,50.279417],[19.119414,50.283056],[19.122529,50.286912]]}},{"type":"Feature","properties":{"mode":"bus","n":9,"arr":["92","118","127","146","183","201","227","M21","623N"],"lines":"92, 118, 127, 146, 183, 201, 227, M21, 623N"},"geometry":{"type":"LineString","coordinates":[[18.91719,50.343036],[18.91723,50.34291],[18.916975,50.342183]]}},{"type":"Feature","properties":{"mode":"bus","n":7,"arr":["97","124","269","625","M19","M23","M103"],"lines":"97, 124, 269, 625, M19, M23, M103"},"geometry":{"type":"LineString","coordinates":[[19.146733,50.374514],[19.146893,50.374469],[19.147716,50.374375],[19.148777,50.374189],[19.149719,50.37387],[19.150657,50.373686]]}},{"type":"Feature","properties":{"mode":"bus","n":5,"arr":["97","124","M19","M23","M103"],"lines":"97, 124, M19, M23, M103"},"geometry":{"type":"LineString","coordinates":[[19.133331,50.378048],[19.134059,50.377981],[19.134386,50.377913],[19.134679,50.377785],[19.135323,50.377407],[19.135768,50.377216],[19.138443,50.376389],[19.140983,50.375788],[19.145204,50.374829],[19.145933,50.374695],[19.146733,50.374514]]}},{"type":"Feature","properties":{"mode":"bus","n":7,"arr":["97","124","125","967","M19","M23","M103"],"lines":"97, 124, 125, 967, M19, M23, M103"},"geometry":{"type":"LineString","coordinates":[[19.133331,50.378048],[19.133357,50.37818],[19.134529,50.380499],[19.134854,50.381042],[19.135005,50.381199],[19.135016,50.381219],[19.135011,50.381236],[19.134989,50.381252],[19.134747,50.381368],[19.13472,50.381456],[19.13509,50.382184],[19.135308,50.38241]]}},{"type":"Feature","properties":{"mode":"bus","n":7,"arr":["97","124","125","967","M19","M23","M103"],"lines":"97, 124, 125, 967, M19, M23, M103"},"geometry":{"type":"LineString","coordinates":[[19.135251,50.382432],[19.135863,50.382145],[19.135884,50.382138],[19.135904,50.382137],[19.135922,50.382143],[19.135938,50.382155],[19.136054,50.382275]]}},{"type":"Feature","properties":{"mode":"bus","n":7,"arr":["97","124","125","967","M19","M23","M103"],"lines":"97, 124, 125, 967, M19, M23, M103"},"geometry":{"type":"LineString","coordinates":[[19.134848,50.381307],[19.134973,50.381409]]}},{"type":"Feature","properties":{"mode":"bus","n":5,"arr":["100","106","299","622","902N"],"lines":"100, 106, 299, 622, 902N"},"geometry":{"type":"LineString","coordinates":[[19.148621,50.287406],[19.146021,50.287003],[19.142774,50.286866],[19.142259,50.286803],[19.141872,50.286679],[19.141594,50.286503],[19.140505,50.285423],[19.139963,50.284938],[19.139461,50.284545],[19.138547,50.283893],[19.138055,50.283442],[19.136537,50.28221],[19.135857,50.281825]]}},{"type":"Feature","properties":{"mode":"bus","n":6,"arr":["100","106","220","299","622","902N"],"lines":"100, 106, 220, 299, 622, 902N"},"geometry":{"type":"LineString","coordinates":[[19.135857,50.281825],[19.135807,50.281798]]}},{"type":"Feature","properties":{"mode":"bus","n":7,"arr":["100","106","299","622","723","808","M4"],"lines":"100, 106, 299, 622, 723, 808, M4"},"geometry":{"type":"LineString","coordinates":[[19.170096,50.293006],[19.169249,50.293462],[19.168307,50.293912],[19.168277,50.293922],[19.168247,50.293922],[19.168217,50.293912],[19.16796,50.293785],[19.165512,50.292867],[19.164669,50.292457],[19.163784,50.292087],[19.161996,50.291476],[19.156698,50.289787],[19.155528,50.289362],[19.15178,50.287918],[19.15118,50.287618],[19.150298,50.287256],[19.149979,50.287156],[19.149195,50.287005]]}},{"type":"Feature","properties":{"mode":"bus","n":5,"arr":["104","107","125","200","M103"],"lines":"104, 107, 125, 200, M103"},"geometry":{"type":"LineString","coordinates":[[19.090288,50.381172],[19.096739,50.376995]]}},{"type":"Feature","properties":{"mode":"bus","n":6,"arr":["106","150","160S","188","835","M15"],"lines":"106, 150, 160S, 188, 835, M15"},"geometry":{"type":"LineString","coordinates":[[19.122966,50.27596],[19.125668,50.274858],[19.12624,50.274677],[19.127348,50.274413],[19.130155,50.273894]]}},{"type":"Feature","properties":{"mode":"bus","n":5,"arr":["110","672","674","900","910"],"lines":"110, 672, 674, 900, 910"},"geometry":{"type":"LineString","coordinates":[[19.039561,50.242436],[19.035956,50.241902]]}},{"type":"Feature","properties":{"mode":"bus","n":5,"arr":["110","193","M13","M22","Z210"],"lines":"110, 193, M13, M22, Z210"},"geometry":{"type":"LineString","coordinates":[[19.020702,50.256468],[19.020715,50.256451]]}},{"type":"Feature","properties":{"mode":"bus","n":6,"arr":["115","120","130","138","193","632"],"lines":"115, 120, 130, 138, 193, 632"},"geometry":{"type":"LineString","coordinates":[[18.986583,50.25237],[18.985006,50.252646]]}},{"type":"Feature","properties":{"mode":"bus","n":9,"arr":["116","604","612","624","629","638","644","656","M109"],"lines":"116, 604, 612, 624, 629, 638, 644, 656, M109"},"geometry":{"type":"LineString","coordinates":[[19.169105,50.320475],[19.168883,50.320397],[19.16865,50.320148]]}},{"type":"Feature","properties":{"mode":"bus","n":7,"arr":["116","160","160S","188","690","835","M15"],"lines":"116, 160, 160S, 188, 690, 835, M15"},"geometry":{"type":"LineString","coordinates":[[19.146221,50.273589],[19.144915,50.273474],[19.144312,50.273452],[19.140586,50.273578],[19.139635,50.273573],[19.136311,50.273465],[19.135501,50.273467],[19.135014,50.273515]]}},{"type":"Feature","properties":{"mode":"bus","n":6,"arr":["118","121","147","255","982","M21"],"lines":"118, 121, 147, 255, 982, M21"},"geometry":{"type":"LineString","coordinates":[[18.880355,50.299899],[18.880443,50.299866]]}},{"type":"Feature","properties":{"mode":"bus","n":6,"arr":["118","121","147","255","982","M21"],"lines":"118, 121, 147, 255, 982, M21"},"geometry":{"type":"LineString","coordinates":[[18.88311,50.301306],[18.882553,50.301295],[18.882209,50.301199]]}},{"type":"Feature","properties":{"mode":"bus","n":9,"arr":["118","121","147","155","255","982","M1","M21","M24"],"lines":"118, 121, 147, 155, 255, 982, M1, M21, M24"},"geometry":{"type":"LineString","coordinates":[[18.881335,50.300661],[18.882209,50.301199]]}},{"type":"Feature","properties":{"mode":"bus","n":5,"arr":["118","147","840","M24","840N"],"lines":"118, 147, 840, M24, 840N"},"geometry":{"type":"LineString","coordinates":[[18.88042,50.302776],[18.880597,50.302816],[18.88092,50.302801],[18.881644,50.302622],[18.88207,50.302488],[18.882865,50.302204],[18.883185,50.302011],[18.883544,50.30171]]}},{"type":"Feature","properties":{"mode":"bus","n":5,"arr":["118","147","840","M24","840N"],"lines":"118, 147, 840, M24, 840N"},"geometry":{"type":"LineString","coordinates":[[18.857756,50.300138],[18.858802,50.300195],[18.859237,50.30026]]}},{"type":"Feature","properties":{"mode":"bus","n":5,"arr":["118","127","146","183","623N"],"lines":"118, 127, 146, 183, 623N"},"geometry":{"type":"LineString","coordinates":[[18.891318,50.337717],[18.890764,50.337775],[18.890231,50.337785],[18.886522,50.337691]]}},{"type":"Feature","properties":{"mode":"bus","n":6,"arr":["118","127","146","183","227","623N"],"lines":"118, 127, 146, 183, 227, 623N"},"geometry":{"type":"LineString","coordinates":[[18.896827,50.336291],[18.89654,50.336297],[18.896324,50.336326],[18.895189,50.336575],[18.894461,50.336781],[18.892237,50.337519],[18.89171,50.337649],[18.891318,50.337717]]}},{"type":"Feature","properties":{"mode":"bus","n":7,"arr":["118","127","146","183","227","M21","623N"],"lines":"118, 127, 146, 183, 227, M21, 623N"},"geometry":{"type":"LineString","coordinates":[[18.916975,50.342183],[18.916682,50.342075],[18.916466,50.342065],[18.915398,50.342299],[18.915096,50.342327],[18.914161,50.342245],[18.913368,50.342046],[18.909136,50.340792],[18.906304,50.33991],[18.905544,50.33965],[18.90478,50.339376],[18.902935,50.33866],[18.898914,50.337072],[18.898413,50.336849],[18.897259,50.336394],[18.897079,50.336335],[18.896827,50.336291]]}},{"type":"Feature","properties":{"mode":"bus","n":6,"arr":["120","130","165","177","632","130N"],"lines":"120, 130, 165, 177, 632, 130N"},"geometry":{"type":"LineString","coordinates":[[18.963803,50.256487],[18.960283,50.255978],[18.945809,50.254939],[18.944457,50.254819],[18.940943,50.254418],[18.940412,50.254419],[18.940088,50.254491],[18.939833,50.254642],[18.939643,50.254822],[18.939361,50.255025],[18.939189,50.255088],[18.939025,50.255117],[18.938753,50.255114],[18.937436,50.254971],[18.937299,50.254924],[18.936961,50.254879],[18.936747,50.254901]]}},{"type":"Feature","properties":{"mode":"bus","n":6,"arr":["120","130","165","177","632","130N"],"lines":"120, 130, 165, 177, 632, 130N"},"geometry":{"type":"LineString","coordinates":[[18.938453,50.253324],[18.939419,50.253592],[18.940304,50.253761],[18.942354,50.254019],[18.944319,50.254219],[18.944966,50.254231],[18.945655,50.254187],[18.946379,50.254078],[18.947218,50.253866],[18.947603,50.253882],[18.947831,50.253964],[18.947966,50.254056],[18.948217,50.254403],[18.948362,50.254528],[18.948635,50.254638],[18.949152,50.254742],[18.961663,50.255652],[18.963681,50.255741],[18.965267,50.255736]]}},{"type":"Feature","properties":{"mode":"bus","n":7,"arr":["120","130","139","165","177","632","130N"],"lines":"120, 130, 139, 165, 177, 632, 130N"},"geometry":{"type":"LineString","coordinates":[[18.936747,50.254901],[18.937072,50.253141],[18.937225,50.25306],[18.937342,50.253038],[18.937357,50.253035],[18.937364,50.253031],[18.937365,50.253027],[18.937358,50.253022],[18.937344,50.253018],[18.937263,50.252995]]}},{"type":"Feature","properties":{"mode":"bus","n":5,"arr":["120","130","139","177","130N"],"lines":"120, 130, 139, 177, 130N"},"geometry":{"type":"LineString","coordinates":[[18.937263,50.252995],[18.937111,50.252916],[18.936886,50.252894],[18.935355,50.252935],[18.935042,50.252898],[18.934781,50.252803],[18.933551,50.25213],[18.933003,50.251907],[18.932225,50.25169],[18.931529,50.251562],[18.930527,50.251467],[18.922997,50.250892],[18.922551,50.250838],[18.920988,50.250517],[18.920659,50.250431],[18.92018,50.250248],[18.920071,50.250188],[18.919967,50.250056],[18.919768,50.249946],[18.919452,50.249867],[18.91914,50.24974]]}},{"type":"Feature","properties":{"mode":"bus","n":5,"arr":["120","121","130","669","130N"],"lines":"120, 121, 130, 669, 130N"},"geometry":{"type":"LineString","coordinates":[[18.899816,50.252818],[18.899981,50.252835],[18.900097,50.252914]]}},{"type":"Feature","properties":{"mode":"bus","n":5,"arr":["120","121","130","669","130N"],"lines":"120, 121, 130, 669, 130N"},"geometry":{"type":"LineString","coordinates":[[18.900276,50.252773],[18.898636,50.252946],[18.898507,50.252913],[18.897558,50.252221],[18.897438,50.252067],[18.897121,50.251451],[18.896885,50.251203],[18.895331,50.250118],[18.894278,50.249442],[18.893665,50.249004],[18.892221,50.247933],[18.891598,50.247379],[18.891285,50.247152],[18.887505,50.245298],[18.887027,50.24512],[18.885796,50.244829],[18.885343,50.244632],[18.884828,50.244313],[18.884688,50.244148],[18.884529,50.243741],[18.884047,50.2423],[18.883762,50.241839],[18.883399,50.241454],[18.882712,50.240863],[18.882408,50.240646],[18.881857,50.240357],[18.880868,50.240002],[18.880434,50.239898],[18.880143,50.239865],[18.879619,50.23986],[18.878515,50.239997],[18.87795,50.240005],[18.876089,50.239707],[18.87544,50.239705],[18.874123,50.239827],[18.873839,50.239812],[18.872726,50.239678],[18.872357,50.239571],[18.872022,50.239399],[18.868966,50.237671],[18.867672,50.237092],[18.86644,50.236586],[18.866066,50.236489],[18.865617,50.236472],[18.865187,50.236545],[18.864868,50.236667],[18.864717,50.236753]]}},{"type":"Feature","properties":{"mode":"bus","n":14,"arr":["120","121","130","146","147","155","177","198","230","255","669","982","M21","130N"],"lines":"120, 121, 130, 146, 147, 155, 177, 198, 230, 255, 669, 982, M21, 130N"},"geometry":{"type":"LineString","coordinates":[[18.837842,50.2401],[18.835274,50.237445],[18.834892,50.237004]]}},{"type":"Feature","properties":{"mode":"bus","n":5,"arr":["121","146","147","982","M21"],"lines":"121, 146, 147, 982, M21"},"geometry":{"type":"LineString","coordinates":[[18.887026,50.314299],[18.88941,50.321035]]}},{"type":"Feature","properties":{"mode":"bus","n":6,"arr":["121","146","147","155","230","255"],"lines":"121, 146, 147, 155, 230, 255"},"geometry":{"type":"LineString","coordinates":[[18.872291,50.319197],[18.873931,50.31883],[18.87396,50.318819],[18.873975,50.318803],[18.873977,50.318782],[18.873469,50.316294],[18.873509,50.31611]]}},{"type":"Feature","properties":{"mode":"bus","n":6,"arr":["121","146","147","155","230","255"],"lines":"121, 146, 147, 155, 230, 255"},"geometry":{"type":"LineString","coordinates":[[18.885479,50.31368],[18.883227,50.31402],[18.881594,50.314299],[18.874049,50.315962],[18.873533,50.316103],[18.873518,50.316106],[18.873505,50.316103],[18.873495,50.316096],[18.873469,50.31607]]}},{"type":"Feature","properties":{"mode":"bus","n":7,"arr":["121","146","147","155","230","982","M21"],"lines":"121, 146, 147, 155, 230, 982, M21"},"geometry":{"type":"LineString","coordinates":[[18.88674,50.313481],[18.885479,50.31368]]}},{"type":"Feature","properties":{"mode":"bus","n":8,"arr":["121","146","147","155","230","255","982","M21"],"lines":"121, 146, 147, 155, 230, 255, 982, M21"},"geometry":{"type":"LineString","coordinates":[[18.88674,50.313481],[18.887014,50.314264],[18.887014,50.314284],[18.887,50.314299],[18.886971,50.314307],[18.885832,50.314484],[18.885807,50.314485],[18.885787,50.314481],[18.885773,50.314472],[18.885764,50.314457],[18.885479,50.31368]]}},{"type":"Feature","properties":{"mode":"bus","n":5,"arr":["121","155","255","982","M21"],"lines":"121, 155, 255, 982, M21"},"geometry":{"type":"LineString","coordinates":[[18.883794,50.304974],[18.88674,50.313481]]}},{"type":"Feature","properties":{"mode":"bus","n":6,"arr":["121","155","840","982","M21","840N"],"lines":"121, 155, 840, 982, M21, 840N"},"geometry":{"type":"LineString","coordinates":[[18.885356,50.302442],[18.885308,50.302613],[18.885182,50.302811],[18.884829,50.303139],[18.883971,50.303808],[18.883936,50.304086],[18.883952,50.304191],[18.884094,50.30438],[18.88423,50.30448]]}},{"type":"Feature","properties":{"mode":"bus","n":6,"arr":["121","155","840","982","M21","840N"],"lines":"121, 155, 840, 982, M21, 840N"},"geometry":{"type":"LineString","coordinates":[[18.883588,50.301674],[18.883967,50.301474],[18.88416,50.301435],[18.884396,50.301425]]}},{"type":"Feature","properties":{"mode":"bus","n":7,"arr":["121","155","255","840","982","M21","840N"],"lines":"121, 155, 255, 840, 982, M21, 840N"},"geometry":{"type":"LineString","coordinates":[[18.884396,50.301425],[18.884601,50.301493],[18.884794,50.301636],[18.885268,50.302231],[18.885356,50.302442]]}},{"type":"Feature","properties":{"mode":"bus","n":7,"arr":["121","147","155","982","M1","M21","M24"],"lines":"121, 147, 155, 982, M1, M21, M24"},"geometry":{"type":"LineString","coordinates":[[18.882209,50.301199],[18.882932,50.301664]]}},{"type":"Feature","properties":{"mode":"bus","n":7,"arr":["121","147","155","982","M1","M21","M24"],"lines":"121, 147, 155, 982, M1, M21, M24"},"geometry":{"type":"LineString","coordinates":[[18.879161,50.298285],[18.879889,50.299307],[18.880355,50.299899]]}},{"type":"Feature","properties":{"mode":"bus","n":8,"arr":["121","147","155","255","982","M1","M21","M24"],"lines":"121, 147, 155, 255, 982, M1, M21, M24"},"geometry":{"type":"LineString","coordinates":[[18.880355,50.299899],[18.880924,50.30043],[18.881174,50.3006],[18.881335,50.300661]]}},{"type":"Feature","properties":{"mode":"bus","n":5,"arr":["121","147","155","982","M21"],"lines":"121, 147, 155, 982, M21"},"geometry":{"type":"LineString","coordinates":[[18.878491,50.297164],[18.878706,50.29759],[18.879161,50.298285]]}},{"type":"Feature","properties":{"mode":"bus","n":6,"arr":["121","147","155","255","982","M21"],"lines":"121, 147, 155, 255, 982, M21"},"geometry":{"type":"LineString","coordinates":[[18.876193,50.283737],[18.876152,50.28418],[18.875962,50.285027],[18.874905,50.289085],[18.873865,50.29284],[18.873847,50.293135],[18.873898,50.293319],[18.874028,50.293545],[18.874131,50.29367],[18.874419,50.293918],[18.874682,50.294075],[18.875597,50.294424],[18.875739,50.294536],[18.875819,50.29472],[18.875891,50.295345],[18.876058,50.295583],[18.87622,50.295693],[18.876505,50.295817],[18.877559,50.296124],[18.877708,50.296187],[18.877948,50.296434],[18.878491,50.297164]]}},{"type":"Feature","properties":{"mode":"bus","n":6,"arr":["121","147","155","255","982","M21"],"lines":"121, 147, 155, 255, 982, M21"},"geometry":{"type":"LineString","coordinates":[[18.874566,50.294009],[18.874624,50.293982]]}},{"type":"Feature","properties":{"mode":"bus","n":10,"arr":["121","130","146","147","155","177","198","230","255","130N"],"lines":"121, 130, 146, 147, 155, 177, 198, 230, 255, 130N"},"geometry":{"type":"LineString","coordinates":[[18.835971,50.238167],[18.834527,50.238735],[18.833133,50.239522],[18.833101,50.239614],[18.833107,50.240876],[18.833021,50.241044],[18.832846,50.241175],[18.830966,50.241899],[18.829734,50.242532],[18.827337,50.243911],[18.826942,50.244086],[18.826244,50.244291],[18.825605,50.244395],[18.824301,50.244449],[18.82427,50.244454],[18.82425,50.244467],[18.824242,50.244487],[18.824203,50.244946],[18.824205,50.244962],[18.824215,50.244972],[18.824232,50.244978],[18.824256,50.24498],[18.824743,50.244959],[18.824753,50.244958],[18.824761,50.244953],[18.824773,50.244942],[18.824659,50.244438]]}},{"type":"Feature","properties":{"mode":"bus","n":10,"arr":["121","130","146","147","155","177","198","230","255","130N"],"lines":"121, 130, 146, 147, 155, 177, 198, 230, 255, 130N"},"geometry":{"type":"LineString","coordinates":[[18.834892,50.237004],[18.833352,50.23756],[18.833341,50.237566],[18.833335,50.237575],[18.83333,50.237594],[18.833443,50.23775],[18.834386,50.238808]]}},{"type":"Feature","properties":{"mode":"bus","n":5,"arr":["121","147","255","982","M21"],"lines":"121, 147, 255, 982, M21"},"geometry":{"type":"LineString","coordinates":[[18.880443,50.299866],[18.879379,50.29836],[18.879148,50.298084],[18.878943,50.297737],[18.878491,50.297164]]}},{"type":"Feature","properties":{"mode":"bus","n":6,"arr":["121","255","840","982","M21","840N"],"lines":"121, 255, 840, 982, M21, 840N"},"geometry":{"type":"LineString","coordinates":[[18.884396,50.301425],[18.884191,50.301355],[18.884001,50.30132],[18.883383,50.301305]]}},{"type":"Feature","properties":{"mode":"bus","n":6,"arr":["121","255","840","982","M21","840N"],"lines":"121, 255, 840, 982, M21, 840N"},"geometry":{"type":"LineString","coordinates":[[18.885356,50.302442],[18.885576,50.302788],[18.886446,50.304523]]}},{"type":"Feature","properties":{"mode":"bus","n":6,"arr":["121","255","840","982","M21","840N"],"lines":"121, 255, 840, 982, M21, 840N"},"geometry":{"type":"LineString","coordinates":[[18.884287,50.304508],[18.885583,50.30502]]}},{"type":"Feature","properties":{"mode":"bus","n":5,"arr":["124","125","967","M23","M103"],"lines":"124, 125, 967, M23, M103"},"geometry":{"type":"LineString","coordinates":[[19.135034,50.38123],[19.135908,50.382124]]}},{"type":"Feature","properties":{"mode":"bus","n":5,"arr":["126","186","676","678","A4N"],"lines":"126, 186, 676, 678, A4N"},"geometry":{"type":"LineString","coordinates":[[18.672147,50.274881],[18.673351,50.274846],[18.673941,50.274757],[18.673965,50.274756],[18.673983,50.27476],[18.673994,50.27477],[18.673998,50.274785],[18.674106,50.276374],[18.674101,50.276394],[18.674083,50.276407],[18.674052,50.276412],[18.672304,50.276462],[18.672279,50.276461],[18.672261,50.276455],[18.67225,50.276444],[18.672246,50.276428],[18.672147,50.274881]]}},{"type":"Feature","properties":{"mode":"bus","n":5,"arr":["126","186","197","707","Z-6"],"lines":"126, 186, 197, 707, Z-6"},"geometry":{"type":"LineString","coordinates":[[18.614528,50.355984],[18.61461,50.355867]]}},{"type":"Feature","properties":{"mode":"bus","n":5,"arr":["146","147","155","230","255"],"lines":"146, 147, 155, 230, 255"},"geometry":{"type":"LineString","coordinates":[[18.856974,50.315974],[18.85717,50.3161],[18.857315,50.316254],[18.858847,50.317476],[18.860787,50.31799],[18.86116,50.31814],[18.86148,50.318341],[18.861607,50.318445],[18.861803,50.318687],[18.862566,50.320274],[18.86264,50.320344],[18.862728,50.320379],[18.868736,50.319974],[18.872291,50.319197]]}},{"type":"Feature","properties":{"mode":"bus","n":5,"arr":["146","155","255","982","M21"],"lines":"146, 155, 255, 982, M21"},"geometry":{"type":"LineString","coordinates":[[18.862958,50.270044],[18.864124,50.269949],[18.864352,50.269948],[18.869496,50.27047],[18.871346,50.270562],[18.873358,50.270624]]}},{"type":"Feature","properties":{"mode":"bus","n":7,"arr":["146","155","177","230","255","982","M21"],"lines":"146, 155, 177, 230, 255, 982, M21"},"geometry":{"type":"LineString","coordinates":[[18.841835,50.243826],[18.841871,50.243903],[18.842783,50.244757],[18.842896,50.244812],[18.843502,50.24538],[18.844212,50.245889],[18.846381,50.247929],[18.846852,50.248407],[18.846989,50.248624],[18.847519,50.249124],[18.847905,50.249423],[18.848339,50.249836],[18.848863,50.25027],[18.848875,50.250284],[18.848877,50.250298],[18.848871,50.250312],[18.848857,50.250332],[18.848849,50.250354],[18.848856,50.250377],[18.848916,50.250467],[18.851807,50.253154],[18.851822,50.253164],[18.851838,50.253169],[18.851856,50.253168],[18.851875,50.253161],[18.851909,50.253146],[18.851935,50.253138],[18.851959,50.25314],[18.851982,50.253151],[18.852692,50.253667],[18.856224,50.25629],[18.857856,50.257616],[18.858233,50.258087],[18.858421,50.258373],[18.858545,50.258691],[18.858646,50.259121]]}},{"type":"Feature","properties":{"mode":"bus","n":9,"arr":["146","147","155","177","198","230","255","982","M21"],"lines":"146, 147, 155, 177, 198, 230, 255, 982, M21"},"geometry":{"type":"LineString","coordinates":[[18.841642,50.243643],[18.841835,50.243826]]}},{"type":"Feature","properties":{"mode":"bus","n":9,"arr":["146","147","155","177","198","230","255","982","M21"],"lines":"146, 147, 155, 177, 198, 230, 255, 982, M21"},"geometry":{"type":"LineString","coordinates":[[18.841604,50.243409],[18.84159,50.243514],[18.841645,50.243607],[18.841643,50.24363],[18.841641,50.243636],[18.841638,50.243639],[18.841632,50.243639],[18.841624,50.243638],[18.841588,50.243628]]}},{"type":"Feature","properties":{"mode":"bus","n":6,"arr":["146","155","177","230","982","M21"],"lines":"146, 155, 177, 230, 982, M21"},"geometry":{"type":"LineString","coordinates":[[18.841588,50.243628],[18.841404,50.24342]]}},{"type":"Feature","properties":{"mode":"bus","n":5,"arr":["147","840","M1","M24","840N"],"lines":"147, 840, M1, M24, 840N"},"geometry":{"type":"LineString","coordinates":[[18.880759,50.302769],[18.881381,50.302615],[18.882738,50.302134],[18.882843,50.302063],[18.882924,50.301937],[18.882932,50.301664]]}},{"type":"Feature","properties":{"mode":"bus","n":10,"arr":["149","601","911","AP","M101","7N","30N","76N","840N","911N"],"lines":"149, 601, 911, AP, M101, 7N, 30N, 76N, 840N, 911N"},"geometry":{"type":"LineString","coordinates":[[19.015518,50.258259],[19.015769,50.26041],[19.017092,50.261711]]}},{"type":"Feature","properties":{"mode":"bus","n":5,"arr":["154","299","808","835","M4"],"lines":"154, 299, 808, 835, M4"},"geometry":{"type":"LineString","coordinates":[[19.105681,50.283752],[19.106226,50.283176],[19.106385,50.283107],[19.106628,50.282902],[19.106768,50.282721],[19.106852,50.282527],[19.107809,50.281599],[19.108516,50.280986],[19.10904,50.280633],[19.109663,50.280402],[19.110521,50.280122],[19.110775,50.280117],[19.110959,50.280154],[19.111056,50.280153],[19.111103,50.280146],[19.11114,50.280127],[19.111473,50.279851],[19.11217,50.279672],[19.113138,50.279388],[19.11498,50.279103],[19.115518,50.279072],[19.116315,50.279083],[19.116539,50.279058]]}},{"type":"Feature","properties":{"mode":"bus","n":5,"arr":["154","299","808","835","M4"],"lines":"154, 299, 808, 835, M4"},"geometry":{"type":"LineString","coordinates":[[19.104194,50.286047],[19.104584,50.285207],[19.104925,50.28471]]}},{"type":"Feature","properties":{"mode":"bus","n":7,"arr":["156","286","617","709","770","M16","617N"],"lines":"156, 286, 617, 709, 770, M16, 617N"},"geometry":{"type":"LineString","coordinates":[[18.782243,50.305374],[18.782897,50.305407]]}},{"type":"Feature","properties":{"mode":"bus","n":7,"arr":["156","709","720","770","M16","617N","705N"],"lines":"156, 709, 720, 770, M16, 617N, 705N"},"geometry":{"type":"LineString","coordinates":[[18.785258,50.31717],[18.783327,50.317284]]}},{"type":"Feature","properties":{"mode":"bus","n":6,"arr":["156","720","770","M16","617N","705N"],"lines":"156, 720, 770, M16, 617N, 705N"},"geometry":{"type":"LineString","coordinates":[[18.783327,50.317284],[18.780633,50.317445],[18.779341,50.317633],[18.774975,50.317878]]}},{"type":"Feature","properties":{"mode":"bus","n":5,"arr":["160","160S","690","835","902N"],"lines":"160, 160S, 690, 835, 902N"},"geometry":{"type":"LineString","coordinates":[[19.146797,50.273233],[19.14706,50.273313],[19.147268,50.273349]]}},{"type":"Feature","properties":{"mode":"bus","n":6,"arr":["160","160S","690","835","902N","904N"],"lines":"160, 160S, 690, 835, 902N, 904N"},"geometry":{"type":"LineString","coordinates":[[19.159321,50.270704],[19.158606,50.270923],[19.155305,50.27209],[19.154686,50.272287],[19.154244,50.2724],[19.153445,50.272548],[19.147268,50.273349]]}},{"type":"Feature","properties":{"mode":"bus","n":6,"arr":["160","160S","690","835","902N","904N"],"lines":"160, 160S, 690, 835, 902N, 904N"},"geometry":{"type":"LineString","coordinates":[[19.150276,50.273039],[19.150251,50.272959]]}},{"type":"Feature","properties":{"mode":"bus","n":6,"arr":["160","160S","690","835","902N","904N"],"lines":"160, 160S, 690, 835, 902N, 904N"},"geometry":{"type":"LineString","coordinates":[[19.153164,50.272584],[19.153188,50.272661]]}},{"type":"Feature","properties":{"mode":"bus","n":5,"arr":["160","160S","690","835","904N"],"lines":"160, 160S, 690, 835, 904N"},"geometry":{"type":"LineString","coordinates":[[19.147268,50.273349],[19.147009,50.273418],[19.146782,50.273522]]}},{"type":"Feature","properties":{"mode":"bus","n":5,"arr":["160S","690","835","902N","904N"],"lines":"160S, 690, 835, 902N, 904N"},"geometry":{"type":"LineString","coordinates":[[19.174837,50.269029],[19.170697,50.269255],[19.170128,50.269224],[19.168825,50.269098],[19.16846,50.269099],[19.167729,50.269157],[19.163192,50.269695],[19.162945,50.269743],[19.159321,50.270704]]}},{"type":"Feature","properties":{"mode":"bus","n":6,"arr":["165","231","632","664","840","840N"],"lines":"165, 231, 632, 664, 840, 840N"},"geometry":{"type":"LineString","coordinates":[[18.935248,50.29736],[18.935308,50.297072],[18.935284,50.296989],[18.935407,50.296567],[18.935546,50.296195],[18.935734,50.295853]]}},{"type":"Feature","properties":{"mode":"bus","n":5,"arr":["165","632","664","840","840N"],"lines":"165, 632, 664, 840, 840N"},"geometry":{"type":"LineString","coordinates":[[18.936449,50.302685],[18.936415,50.302392],[18.936451,50.302299],[18.93634,50.302068],[18.935783,50.301524],[18.935556,50.301212],[18.934872,50.299085],[18.934851,50.298839],[18.934901,50.298541],[18.934996,50.298134],[18.935082,50.298028],[18.935248,50.29736]]}},{"type":"Feature","properties":{"mode":"bus","n":5,"arr":["165","190","664","840","840N"],"lines":"165, 190, 664, 840, 840N"},"geometry":{"type":"LineString","coordinates":[[18.936449,50.302685],[18.934033,50.302751],[18.932922,50.30281],[18.932585,50.30285]]}},{"type":"Feature","properties":{"mode":"bus","n":5,"arr":["165","201","632","998","130N"],"lines":"165, 201, 632, 998, 130N"},"geometry":{"type":"LineString","coordinates":[[18.944226,50.265783],[18.944269,50.265836],[18.94426,50.265881],[18.944194,50.265952],[18.94402,50.266038],[18.943967,50.266091],[18.943946,50.266105],[18.94392,50.26611],[18.943891,50.266104],[18.943646,50.266021],[18.943324,50.265962]]}},{"type":"Feature","properties":{"mode":"bus","n":5,"arr":["186","259","692","699","692N"],"lines":"186, 259, 692, 699, 692N"},"geometry":{"type":"LineString","coordinates":[[18.632806,50.305094],[18.632742,50.305178]]}},{"type":"Feature","properties":{"mode":"bus","n":6,"arr":["186","259","692","693","699","924"],"lines":"186, 259, 692, 693, 699, 924"},"geometry":{"type":"LineString","coordinates":[[18.619876,50.316056],[18.61966,50.315908],[18.619393,50.315768],[18.61918,50.315363],[18.619132,50.315011],[18.619059,50.314788],[18.618843,50.314436],[18.618498,50.314029]]}},{"type":"Feature","properties":{"mode":"bus","n":7,"arr":["186","259","692","693","699","924","692N"],"lines":"186, 259, 692, 693, 699, 924, 692N"},"geometry":{"type":"LineString","coordinates":[[18.618281,50.313775],[18.61838,50.313733],[18.618456,50.313738],[18.618544,50.313777],[18.618615,50.313881],[18.618625,50.31391],[18.618615,50.313939],[18.618579,50.313993],[18.618526,50.314016],[18.618513,50.314021],[18.618501,50.314021],[18.61849,50.314017],[18.618481,50.31401],[18.618281,50.313775]]}},{"type":"Feature","properties":{"mode":"bus","n":5,"arr":["186","259","692","699","924"],"lines":"186, 259, 692, 699, 924"},"geometry":{"type":"LineString","coordinates":[[18.619876,50.316056],[18.619519,50.316372],[18.619354,50.316627],[18.618879,50.317859],[18.618109,50.319388],[18.617954,50.319881],[18.617396,50.32211],[18.617315,50.322638],[18.617308,50.323096],[18.617304,50.323112],[18.617293,50.323123],[18.617275,50.323129],[18.617251,50.323131],[18.615587,50.3231],[18.61513,50.323161],[18.614804,50.323276],[18.613965,50.323795],[18.610251,50.326199]]}},{"type":"Feature","properties":{"mode":"bus","n":6,"arr":["188","220","690","723","M4","904N"],"lines":"188, 220, 690, 723, M4, 904N"},"geometry":{"type":"LineString","coordinates":[[19.178483,50.285375],[19.178581,50.285315],[19.178842,50.285216],[19.179734,50.284962],[19.189879,50.282617],[19.191177,50.282402],[19.191503,50.282492],[19.191869,50.283044],[19.193442,50.285832],[19.195873,50.289507],[19.19628,50.290326],[19.196831,50.291124],[19.197712,50.292182],[19.197799,50.292387]]}},{"type":"Feature","properties":{"mode":"bus","n":5,"arr":["188","220","690","723","M4"],"lines":"188, 220, 690, 723, M4"},"geometry":{"type":"LineString","coordinates":[[19.191503,50.282492],[19.191246,50.282146],[19.191141,50.282105],[19.191009,50.282111],[19.189844,50.282458],[19.189207,50.282615],[19.180134,50.284706],[19.179732,50.284787],[19.179078,50.284879],[19.178404,50.284952],[19.178222,50.284942]]}},{"type":"Feature","properties":{"mode":"bus","n":6,"arr":["190","632","664","840","M3","840N"],"lines":"190, 632, 664, 840, M3, 840N"},"geometry":{"type":"LineString","coordinates":[[18.954503,50.298662],[18.953838,50.298556],[18.953661,50.298559],[18.953546,50.298608],[18.953002,50.299057],[18.952889,50.299097],[18.952713,50.2991],[18.95201,50.299039],[18.951004,50.298899],[18.950833,50.298836],[18.950637,50.29872],[18.950473,50.298566],[18.949834,50.298276]]}},{"type":"Feature","properties":{"mode":"bus","n":7,"arr":["237","624","637","638","639","640","656"],"lines":"237, 624, 637, 638, 639, 640, 656"},"geometry":{"type":"LineString","coordinates":[[19.268529,50.373442],[19.268419,50.373328],[19.268329,50.373139],[19.268135,50.371885],[19.26806,50.371669],[19.267964,50.371503],[19.267033,50.370334],[19.266879,50.370177],[19.266544,50.369911],[19.262548,50.367325]]}},{"type":"Feature","properties":{"mode":"bus","n":5,"arr":["237","638","639","640","656"],"lines":"237, 638, 639, 640, 656"},"geometry":{"type":"LineString","coordinates":[[19.26757,50.376026],[19.267675,50.375872],[19.267716,50.3757],[19.267484,50.375047],[19.267474,50.374786],[19.267523,50.374469],[19.2676,50.37436],[19.267736,50.374273],[19.268237,50.374069],[19.268385,50.373972],[19.268428,50.373897],[19.268427,50.373824],[19.268377,50.373582],[19.268529,50.373442]]}},{"type":"Feature","properties":{"mode":"bus","n":5,"arr":["237","638","639","640","656"],"lines":"237, 638, 639, 640, 656"},"geometry":{"type":"LineString","coordinates":[[19.264586,50.377917],[19.2679,50.376899],[19.267921,50.37689],[19.267932,50.376879],[19.267933,50.376866],[19.267925,50.376851],[19.267578,50.376415],[19.267602,50.376062],[19.267581,50.376039],[19.267575,50.376034],[19.267568,50.376031],[19.26756,50.376031],[19.267551,50.376034],[19.267274,50.376145],[19.264322,50.377107],[19.264296,50.37712],[19.264284,50.377137],[19.264286,50.377158],[19.264586,50.377917]]}},{"type":"Feature","properties":{"mode":"bus","n":6,"arr":["237","624","637","638","640","654"],"lines":"237, 624, 637, 638, 640, 654"},"geometry":{"type":"LineString","coordinates":[[19.242652,50.340972],[19.242768,50.341059]]}},{"type":"Feature","properties":{"mode":"bus","n":5,"arr":["299","723","808","M4","M17"],"lines":"299, 723, 808, M4, M17"},"geometry":{"type":"LineString","coordinates":[[19.1188,50.277813],[19.118745,50.277923],[19.118423,50.278117],[19.118157,50.278174]]}},{"type":"Feature","properties":{"mode":"bus","n":9,"arr":["604","606","637","638","640","656","690","716","M2"],"lines":"604, 606, 637, 638, 640, 656, 690, 716, M2"},"geometry":{"type":"LineString","coordinates":[[19.228741,50.343494],[19.228628,50.34343],[19.227983,50.343187],[19.226587,50.342572]]}},{"type":"Feature","properties":{"mode":"bus","n":9,"arr":["604","606","637","638","640","656","690","716","M2"],"lines":"604, 606, 637, 638, 640, 656, 690, 716, M2"},"geometry":{"type":"LineString","coordinates":[[19.226317,50.342471],[19.224584,50.341687]]}},{"type":"Feature","properties":{"mode":"bus","n":9,"arr":["604","606","637","638","640","656","690","716","M2"],"lines":"604, 606, 637, 638, 640, 656, 690, 716, M2"},"geometry":{"type":"LineString","coordinates":[[19.225068,50.341451],[19.225452,50.341824],[19.225798,50.342066],[19.226056,50.34221],[19.22837,50.343244],[19.22873,50.343377]]}},{"type":"Feature","properties":{"mode":"bus","n":8,"arr":["604","606","637","638","640","656","690","716"],"lines":"604, 606, 637, 638, 640, 656, 690, 716"},"geometry":{"type":"LineString","coordinates":[[19.226587,50.342572],[19.226317,50.342471]]}},{"type":"Feature","properties":{"mode":"bus","n":7,"arr":["604","637","638","654","716","814","M2"],"lines":"604, 637, 638, 654, 716, 814, M2"},"geometry":{"type":"LineString","coordinates":[[19.224465,50.336174],[19.224663,50.336049],[19.22548,50.335701]]}},{"type":"Feature","properties":{"mode":"bus","n":7,"arr":["604","637","638","654","716","814","M2"],"lines":"604, 637, 638, 654, 716, 814, M2"},"geometry":{"type":"LineString","coordinates":[[19.226371,50.335487],[19.225533,50.335688],[19.225518,50.335692],[19.225508,50.335693],[19.225503,50.335692],[19.225504,50.335689],[19.22551,50.335684],[19.225521,50.335677],[19.226343,50.335188]]}},{"type":"Feature","properties":{"mode":"bus","n":7,"arr":["606","637","638","640","690","M2","903N"],"lines":"606, 637, 638, 640, 690, M2, 903N"},"geometry":{"type":"LineString","coordinates":[[19.231436,50.342571],[19.231705,50.342505],[19.232217,50.342491]]}},{"type":"Feature","properties":{"mode":"bus","n":7,"arr":["606","637","638","640","690","M2","903N"],"lines":"606, 637, 638, 640, 690, M2, 903N"},"geometry":{"type":"LineString","coordinates":[[19.229071,50.343428],[19.229817,50.343132],[19.231546,50.342527],[19.231891,50.342319],[19.232069,50.342159],[19.232263,50.342085]]}},{"type":"Feature","properties":{"mode":"bus","n":6,"arr":["606","637","638","640","716","M2"],"lines":"606, 637, 638, 640, 716, M2"},"geometry":{"type":"LineString","coordinates":[[19.224584,50.341687],[19.224296,50.341399],[19.224179,50.341192],[19.224148,50.341058],[19.224173,50.340812],[19.224338,50.340464],[19.224369,50.340308],[19.224342,50.340081],[19.224195,50.339691]]}},{"type":"Feature","properties":{"mode":"bus","n":7,"arr":["606","637","638","640","716","814","M2"],"lines":"606, 637, 638, 640, 716, 814, M2"},"geometry":{"type":"LineString","coordinates":[[19.224195,50.339691],[19.224125,50.339177],[19.2242,50.336704],[19.224246,50.336447],[19.224326,50.336327]]}},{"type":"Feature","properties":{"mode":"bus","n":5,"arr":["637","640","807","814","904N"],"lines":"637, 640, 807, 814, 904N"},"geometry":{"type":"LineString","coordinates":[[19.195138,50.321416],[19.195161,50.321426]]}},{"type":"Feature","properties":{"mode":"bus","n":5,"arr":["637","638","716","814","M2"],"lines":"637, 638, 716, 814, M2"},"geometry":{"type":"LineString","coordinates":[[19.226735,50.335368],[19.226371,50.335487]]}},{"type":"Feature","properties":{"mode":"bus","n":5,"arr":["637","638","640","716","M2"],"lines":"637, 638, 640, 716, M2"},"geometry":{"type":"LineString","coordinates":[[19.224342,50.340081],[19.224498,50.340358],[19.224805,50.341069],[19.225068,50.341451]]}},{"type":"Feature","properties":{"mode":"bus","n":5,"arr":["672","674","900","910","672N"],"lines":"672, 674, 900, 910, 672N"},"geometry":{"type":"LineString","coordinates":[[19.038396,50.24618],[19.039942,50.245987],[19.040043,50.24596],[19.040076,50.245955],[19.040104,50.245961],[19.040127,50.245975],[19.040168,50.246012],[19.040184,50.246023],[19.040201,50.246027],[19.040217,50.246023],[19.040235,50.246013],[19.040357,50.245913],[19.040398,50.24578],[19.040097,50.244557],[19.040091,50.244382],[19.039944,50.243676]]}},{"type":"Feature","properties":{"mode":"bus","n":6,"arr":["672","674","900","M10","M13","M22"],"lines":"672, 674, 900, M10, M13, M22"},"geometry":{"type":"LineString","coordinates":[[19.036642,50.244519],[19.035997,50.244672],[19.033994,50.245062],[19.032489,50.245321]]}},{"type":"Feature","properties":{"mode":"bus","n":7,"arr":["672","674","900","M10","M13","M22","672N"],"lines":"672, 674, 900, M10, M13, M22, 672N"},"geometry":{"type":"LineString","coordinates":[[19.044929,50.242902],[19.040202,50.243842],[19.036642,50.244519]]}},{"type":"Feature","properties":{"mode":"bus","n":7,"arr":["672","673","689","695","972","973","672N"],"lines":"672, 673, 689, 695, 972, 973, 672N"},"geometry":{"type":"LineString","coordinates":[[19.045177,50.198538],[19.043289,50.198232],[19.043267,50.198226],[19.043252,50.198217],[19.043246,50.198204],[19.043249,50.198188],[19.04411,50.196082],[19.044124,50.196063],[19.044147,50.196054],[19.044179,50.196054],[19.045102,50.196176]]}},{"type":"Feature","properties":{"mode":"bus","n":5,"arr":["672","673","695","972","672N"],"lines":"672, 673, 695, 972, 672N"},"geometry":{"type":"LineString","coordinates":[[19.053444,50.197796],[19.053281,50.197642],[19.053004,50.197445],[19.052494,50.197166],[19.051951,50.196964],[19.051362,50.196823],[19.051023,50.196778],[19.050468,50.196747],[19.048802,50.196762],[19.048388,50.196757],[19.047974,50.196721],[19.047537,50.196652],[19.046046,50.196353]]}},{"type":"Feature","properties":{"mode":"bus","n":5,"arr":["673","674","900","920","672N"],"lines":"673, 674, 900, 920, 672N"},"geometry":{"type":"LineString","coordinates":[[19.047378,50.252294],[19.047719,50.252308],[19.048,50.252235],[19.048283,50.251825]]}},{"type":"Feature","properties":{"mode":"bus","n":5,"arr":["686","931","995","M22","M108"],"lines":"686, 931, 995, M22, M108"},"geometry":{"type":"LineString","coordinates":[[19.091452,50.088948],[19.091943,50.088931]]}},{"type":"Feature","properties":{"mode":"bus","n":5,"arr":["692","693","699","924","Z-6"],"lines":"692, 693, 699, 924, Z-6"},"geometry":{"type":"LineString","coordinates":[[18.610251,50.326199],[18.608407,50.325295],[18.607587,50.324945],[18.602189,50.322849],[18.601718,50.322692],[18.600491,50.322351],[18.599736,50.322078],[18.59934,50.321855],[18.597504,50.320651]]}},{"type":"Feature","properties":{"mode":"bus","n":5,"arr":["807","814","AP","M2","M23"],"lines":"807, 814, AP, M2, M23"},"geometry":{"type":"LineString","coordinates":[[19.093068,50.282538],[19.103592,50.286111],[19.105316,50.286672]]}},{"type":"Feature","properties":{"mode":"tram","n":6,"arr":["T2","T5","T6","T7","T9","T38"],"lines":"T2, T5, T6, T7, T9, T38"},"geometry":{"type":"LineString","coordinates":[[18.919417,50.344401],[18.918349,50.344766]]}},{"type":"Feature","properties":{"mode":"tram","n":6,"arr":["T2","T5","T6","T7","T9","T38"],"lines":"T2, T5, T6, T7, T9, T38"},"geometry":{"type":"LineString","coordinates":[[18.920194,50.346145],[18.920863,50.34568],[18.920917,50.345566],[18.920853,50.345427]]}},{"type":"Feature","properties":{"mode":"tram","n":5,"arr":["T2","T5","T7","T9","T38"],"lines":"T2, T5, T7, T9, T38"},"geometry":{"type":"LineString","coordinates":[[18.920853,50.345427],[18.920638,50.345219],[18.920043,50.344469]]}},{"type":"Feature","properties":{"mode":"tram","n":5,"arr":["T6","T9","T11","T15","T23"],"lines":"T6, T9, T11, T15, T23"},"geometry":{"type":"LineString","coordinates":[[18.969989,50.28616],[18.969124,50.286707],[18.969025,50.286811]]}},{"type":"Feature","properties":{"mode":"tram","n":6,"arr":["T7","T11","T15","T20","T36","T41"],"lines":"T7, T11, T15, T20, T36, T41"},"geometry":{"type":"LineString","coordinates":[[19.022398,50.259404],[19.02272,50.259383],[19.023859,50.259183],[19.033464,50.257444],[19.033942,50.25738],[19.034186,50.257376],[19.03443,50.257386],[19.036929,50.257649],[19.04498,50.258646],[19.045404,50.258646],[19.045863,50.258593],[19.046207,50.258516],[19.046988,50.258289],[19.047331,50.258222],[19.047811,50.258186],[19.048191,50.258202],[19.048617,50.25827],[19.049063,50.258404],[19.050161,50.258953],[19.050377,50.259034],[19.050842,50.25915],[19.051173,50.259192],[19.062419,50.259619],[19.062591,50.259655],[19.063187,50.259849],[19.063314,50.259915],[19.063387,50.260041],[19.063355,50.260583],[19.063453,50.260689],[19.063661,50.260748],[19.063809,50.260738],[19.063903,50.260705],[19.064835,50.260225]]}},{"type":"Feature","properties":{"mode":"tram","n":6,"arr":["T7","T11","T15","T20","T36","T41"],"lines":"T7, T11, T15, T20, T36, T41"},"geometry":{"type":"LineString","coordinates":[[19.022101,50.25939],[19.02258,50.259368],[19.022855,50.25933],[19.033447,50.257412],[19.033944,50.257347],[19.034189,50.257341],[19.034444,50.25735],[19.036934,50.257618],[19.044948,50.258615],[19.045398,50.258618],[19.045854,50.258566],[19.046188,50.258492],[19.046938,50.258272],[19.047378,50.258185],[19.047833,50.258153],[19.048258,50.258176],[19.048704,50.258257],[19.049124,50.258394],[19.04996,50.258821],[19.050398,50.259011],[19.050849,50.259123],[19.051178,50.259164],[19.062382,50.259586],[19.06255,50.259611],[19.063064,50.259754],[19.064617,50.259812]]}},{"type":"Feature","properties":{"mode":"tram","n":6,"arr":["T7","T11","T13","T15","T20","T23"],"lines":"T7, T11, T13, T15, T20, T23"},"geometry":{"type":"LineString","coordinates":[[19.014035,50.259977],[19.014198,50.259843],[19.014426,50.259786],[19.022111,50.259417]]}},{"type":"Feature","properties":{"mode":"tram","n":6,"arr":["T7","T11","T13","T15","T20","T23"],"lines":"T7, T11, T13, T15, T20, T23"},"geometry":{"type":"LineString","coordinates":[[19.007843,50.262494],[19.008258,50.262366],[19.008428,50.262271],[19.009014,50.261574],[19.009133,50.261496],[19.012161,50.260173],[19.012274,50.260057],[19.012296,50.259764],[19.012404,50.259603],[19.012611,50.259477],[19.012848,50.259399],[19.013068,50.259364],[19.013424,50.259371],[19.013662,50.259418],[19.013908,50.259536],[19.014035,50.25965],[19.014093,50.259816],[19.014035,50.259977],[19.013859,50.260123],[19.013626,50.260223],[19.013236,50.260288],[19.012949,50.260276],[19.012415,50.260176],[19.01218,50.260208],[19.009149,50.261524],[19.009028,50.261615],[19.008538,50.262218],[19.00834,50.262367],[19.008174,50.262426],[19.007512,50.26256]]}},{"type":"Feature","properties":{"mode":"tram","n":5,"arr":["T7","T11","T20","T36","T41"],"lines":"T7, T11, T20, T36, T41"},"geometry":{"type":"LineString","coordinates":[[19.064617,50.259812],[19.064835,50.259857],[19.064964,50.259967],[19.064973,50.260092],[19.064835,50.260225]]}},{"type":"Feature","properties":{"mode":"tram","n":5,"arr":["T11","T15","T20","T36","T41"],"lines":"T11, T15, T20, T36, T41"},"geometry":{"type":"LineString","coordinates":[[19.064835,50.260225],[19.065359,50.259957],[19.065655,50.259894],[19.068039,50.259971]]}},{"type":"Feature","properties":{"mode":"tram","n":5,"arr":["T11","T15","T20","T36","T41"],"lines":"T11, T15, T20, T36, T41"},"geometry":{"type":"LineString","coordinates":[[19.065292,50.259836],[19.064617,50.259812]]}},{"type":"Feature","properties":{"mode":"tram","n":5,"arr":["T15","T21","T24","T26","T27"],"lines":"T15, T21, T24, T26, T27"},"geometry":{"type":"LineString","coordinates":[[19.129062,50.279133],[19.129356,50.279268]]}},{"type":"Feature","properties":{"mode":"tram","n":5,"arr":["T15","T21","T24","T26","T27"],"lines":"T15, T21, T24, T26, T27"},"geometry":{"type":"LineString","coordinates":[[19.1236,50.27648],[19.125848,50.277622],[19.126536,50.277999]]}},{"type":"Feature","properties":{"mode":"tram","n":12,"arr":["S1/S5","S1/S6","S4","S5","S5/S1","S6","S6/S1","S6/S62","S7","S51","S70","S71"],"lines":"S1/S5, S1/S6, S4, S5, S5/S1, S6, S6/S1, S6/S62, S7, S51, S70, S71"},"geometry":{"type":"LineString","coordinates":[[19.012444,50.257804],[19.011572,50.25781],[19.010982,50.257857],[19.010002,50.257955],[19.009047,50.258094],[19.008179,50.258262],[19.004381,50.259109],[19.003021,50.259445]]}},{"type":"Feature","properties":{"mode":"tram","n":12,"arr":["S1/S5","S1/S6","S4","S5","S5/S1","S6","S6/S1","S6/S62","S7","S51","S70","S71"],"lines":"S1/S5, S1/S6, S4, S5, S5/S1, S6, S6/S1, S6/S62, S7, S51, S70, S71"},"geometry":{"type":"LineString","coordinates":[[18.97685,50.237915],[18.976371,50.237297],[18.975462,50.23622],[18.974244,50.234638],[18.973907,50.234139],[18.973682,50.233695],[18.973508,50.233181],[18.973429,50.232741],[18.973397,50.232044],[18.97366,50.231033],[18.97387,50.230575],[18.974119,50.230195],[18.974518,50.229764],[18.975095,50.229224],[18.976665,50.227983],[18.976951,50.227691],[18.977307,50.22717],[18.977567,50.226688],[18.977729,50.226252],[18.978317,50.224028]]}},{"type":"Feature","properties":{"mode":"tram","n":8,"arr":["S1/S5","S1/S6","S5","S6/S62","S7","S51","S70","S71"],"lines":"S1/S5, S1/S6, S5, S6/S62, S7, S51, S70, S71"},"geometry":{"type":"LineString","coordinates":[[19.003021,50.259445],[19.002369,50.259657],[19.001746,50.259683]]}},{"type":"Feature","properties":{"mode":"tram","n":8,"arr":["S1/S5","S1/S6","S5","S6/S62","S7","S51","S70","S71"],"lines":"S1/S5, S1/S6, S5, S6/S62, S7, S51, S70, S71"},"geometry":{"type":"LineString","coordinates":[[18.97685,50.237915],[18.977488,50.238845],[18.978416,50.240047],[18.979246,50.241056],[18.979615,50.24145],[18.980171,50.241943],[18.981324,50.242816],[18.982526,50.243683],[18.990692,50.249321],[18.99159,50.249899],[18.994331,50.251556],[18.99476,50.251861],[18.995103,50.252159],[18.995438,50.252525],[18.995682,50.252874],[18.995854,50.253199],[18.995998,50.253601],[18.996092,50.254253],[18.996105,50.25593],[18.996245,50.256472],[18.996448,50.256938],[18.996685,50.257314],[18.997085,50.257804],[18.997425,50.258122],[18.997737,50.258365],[18.998207,50.25867],[18.998808,50.258978],[18.999312,50.259181],[18.99989,50.259368],[19.000471,50.259508],[19.00109,50.259616],[19.001803,50.259687]]}},{"type":"Feature","properties":{"mode":"tram","n":8,"arr":["S1/S5","S1/S6","S5","S6/S62","S7","S51","S70","S71"],"lines":"S1/S5, S1/S6, S5, S6/S62, S7, S51, S70, S71"},"geometry":{"type":"LineString","coordinates":[[18.978171,50.217259],[18.97859,50.217762],[18.978972,50.218427],[18.979153,50.218957],[18.97922,50.219322],[18.979248,50.219746],[18.979215,50.220246],[18.979107,50.220798],[18.979032,50.221125],[18.978765,50.221809],[18.978606,50.222396],[18.978317,50.224028]]}},{"type":"Feature","properties":{"mode":"tram","n":16,"arr":["S1","S1/S5","S1/S6","S4","S5","S5/S1","S6","S6/S1","S6/S62","S7","S8","S9","S51","S70","S71","S82"],"lines":"S1, S1/S5, S1/S6, S4, S5, S5/S1, S6, S6/S1, S6/S62, S7, S8, S9, S51, S70, S71, S82"},"geometry":{"type":"LineString","coordinates":[[19.014936,50.257896],[19.013827,50.257939],[19.012693,50.257937],[19.012013,50.25798],[19.011997,50.25798],[19.011988,50.257981],[19.011985,50.25798],[19.011988,50.257979],[19.011997,50.257978],[19.012012,50.257976],[19.01397,50.257708],[19.013985,50.257706],[19.013994,50.257705],[19.013997,50.257704],[19.013994,50.257704],[19.013985,50.257704],[19.013969,50.257705],[19.012745,50.257801],[19.012444,50.257804]]}},{"type":"Feature","properties":{"mode":"tram","n":9,"arr":["S1","S4","S5","S7","S8","S9","S70","S71","S82"],"lines":"S1, S4, S5, S7, S8, S9, S70, S71, S82"},"geometry":{"type":"LineString","coordinates":[[19.017099,50.25777],[19.015771,50.257867],[19.014936,50.257896]]}},{"type":"Feature","properties":{"mode":"tram","n":12,"arr":["S1","S1/S5","S1/S6","S5","S5/S1","S6","S6/S1","S6/S62","S7","S51","S70","S71"],"lines":"S1, S1/S5, S1/S6, S5, S5/S1, S6, S6/S1, S6/S62, S7, S51, S70, S71"},"geometry":{"type":"LineString","coordinates":[[19.017202,50.257806],[19.015663,50.257915],[19.014395,50.257956],[19.01438,50.257957],[19.01437,50.257957],[19.014367,50.257956],[19.01437,50.257955],[19.014379,50.257954],[19.014394,50.257952],[19.014936,50.257896]]}},{"type":"Feature","properties":{"mode":"tram","n":5,"arr":["S1","S5/S1","S6","S6/S1","S51"],"lines":"S1, S5/S1, S6, S6/S1, S51"},"geometry":{"type":"LineString","coordinates":[[19.017786,50.257801],[19.017202,50.257806]]}},{"type":"Feature","properties":{"mode":"tram","n":6,"arr":["S1","S3","S5/S1","S6","S6/S1","S51"],"lines":"S1, S3, S5/S1, S6, S6/S1, S51"},"geometry":{"type":"LineString","coordinates":[[19.022993,50.256989],[19.02129,50.25725],[19.019572,50.257633],[19.019154,50.257691],[19.017786,50.257801]]}},{"type":"Feature","properties":{"mode":"tram","n":9,"arr":["S1","S1/S5","S1/S6","S3","S5/S1","S6","S6/S1","S31","S51"],"lines":"S1, S1/S5, S1/S6, S3, S5/S1, S6, S6/S1, S31, S51"},"geometry":{"type":"LineString","coordinates":[[19.054837,50.257495],[19.053619,50.257466],[19.052852,50.257493],[19.051044,50.257572],[19.050309,50.257649],[19.048914,50.257719],[19.047426,50.257696],[19.040248,50.257044],[19.033892,50.256633],[19.033251,50.256554],[19.032725,50.256531],[19.029354,50.2565],[19.022993,50.256989]]}},{"type":"Feature","properties":{"mode":"tram","n":9,"arr":["S1","S1/S5","S1/S6","S3","S5/S1","S6","S6/S1","S31","S51"],"lines":"S1, S1/S5, S1/S6, S3, S5/S1, S6, S6/S1, S31, S51"},"geometry":{"type":"LineString","coordinates":[[19.052852,50.257493],[19.052247,50.257481],[19.052232,50.257481],[19.052222,50.25748],[19.052219,50.25748],[19.052222,50.257479],[19.052231,50.257478],[19.052247,50.257477],[19.052595,50.257461],[19.053342,50.257387],[19.054499,50.257324],[19.055034,50.257258],[19.063497,50.25658],[19.064019,50.256571],[19.065789,50.256454]]}},{"type":"Feature","properties":{"mode":"tram","n":7,"arr":["S1","S1/S5","S1/S6","S5/S1","S6/S1","S34","S51"],"lines":"S1, S1/S5, S1/S6, S5/S1, S6/S1, S34, S51"},"geometry":{"type":"LineString","coordinates":[[19.263958,50.365545],[19.27038,50.373636],[19.272094,50.375984],[19.27534,50.380058],[19.276272,50.381123],[19.277051,50.381899],[19.277645,50.382429],[19.278565,50.383177],[19.279172,50.383618],[19.280155,50.384258],[19.28084,50.384654],[19.282328,50.385397],[19.283982,50.386085],[19.285704,50.386679],[19.287497,50.387181],[19.289354,50.38759],[19.290299,50.387756],[19.29183,50.387978],[19.314497,50.390848],[19.315253,50.390975],[19.316016,50.391132],[19.317139,50.391417],[19.318233,50.391762],[19.31959,50.392297],[19.320523,50.392746],[19.321114,50.393074],[19.321669,50.393418],[19.322478,50.393998],[19.323166,50.394583],[19.339157,50.41009],[19.340335,50.411183],[19.341309,50.411926],[19.342411,50.412612],[19.34358,50.413204],[19.344871,50.413728],[19.345833,50.414043],[19.346993,50.414352],[19.348087,50.41458],[19.349324,50.414768],[19.371488,50.416904],[19.372539,50.417027],[19.373274,50.41714],[19.374384,50.417355],[19.375449,50.417617],[19.376156,50.417823],[19.377122,50.418162],[19.37779,50.418433],[19.37872,50.418868],[19.379306,50.419186],[19.380139,50.419702],[19.380891,50.420244],[19.381874,50.421062],[19.397047,50.434684],[19.399802,50.437118],[19.403691,50.440707],[19.406201,50.442904],[19.42207,50.457144],[19.422802,50.457847],[19.42331,50.458426],[19.423941,50.45932],[19.424202,50.459783],[19.424431,50.460271],[19.424616,50.460758],[19.424783,50.461346],[19.424885,50.4619],[19.424933,50.462409],[19.424939,50.462922],[19.424892,50.463618],[19.424021,50.472771]]}},{"type":"Feature","properties":{"mode":"tram","n":8,"arr":["S1","S1/S5","S1/S6","S5/S1","S6/S1","S9","S34","S51"],"lines":"S1, S1/S5, S1/S6, S5/S1, S6/S1, S9, S34, S51"},"geometry":{"type":"LineString","coordinates":[[19.424021,50.472771],[19.422877,50.484733],[19.422617,50.48669],[19.422265,50.49111],[19.422191,50.491541],[19.42209,50.4919],[19.421935,50.492292],[19.42168,50.492766],[19.42139,50.493181],[19.421079,50.493544],[19.420733,50.493888],[19.420338,50.494221],[19.418255,50.495726],[19.417429,50.496352],[19.392396,50.516033],[19.391366,50.516903],[19.390363,50.517845],[19.389488,50.518797],[19.388857,50.519574],[19.388316,50.520332],[19.387822,50.521113],[19.387419,50.521841],[19.387029,50.522634],[19.377101,50.544017],[19.370167,50.55886],[19.369812,50.55954],[19.369409,50.560178],[19.36894,50.560788],[19.368591,50.561181],[19.368018,50.561748],[19.367377,50.56229],[19.366687,50.562795],[19.365922,50.563279],[19.36512,50.563719],[19.364272,50.56412],[19.363704,50.564358],[19.362735,50.564712],[19.361328,50.565149],[19.359736,50.565604],[19.326687,50.575004]]}},{"type":"Feature","properties":{"mode":"tram","n":8,"arr":["S1","S1/S5","S1/S6","S5/S1","S6/S1","S9","S34","S51"],"lines":"S1, S1/S5, S1/S6, S5/S1, S6/S1, S9, S34, S51"},"geometry":{"type":"LineString","coordinates":[[19.205138,50.687359],[19.204508,50.687935],[19.198221,50.692707],[19.19369,50.696107],[19.191735,50.69761],[19.190175,50.698938],[19.188752,50.700327],[19.188078,50.70112],[19.186923,50.702595],[19.186165,50.703744],[19.185112,50.7057],[19.184824,50.706355],[19.184574,50.707032],[19.184017,50.708917],[19.179966,50.725137],[19.169328,50.767232],[19.168954,50.768389],[19.168336,50.769858],[19.167775,50.770887],[19.166809,50.772361],[19.160166,50.781823],[19.159795,50.782451],[19.158188,50.784744],[19.157332,50.785848],[19.156762,50.786469],[19.156086,50.787125],[19.155726,50.787437],[19.15508,50.787923],[19.150706,50.790628],[19.149797,50.791114],[19.148892,50.791512],[19.148431,50.791684],[19.147628,50.791944],[19.145134,50.79267],[19.143815,50.793031],[19.140176,50.793933],[19.135473,50.794976],[19.131874,50.795816],[19.128788,50.796493],[19.128001,50.796698],[19.126167,50.79729],[19.125515,50.797543],[19.124911,50.797834],[19.124506,50.798065],[19.12385,50.798522],[19.123562,50.798758],[19.123088,50.79923],[19.121858,50.800629],[19.121667,50.80089],[19.121463,50.801254],[19.121242,50.80187],[19.121178,50.802232],[19.121159,50.80263],[19.12137,50.808417]]}},{"type":"Feature","properties":{"mode":"tram","n":8,"arr":["S1","S1/S5","S1/S6","S5/S1","S6/S1","S9","S34","S51"],"lines":"S1, S1/S5, S1/S6, S5/S1, S6/S1, S9, S34, S51"},"geometry":{"type":"LineString","coordinates":[[19.214796,50.680158],[19.214146,50.680645],[19.213373,50.681117]]}},{"type":"Feature","properties":{"mode":"tram","n":6,"arr":["S1","S5/S1","S6/S1","S9","S34","S51"],"lines":"S1, S5/S1, S6/S1, S9, S34, S51"},"geometry":{"type":"LineString","coordinates":[[19.326687,50.575004],[19.323149,50.576022],[19.321593,50.576532],[19.320411,50.576961],[19.318839,50.577587],[19.31739,50.578228],[19.316317,50.578746],[19.315268,50.579295],[19.313578,50.580259],[19.297096,50.59016],[19.296178,50.590761],[19.294992,50.591612],[19.2939,50.592475],[19.29314,50.593139],[19.292405,50.59387],[19.291561,50.594849],[19.28893,50.598135],[19.288043,50.599364],[19.281092,50.610335],[19.260146,50.643565],[19.259442,50.644615],[19.258689,50.645635],[19.25789,50.646629],[19.257293,50.64731],[19.256116,50.648535],[19.254474,50.650078],[19.253846,50.650619],[19.252747,50.651498],[19.224523,50.672864],[19.222582,50.674348],[19.219996,50.676407],[19.218794,50.67731],[19.216924,50.678638],[19.215461,50.679725],[19.214796,50.680158]]}},{"type":"Feature","properties":{"mode":"tram","n":6,"arr":["S1","S5/S1","S6/S1","S9","S34","S51"],"lines":"S1, S5/S1, S6/S1, S9, S34, S51"},"geometry":{"type":"LineString","coordinates":[[19.213373,50.681117],[19.205138,50.687359]]}},{"type":"Feature","properties":{"mode":"tram","n":6,"arr":["S1","S1/S5","S1/S6","S9","S34","S51"],"lines":"S1, S1/S5, S1/S6, S9, S34, S51"},"geometry":{"type":"LineString","coordinates":[[19.326687,50.575004],[19.325728,50.575225],[19.323501,50.575868],[19.322387,50.576218],[19.320763,50.576785],[19.319586,50.577237],[19.318097,50.577862],[19.316634,50.578544],[19.315232,50.579264],[19.313536,50.580235],[19.296765,50.590313],[19.295825,50.590947],[19.29465,50.591814],[19.293585,50.592675],[19.293086,50.593116],[19.292431,50.593758],[19.291702,50.594585],[19.288873,50.598114],[19.287987,50.599351],[19.277871,50.615344],[19.2601,50.643541],[19.259393,50.644598],[19.258837,50.645359],[19.25804,50.646372],[19.257412,50.647105],[19.256537,50.648045],[19.255341,50.649208],[19.254045,50.650376],[19.252951,50.651273],[19.214796,50.680158]]}},{"type":"Feature","properties":{"mode":"tram","n":6,"arr":["S1","S1/S5","S1/S6","S9","S34","S51"],"lines":"S1, S1/S5, S1/S6, S9, S34, S51"},"geometry":{"type":"LineString","coordinates":[[19.213373,50.681117],[19.212973,50.681359],[19.21267,50.681577],[19.205655,50.686882],[19.205138,50.687359]]}},{"type":"Feature","properties":{"mode":"tram","n":7,"arr":["S1","S7/S17","S17","S17/S7","S18","S75","S76"],"lines":"S1, S7/S17, S17, S17/S7, S18, S75, S76"},"geometry":{"type":"LineString","coordinates":[[18.680175,50.299635],[18.676897,50.300962]]}},{"type":"Feature","properties":{"mode":"tram","n":7,"arr":["S1","S1/S5","S1/S6","S3","S6","S31","S51"],"lines":"S1, S1/S5, S1/S6, S3, S6, S31, S51"},"geometry":{"type":"LineString","coordinates":[[19.018753,50.25749],[19.020599,50.257264],[19.021832,50.257086],[19.022993,50.256989]]}},{"type":"Feature","properties":{"mode":"tram","n":7,"arr":["S1","S1/S5","S1/S6","S3","S6","S31","S51"],"lines":"S1, S1/S5, S1/S6, S3, S6, S31, S51"},"geometry":{"type":"LineString","coordinates":[[19.02133,50.257154],[19.019441,50.257564],[19.018284,50.257675]]}},{"type":"Feature","properties":{"mode":"tram","n":6,"arr":["S1/S5","S3","S5/S1","S6","S31","S51"],"lines":"S1/S5, S3, S5/S1, S6, S31, S51"},"geometry":{"type":"LineString","coordinates":[[19.142576,50.236248],[19.140156,50.239691],[19.13996,50.239925],[19.139544,50.240302],[19.137912,50.241444],[19.135828,50.24261],[19.134775,50.243113],[19.134139,50.243448],[19.133496,50.243833],[19.132522,50.244504],[19.131528,50.245333],[19.13105,50.245778],[19.130406,50.246499],[19.129927,50.246978],[19.126095,50.250068],[19.122368,50.252804],[19.118819,50.255289],[19.117166,50.256343],[19.116544,50.256719],[19.116025,50.256997],[19.115165,50.257412],[19.114614,50.25764],[19.111495,50.25876],[19.110427,50.25909],[19.109426,50.259334],[19.108649,50.25948],[19.107836,50.259597],[19.106952,50.25969],[19.103955,50.259946],[19.102677,50.259976],[19.101411,50.259945],[19.09998,50.259837],[19.09917,50.25974],[19.096594,50.259388],[19.094271,50.259018],[19.088642,50.258286],[19.086684,50.258109],[19.081811,50.257567],[19.076638,50.256893],[19.074225,50.256616],[19.072196,50.256454],[19.070926,50.256393],[19.069647,50.256363],[19.067915,50.256366],[19.065789,50.256454]]}},{"type":"Feature","properties":{"mode":"tram","n":5,"arr":["S1/S5","S1/S6","S6","S31","S51"],"lines":"S1/S5, S1/S6, S6, S31, S51"},"geometry":{"type":"LineString","coordinates":[[19.018284,50.257675],[19.017746,50.257761]]}},{"type":"Feature","properties":{"mode":"tram","n":5,"arr":["S1/S5","S1/S6","S7","S51","S70"],"lines":"S1/S5, S1/S6, S7, S51, S70"},"geometry":{"type":"LineString","coordinates":[[18.975093,50.215452],[18.976231,50.215941],[18.976941,50.216307],[18.977616,50.216761],[18.978171,50.217259]]}},{"type":"Feature","properties":{"mode":"tram","n":9,"arr":["S4","S5","S5/S1","S6","S6/S1","S7","S51","S70","S71"],"lines":"S4, S5, S5/S1, S6, S6/S1, S7, S51, S70, S71"},"geometry":{"type":"LineString","coordinates":[[19.002702,50.259631],[19.001833,50.25961],[19.001144,50.259539],[19.000402,50.259404],[18.999739,50.259227],[18.999104,50.258998],[18.998611,50.258773],[18.998063,50.258461],[18.997529,50.258071],[18.997251,50.25782],[18.996879,50.2574],[18.996519,50.256857],[18.996379,50.256537],[18.996221,50.256051],[18.996186,50.255842],[18.996168,50.254118],[18.99609,50.253587],[18.995983,50.253254],[18.995791,50.252864],[18.995493,50.252438],[18.995181,50.252101],[18.994744,50.251734],[18.994361,50.251472],[18.991141,50.249569],[18.990275,50.248984],[18.982559,50.243666],[18.980198,50.241914],[18.979724,50.241495],[18.979297,50.241034],[18.978514,50.240068],[18.97685,50.237915]]}},{"type":"Feature","properties":{"mode":"tram","n":9,"arr":["S4","S5","S5/S1","S6","S6/S1","S7","S51","S70","S71"],"lines":"S4, S5, S5/S1, S6, S6/S1, S7, S51, S70, S71"},"geometry":{"type":"LineString","coordinates":[[19.003021,50.259445],[19.002659,50.259631]]}},{"type":"Feature","properties":{"mode":"tram","n":6,"arr":["S1/S5","S1/S6","S7","S51","S70","S71"],"lines":"S1/S5, S1/S6, S7, S51, S70, S71"},"geometry":{"type":"LineString","coordinates":[[18.973808,50.214911],[18.975093,50.215452]]}},{"type":"Feature","properties":{"mode":"tram","n":5,"arr":["S1/S5","S7","S51","S70","S71"],"lines":"S1/S5, S7, S51, S70, S71"},"geometry":{"type":"LineString","coordinates":[[18.973808,50.214911],[18.96918,50.212983],[18.967738,50.212336]]}},{"type":"Feature","properties":{"mode":"tram","n":7,"arr":["S4","S5","S5/S1","S6","S6/S1","S6/S62","S51"],"lines":"S4, S5, S5/S1, S6, S6/S1, S6/S62, S51"},"geometry":{"type":"LineString","coordinates":[[18.972397,50.214171],[18.9686,50.212599],[18.967909,50.21229],[18.966976,50.211812]]}},{"type":"Feature","properties":{"mode":"tram","n":7,"arr":["S4","S5","S5/S1","S6","S6/S1","S6/S62","S51"],"lines":"S4, S5, S5/S1, S6, S6/S1, S6/S62, S51"},"geometry":{"type":"LineString","coordinates":[[18.978062,50.21695],[18.97744,50.216518],[18.976843,50.21622],[18.972325,50.214368]]}},{"type":"Feature","properties":{"mode":"tram","n":9,"arr":["S1/S5","S1/S6","S4","S5","S5/S1","S6","S6/S1","S6/S62","S51"],"lines":"S1/S5, S1/S6, S4, S5, S5/S1, S6, S6/S1, S6/S62, S51"},"geometry":{"type":"LineString","coordinates":[[18.966976,50.211812],[18.966092,50.211265],[18.965319,50.210707],[18.963137,50.208933],[18.962374,50.20825],[18.961759,50.207587],[18.961231,50.206871],[18.960818,50.206163],[18.960652,50.205817]]}},{"type":"Feature","properties":{"mode":"tram","n":9,"arr":["S1/S5","S1/S6","S4","S5","S5/S1","S6","S6/S1","S6/S62","S51"],"lines":"S1/S5, S1/S6, S4, S5, S5/S1, S6, S6/S1, S6/S62, S51"},"geometry":{"type":"LineString","coordinates":[[18.960496,50.205442],[18.96025,50.204624],[18.960174,50.204194],[18.960107,50.203454],[18.960103,50.202453],[18.960149,50.199941],[18.960319,50.180343],[18.96041,50.179298],[18.960577,50.178582],[18.960829,50.177893],[18.961054,50.177421],[18.961535,50.176618],[18.962219,50.175772],[18.962979,50.175021],[18.963815,50.174348],[18.964654,50.173787],[18.96802,50.171849],[18.969191,50.171114],[18.970155,50.170356],[18.970897,50.169636],[18.971574,50.168801],[18.97185,50.168379],[18.972132,50.167889],[18.972351,50.167402],[18.972526,50.166933],[18.972663,50.166438],[18.972734,50.166111],[18.972812,50.165292],[18.972782,50.164524],[18.972726,50.164143],[18.972563,50.163463],[18.972262,50.162683],[18.970779,50.15958],[18.969468,50.15666],[18.966207,50.149875],[18.965958,50.149223],[18.965816,50.148719],[18.965716,50.148234],[18.965328,50.145373],[18.9644,50.13825],[18.964222,50.136658],[18.963484,50.131122]]}},{"type":"Feature","properties":{"mode":"tram","n":8,"arr":["S1/S5","S4","S5","S5/S1","S6","S6/S1","S6/S62","S51"],"lines":"S1/S5, S4, S5, S5/S1, S6, S6/S1, S6/S62, S51"},"geometry":{"type":"LineString","coordinates":[[18.960652,50.205817],[18.960496,50.205442]]}},{"type":"Feature","properties":{"mode":"tram","n":8,"arr":["S1/S5","S1/S6","S5","S5/S1","S6","S6/S1","S6/S62","S51"],"lines":"S1/S5, S1/S6, S5, S5/S1, S6, S6/S1, S6/S62, S51"},"geometry":{"type":"LineString","coordinates":[[18.963484,50.131122],[18.962719,50.125292],[18.962575,50.124684],[18.96233,50.123947],[18.962012,50.123249],[18.961631,50.122591],[18.937485,50.087002],[18.936878,50.086192],[18.936221,50.085379],[18.927102,50.074678],[18.926063,50.073299],[18.925242,50.071969],[18.924652,50.070786],[18.924226,50.069718],[18.923891,50.068629],[18.923625,50.067369],[18.923438,50.06571],[18.922761,50.05673],[18.922723,50.055153],[18.922835,50.053786],[18.923116,50.052335],[18.923526,50.050995],[18.934143,50.023994],[18.934962,50.021985],[18.935411,50.021044],[18.93595,50.020032],[18.952319,49.990386],[18.952893,49.989287],[18.953265,49.988452],[18.953594,49.987568],[18.953878,49.986594],[18.954088,49.985603],[18.954208,49.984719],[18.954268,49.983721],[18.954252,49.982759],[18.954019,49.980493]]}},{"type":"Feature","properties":{"mode":"tram","n":10,"arr":["S1/S5","S1/S6","S5","S5/S1","S6","S6/S1","S6/S62","S51","S72","S72/S5"],"lines":"S1/S5, S1/S6, S5, S5/S1, S6, S6/S1, S6/S62, S51, S72, S72/S5"},"geometry":{"type":"LineString","coordinates":[[18.954019,49.980493],[18.952421,49.966748],[18.952396,49.965925],[18.952224,49.9642],[18.952202,49.963334],[18.952243,49.962439],[18.952371,49.961393],[18.952572,49.960412],[18.952797,49.959603],[18.953119,49.958683],[18.95351,49.957774],[18.953899,49.957006],[18.954412,49.956127],[18.955184,49.954998],[18.956154,49.953801],[18.957245,49.952655],[18.958531,49.951484],[18.975795,49.936492],[18.977182,49.935319],[18.977889,49.93478],[18.978646,49.934254],[18.983701,49.931097],[18.984376,49.930635],[18.984957,49.930177],[18.985527,49.929651],[18.985947,49.929195],[18.986742,49.928215],[18.987128,49.927615]]}},{"type":"Feature","properties":{"mode":"tram","n":9,"arr":["S1/S5","S1/S6","S5","S5/S1","S6","S6/S62","S51","S72","S72/S5"],"lines":"S1/S5, S1/S6, S5, S5/S1, S6, S6/S62, S51, S72, S72/S5"},"geometry":{"type":"LineString","coordinates":[[18.987128,49.927615],[18.987183,49.927514]]}},{"type":"Feature","properties":{"mode":"tram","n":7,"arr":["S1/S5","S5","S5/S1","S6","S51","S72","S72/S5"],"lines":"S1/S5, S5, S5/S1, S6, S51, S72, S72/S5"},"geometry":{"type":"LineString","coordinates":[[18.987183,49.927514],[18.987436,49.926944],[18.987614,49.926328],[18.987691,49.925831],[18.987806,49.924465],[18.987934,49.923826],[18.988183,49.923212],[18.988602,49.922569],[18.989007,49.922117],[18.989441,49.921722],[18.994426,49.917678],[18.99495,49.917153],[18.995866,49.916062],[18.996365,49.915617],[18.99689,49.915295],[18.997487,49.915038],[18.998257,49.914828],[18.998937,49.914732],[18.99953,49.914707],[19.000082,49.914725],[19.001147,49.914822],[19.002265,49.91487],[19.003087,49.914949],[19.004254,49.914988]]}},{"type":"Feature","properties":{"mode":"tram","n":8,"arr":["S1/S5","S5","S5/S1","S6","S51","S72","S72/S5","S75"],"lines":"S1/S5, S5, S5/S1, S6, S51, S72, S72/S5, S75"},"geometry":{"type":"LineString","coordinates":[[19.004959,49.915058],[19.015152,49.916208],[19.018339,49.916633],[19.020704,49.916912]]}},{"type":"Feature","properties":{"mode":"tram","n":9,"arr":["S1/S5","S5","S5/S1","S6","S51","S61","S72","S72/S5","S75"],"lines":"S1/S5, S5, S5/S1, S6, S51, S61, S72, S72/S5, S75"},"geometry":{"type":"LineString","coordinates":[[19.004254,49.914988],[19.004959,49.915058]]}},{"type":"Feature","properties":{"mode":"tram","n":7,"arr":["S1/S5","S5","S5/S1","S51","S72","S72/S5","S75"],"lines":"S1/S5, S5, S5/S1, S51, S72, S72/S5, S75"},"geometry":{"type":"LineString","coordinates":[[19.020704,49.916912],[19.022321,49.916975],[19.023159,49.916955],[19.024008,49.916832],[19.024541,49.916699],[19.024933,49.916569],[19.025427,49.916361],[19.025773,49.916179],[19.026155,49.915931],[19.026461,49.915685],[19.026725,49.915424],[19.026973,49.915107],[19.027181,49.914743],[19.027292,49.914452],[19.027383,49.913874],[19.027333,49.913398],[19.027115,49.912805],[19.026799,49.912277],[19.02646,49.911844],[19.026148,49.911515],[19.023659,49.909238],[19.023201,49.90879],[19.022781,49.908233],[19.022624,49.907928],[19.022515,49.907631],[19.022398,49.906949],[19.022248,49.904697],[19.02202,49.902347],[19.021562,49.895544],[19.021547,49.894998],[19.021598,49.894545],[19.021775,49.893977],[19.022045,49.893471],[19.030136,49.881398],[19.030693,49.880508],[19.030899,49.880115],[19.031088,49.879633],[19.031305,49.878924],[19.03866,49.850085],[19.038857,49.849467],[19.040165,49.845862],[19.040563,49.844093],[19.040784,49.843325],[19.041889,49.840318],[19.042245,49.839541],[19.042992,49.838148],[19.043215,49.837665],[19.044295,49.834774],[19.044564,49.8342],[19.044936,49.833189],[19.045466,49.831438],[19.045688,49.829846]]}},{"type":"Feature","properties":{"mode":"tram","n":6,"arr":["S1/S5","S5","S5/S1","S51","S72/S5","S75"],"lines":"S1/S5, S5, S5/S1, S51, S72/S5, S75"},"geometry":{"type":"LineString","coordinates":[[19.045688,49.829846],[19.046051,49.827018],[19.046051,49.826202],[19.045947,49.825811],[19.045479,49.824973],[19.045236,49.824343],[19.045073,49.823807],[19.044978,49.823163],[19.045017,49.822522],[19.045146,49.82209],[19.045327,49.821709],[19.045705,49.821173],[19.048681,49.817426],[19.04903,49.8169],[19.049334,49.816285],[19.049442,49.815989],[19.049578,49.815417],[19.049618,49.815014],[19.049451,49.808438],[19.049466,49.807923],[19.04951,49.807602],[19.049702,49.806979],[19.050039,49.806359],[19.050276,49.806043],[19.050787,49.805518],[19.063324,49.794849],[19.069128,49.789126],[19.069837,49.788329],[19.07739,49.778871],[19.077729,49.778485],[19.078151,49.778068],[19.07894,49.777428],[19.079414,49.777103],[19.083743,49.774577],[19.084513,49.774014],[19.085128,49.773451],[19.085499,49.773051],[19.086092,49.772245],[19.086498,49.771481],[19.086726,49.770849],[19.086851,49.770347],[19.086906,49.769895],[19.086888,49.769003],[19.086411,49.764803],[19.0864,49.764486],[19.086464,49.763852],[19.086721,49.7627],[19.087006,49.76195],[19.087447,49.761097],[19.08964,49.758195],[19.089993,49.757767],[19.090527,49.757223],[19.091958,49.755923],[19.092979,49.755086],[19.100653,49.748483],[19.101734,49.747596],[19.102336,49.747156],[19.103605,49.746292],[19.108738,49.742924],[19.109353,49.74256],[19.110665,49.741891],[19.111355,49.741592],[19.11209,49.741307],[19.114569,49.74038],[19.11528,49.740097],[19.115991,49.73978],[19.134505,49.730144],[19.135571,49.729494],[19.136063,49.729135],[19.144852,49.72238],[19.145781,49.721722],[19.146554,49.721253],[19.147705,49.7207],[19.148283,49.72046],[19.149066,49.720189],[19.150235,49.719862],[19.153366,49.71918],[19.154573,49.718817],[19.155236,49.718564],[19.155817,49.718308],[19.15635,49.718037],[19.166832,49.711944],[19.168311,49.711118],[19.168823,49.710882],[19.169941,49.710479],[19.170501,49.710315],[19.173918,49.709493],[19.174826,49.709202],[19.175335,49.708999],[19.176255,49.708549],[19.17707,49.708013],[19.177423,49.707726],[19.178062,49.707074],[19.178319,49.706743],[19.178728,49.70604],[19.178973,49.705307],[19.179343,49.702739],[19.179479,49.702239],[19.179654,49.701758],[19.186755,49.685195],[19.18727,49.683986],[19.187388,49.683637],[19.187451,49.683277],[19.187447,49.682974],[19.187393,49.682684],[19.187277,49.682356],[19.185508,49.67911]]}},{"type":"Feature","properties":{"mode":"tram","n":6,"arr":["S1/S6","S6","S6/S1","S6/S62","S61","S75"],"lines":"S1/S6, S6, S6/S1, S6/S62, S61, S75"},"geometry":{"type":"LineString","coordinates":[[18.958372,49.909829],[18.960034,49.910019]]}},{"type":"Feature","properties":{"mode":"tram","n":6,"arr":["S1/S6","S6","S6/S1","S6/S62","S61","S75"],"lines":"S1/S6, S6, S6/S1, S6/S62, S61, S75"},"geometry":{"type":"LineString","coordinates":[[18.907429,49.904022],[18.934696,49.907124]]}},{"type":"Feature","properties":{"mode":"tram","n":5,"arr":["S1/S6","S6","S6/S62","S61","S75"],"lines":"S1/S6, S6, S6/S62, S61, S75"},"geometry":{"type":"LineString","coordinates":[[18.934696,49.907124],[18.936699,49.907401],[18.94164,49.907966]]}},{"type":"Feature","properties":{"mode":"tram","n":8,"arr":["S1/S6","S6","S6/S1","S6/S62","S61","S75","S76","S77"],"lines":"S1/S6, S6, S6/S1, S6/S62, S61, S75, S76, S77"},"geometry":{"type":"LineString","coordinates":[[18.819022,49.893873],[18.907429,49.904022]]}},{"type":"Feature","properties":{"mode":"tram","n":7,"arr":["S1/S6","S6","S6/S1","S6/S62","S61","S76","S77"],"lines":"S1/S6, S6, S6/S1, S6/S62, S61, S76, S77"},"geometry":{"type":"LineString","coordinates":[[18.819022,49.893873],[18.818466,49.893809]]}},{"type":"Feature","properties":{"mode":"tram","n":7,"arr":["S1/S6","S6","S6/S1","S6/S62","S61","S76","S77"],"lines":"S1/S6, S6, S6/S1, S6/S62, S61, S76, S77"},"geometry":{"type":"LineString","coordinates":[[18.822682,49.88857],[18.819669,49.886886],[18.816491,49.885031],[18.816027,49.884707],[18.815533,49.884276],[18.81514,49.88383],[18.814871,49.883429],[18.814701,49.883095],[18.814552,49.882683],[18.814294,49.881437],[18.814188,49.880683],[18.813834,49.876883],[18.813718,49.876241],[18.813191,49.874055],[18.813044,49.873587],[18.81286,49.87319],[18.811633,49.871342],[18.811343,49.870764],[18.811181,49.870145],[18.810574,49.866909],[18.81053,49.8664],[18.810554,49.866012],[18.810652,49.865563],[18.810807,49.865128],[18.819457,49.844467],[18.819705,49.843759],[18.819786,49.84324],[18.819781,49.842804],[18.819726,49.842451],[18.819639,49.842133],[18.819467,49.841721],[18.819153,49.841194],[18.817278,49.838587],[18.816912,49.838005],[18.816673,49.837455],[18.815722,49.834455],[18.815545,49.833999],[18.815312,49.833557],[18.813466,49.830533]]}},{"type":"Feature","properties":{"mode":"tram","n":5,"arr":["S1/S6","S6","S6/S1","S6/S62","S61"],"lines":"S1/S6, S6, S6/S1, S6/S62, S61"},"geometry":{"type":"LineString","coordinates":[[18.818466,49.893809],[18.811595,49.893015]]}},{"type":"Feature","properties":{"mode":"tram","n":8,"arr":["S1/S6","S6","S6/S1","S6/S62","S61","S62","S76","S77"],"lines":"S1/S6, S6, S6/S1, S6/S62, S61, S62, S76, S77"},"geometry":{"type":"LineString","coordinates":[[18.813466,49.830533],[18.810016,49.825111],[18.809655,49.824473],[18.809382,49.82386],[18.801225,49.798951],[18.801037,49.798465],[18.800813,49.798109],[18.800495,49.797759],[18.800027,49.797397],[18.799482,49.797099],[18.798935,49.796887],[18.798366,49.796729],[18.797727,49.796587],[18.79359,49.795808],[18.792923,49.795608],[18.792293,49.795321],[18.791901,49.795076],[18.791461,49.794734],[18.790789,49.794078],[18.789622,49.793028],[18.787653,49.791264],[18.786925,49.790667],[18.786441,49.790206],[18.786159,49.789896],[18.785861,49.789489],[18.78568,49.789171],[18.785507,49.788767],[18.785407,49.788425],[18.783181,49.777258],[18.783029,49.776649],[18.782856,49.776237],[18.782562,49.775752],[18.782081,49.775178],[18.775712,49.768399],[18.775499,49.768107],[18.775339,49.767818],[18.774642,49.766088],[18.774275,49.765579],[18.774039,49.765352],[18.773684,49.765088],[18.773127,49.764784],[18.772768,49.764631],[18.771986,49.764413],[18.771417,49.764313],[18.76921,49.763999],[18.768341,49.763832],[18.767574,49.763563],[18.767229,49.76339],[18.766591,49.762962],[18.762054,49.759511],[18.761725,49.759244],[18.761467,49.758983],[18.761236,49.758712],[18.760856,49.758115],[18.758909,49.754596],[18.758697,49.754309],[18.758165,49.753781],[18.757849,49.753542],[18.755544,49.752107],[18.754901,49.751609],[18.754325,49.750987],[18.75305,49.749444],[18.752633,49.749022],[18.752313,49.748769],[18.7518,49.748423],[18.748154,49.746307]]}},{"type":"Feature","properties":{"mode":"tram","n":5,"arr":["S1/S6","S6","S6/S1","S76","S77"],"lines":"S1/S6, S6, S6/S1, S76, S77"},"geometry":{"type":"LineString","coordinates":[[18.748154,49.746307],[18.747333,49.745724]]}},{"type":"Feature","properties":{"mode":"tram","n":7,"arr":["S1/S6","S6","S6/S1","S62","S62/S6","S76","S77"],"lines":"S1/S6, S6, S6/S1, S62, S62/S6, S76, S77"},"geometry":{"type":"LineString","coordinates":[[18.747333,49.745724],[18.746562,49.745248],[18.746329,49.745061],[18.746059,49.744774],[18.745886,49.744536],[18.74567,49.744031],[18.745622,49.743772],[18.74562,49.743507],[18.745658,49.743251],[18.745799,49.742865],[18.746016,49.742514],[18.746218,49.742281],[18.74672,49.741874],[18.747023,49.741694],[18.747676,49.741419],[18.74805,49.741309],[18.748589,49.741189],[18.758818,49.739095],[18.759182,49.739043],[18.759537,49.739025],[18.762679,49.739068],[18.763446,49.739014],[18.763818,49.738939],[18.764516,49.738712],[18.765123,49.738384],[18.765366,49.738202],[18.766749,49.737014],[18.767012,49.736833],[18.767314,49.736668],[18.767636,49.736531],[18.767987,49.736418],[18.768731,49.73628],[18.769113,49.736249],[18.769496,49.736246],[18.772399,49.736434],[18.773212,49.736403],[18.773926,49.736266],[18.775294,49.7359],[18.775994,49.735745],[18.776374,49.735694],[18.776753,49.735677],[18.777147,49.735687],[18.777915,49.735796],[18.779339,49.73614],[18.77973,49.736224],[18.78015,49.736281],[18.780697,49.736309],[18.782188,49.736311],[18.782574,49.736268],[18.783299,49.73611],[18.783638,49.735994],[18.78396,49.735849],[18.784262,49.735681],[18.784525,49.735496],[18.78501,49.734978],[18.785759,49.734039],[18.78597,49.733833],[18.786214,49.733644],[18.786505,49.733468],[18.78681,49.733314],[18.78714,49.733189],[18.788487,49.732791],[18.789246,49.732531],[18.789565,49.732386],[18.789855,49.73221],[18.790108,49.732023],[18.790327,49.731816],[18.791981,49.729601],[18.792334,49.729221],[18.793229,49.728559],[18.793616,49.72831],[18.79424,49.728007],[18.794987,49.727771],[18.795369,49.727695],[18.795774,49.727646],[18.79619,49.727614],[18.796588,49.727618],[18.799138,49.727791],[18.800471,49.727965],[18.802778,49.72813],[18.80421,49.728144],[18.805132,49.728199],[18.805674,49.728184],[18.80625,49.728105],[18.806626,49.728016],[18.806978,49.727904],[18.807581,49.727611],[18.808097,49.727228],[18.808294,49.727009],[18.808951,49.726112],[18.80942,49.725665],[18.817903,49.719719],[18.818456,49.719309],[18.818783,49.719025],[18.819069,49.718726],[18.819852,49.717778],[18.820149,49.71737],[18.820508,49.716699],[18.820582,49.716476],[18.820692,49.715967],[18.820943,49.71093],[18.820985,49.710575],[18.821197,49.709859],[18.822058,49.708032],[18.822942,49.705404],[18.823139,49.704959],[18.82333,49.704634],[18.823568,49.70431],[18.824142,49.703719],[18.826291,49.701947],[18.826584,49.701672],[18.826835,49.701372],[18.830474,49.696152],[18.839837,49.682586],[18.840248,49.682065],[18.840491,49.681845],[18.84077,49.681648],[18.841091,49.681473],[18.841464,49.681319],[18.842159,49.681112],[18.845507,49.680227],[18.846349,49.679962],[18.846999,49.679626],[18.847293,49.679428],[18.847545,49.679222],[18.847765,49.678993],[18.848068,49.678566],[18.848189,49.6783],[18.848274,49.677975],[18.848392,49.676853],[18.84898,49.675021],[18.849034,49.674691],[18.849036,49.674285],[18.848946,49.673892],[18.847136,49.668604],[18.846967,49.667913],[18.846986,49.667513],[18.847078,49.667128],[18.84721,49.66686],[18.847432,49.666544],[18.847938,49.666063],[18.850116,49.664195],[18.850408,49.663913],[18.850682,49.663547],[18.850765,49.663384],[18.850869,49.662984],[18.850948,49.661641],[18.851015,49.661372],[18.851221,49.660997],[18.851459,49.660713],[18.851773,49.660442],[18.85303,49.659635],[18.8541,49.65902],[18.854682,49.658609],[18.855081,49.658245],[18.855741,49.657489],[18.856205,49.656903],[18.856522,49.656429],[18.858136,49.654457],[18.859313,49.65272],[18.859586,49.652438],[18.859898,49.652192],[18.860482,49.651881],[18.861102,49.651671],[18.863799,49.651144],[18.864364,49.650978],[18.864873,49.650786],[18.865243,49.650609],[18.86566,49.65036],[18.86601,49.650059],[18.866334,49.649625],[18.866497,49.649184],[18.866518,49.648839],[18.866428,49.648426],[18.866247,49.648067],[18.866066,49.647843],[18.865845,49.647632],[18.865601,49.647455],[18.865325,49.647297],[18.864099,49.646694],[18.863819,49.646503],[18.863585,49.646289],[18.863378,49.646012],[18.863255,49.645761],[18.863189,49.645416],[18.863191,49.645203],[18.863246,49.645],[18.863359,49.644735],[18.863489,49.64454],[18.863734,49.644272],[18.864013,49.644061],[18.864462,49.64384],[18.864786,49.643727],[18.866217,49.643418],[18.866742,49.643248],[18.867055,49.643103],[18.867447,49.642875],[18.867803,49.642578],[18.868102,49.642219],[18.868339,49.641757],[18.868385,49.641518],[18.868389,49.641254],[18.868282,49.640723],[18.867531,49.638241],[18.867474,49.637963],[18.867454,49.637711],[18.867477,49.637432],[18.867644,49.636917],[18.867954,49.636421],[18.868186,49.636189],[18.871462,49.633581],[18.871701,49.633367],[18.871945,49.633119],[18.872152,49.632841],[18.87243,49.632273],[18.872908,49.629911],[18.872947,49.629306],[18.872894,49.629006],[18.872415,49.627293],[18.872319,49.627003],[18.872173,49.626704],[18.872012,49.62645],[18.87178,49.626184],[18.870882,49.62537],[18.870551,49.624935],[18.870383,49.624453],[18.870356,49.624228],[18.870383,49.623904],[18.870559,49.623454],[18.870851,49.62304],[18.871292,49.622675],[18.871563,49.62252],[18.872208,49.622271],[18.87288,49.622122],[18.875376,49.621806]]}},{"type":"Feature","properties":{"mode":"tram","n":6,"arr":["S4","S5","S5/S1","S6","S6/S1","S51"],"lines":"S4, S5, S5/S1, S6, S6/S1, S51"},"geometry":{"type":"LineString","coordinates":[[18.978062,50.21695],[18.978448,50.217333],[18.978683,50.217657],[18.978974,50.218193],[18.979131,50.218616],[18.979186,50.219131],[18.979098,50.219792],[18.979066,50.220657]]}},{"type":"Feature","properties":{"mode":"tram","n":7,"arr":["S4","S5","S5/S1","S6","S6/S1","S51","S71"],"lines":"S4, S5, S5/S1, S6, S6/S1, S51, S71"},"geometry":{"type":"LineString","coordinates":[[18.979066,50.220657],[18.979019,50.220882],[18.97852,50.222263],[18.978261,50.22356],[18.978343,50.223876]]}},{"type":"Feature","properties":{"mode":"tram","n":5,"arr":["S5","S5/S1","S6","S6/S1","S51"],"lines":"S5, S5/S1, S6, S6/S1, S51"},"geometry":{"type":"LineString","coordinates":[[18.972325,50.214368],[18.972057,50.214259]]}},{"type":"Feature","properties":{"mode":"tram","n":5,"arr":["S5","S5/S1","S6","S6/S1","S51"],"lines":"S5, S5/S1, S6, S6/S1, S51"},"geometry":{"type":"LineString","coordinates":[[18.972056,50.214259],[18.971989,50.213998]]}},{"type":"Feature","properties":{"mode":"tram","n":5,"arr":["S6","S6/S1","S61","S76","S77"],"lines":"S6, S6/S1, S61, S76, S77"},"geometry":{"type":"LineString","coordinates":[[18.822682,49.88857],[18.823864,49.88926],[18.824403,49.889622],[18.827369,49.891994],[18.828988,49.893459],[18.829445,49.893795],[18.830016,49.894132],[18.830502,49.894365],[18.831175,49.894626],[18.832906,49.895197],[18.833557,49.895383],[18.834676,49.895611],[18.836835,49.895923]]}},{"type":"Feature","properties":{"mode":"tram","n":6,"arr":["S7","S7/S17","S7/S72","S17/S7","S72/S7","S77"],"lines":"S7, S7/S17, S7/S72, S17/S7, S72/S7, S77"},"geometry":{"type":"LineString","coordinates":[[18.226646,50.090276],[18.227693,50.091624],[18.228181,50.092087],[18.2294,50.093049],[18.230498,50.093755],[18.231328,50.094218],[18.263727,50.108726],[18.265149,50.109465],[18.266575,50.110338],[18.26757,50.111033],[18.268827,50.112021],[18.269618,50.112733],[18.270169,50.113286],[18.270744,50.11393],[18.27124,50.114539],[18.284779,50.132117],[18.285395,50.132992],[18.285975,50.133896],[18.286515,50.1348],[18.287013,50.135712],[18.287623,50.136963],[18.288145,50.138211],[18.288577,50.139453],[18.288995,50.140931],[18.289349,50.142739],[18.290401,50.149977],[18.290685,50.15097],[18.291319,50.155222],[18.291536,50.155948],[18.29177,50.156461],[18.292188,50.157142],[18.292561,50.157605],[18.293797,50.158907],[18.294187,50.15928],[18.294921,50.159897],[18.295661,50.160421],[18.29674,50.161069],[18.297775,50.161584],[18.298659,50.161956],[18.299826,50.16237],[18.300619,50.162605],[18.30199,50.162936],[18.307179,50.164037],[18.30864,50.16431],[18.311213,50.164628],[18.312425,50.164722],[18.313739,50.164747],[18.315352,50.164669],[18.316158,50.164583],[18.3172,50.164425],[18.319881,50.16388],[18.321592,50.163447],[18.322238,50.163253],[18.32324,50.16291],[18.324035,50.162611],[18.325562,50.161939],[18.342717,50.153721],[18.343549,50.153352],[18.345334,50.152617],[18.347176,50.151943],[18.349762,50.151095],[18.365264,50.146093],[18.366168,50.145818],[18.368036,50.145337],[18.370158,50.144922],[18.389868,50.142135],[18.390723,50.141986],[18.391353,50.141849],[18.391948,50.141695],[18.392809,50.141426],[18.394103,50.140919],[18.394763,50.140596],[18.405126,50.135138],[18.405899,50.134689],[18.406448,50.134247],[18.406977,50.13369],[18.407344,50.133143],[18.407782,50.132298],[18.408075,50.131655],[18.408251,50.131165],[18.41021,50.124688],[18.410496,50.122909],[18.410508,50.121704],[18.410417,50.120581],[18.408364,50.107904],[18.408222,50.106621],[18.408225,50.105323],[18.408268,50.104673],[18.408493,50.103396],[18.411816,50.08923],[18.412199,50.088067],[18.412489,50.087416],[18.412779,50.086849],[18.413443,50.085811],[18.414262,50.084758],[18.416166,50.082654],[18.416556,50.082139],[18.41714,50.081178],[18.417366,50.0807],[18.417553,50.080207],[18.418379,50.077156],[18.418703,50.075805],[18.419,50.074821],[18.419227,50.074348],[18.419635,50.073763],[18.419889,50.073454],[18.420297,50.073029],[18.42066,50.072718],[18.422655,50.071169],[18.423167,50.070853],[18.424354,50.069959],[18.424786,50.069684],[18.425283,50.069418],[18.42577,50.069187],[18.426183,50.069023],[18.426974,50.068754],[18.427305,50.068663],[18.428289,50.068459],[18.428821,50.068384],[18.429582,50.068322],[18.430062,50.06832],[18.431494,50.068391],[18.432546,50.068472],[18.433309,50.068587],[18.434961,50.068917],[18.435758,50.069045],[18.439155,50.069433],[18.439879,50.069475],[18.440775,50.069485],[18.441623,50.069471],[18.442342,50.069427],[18.44305,50.069364],[18.443678,50.069276],[18.444295,50.069158],[18.444892,50.069015],[18.448319,50.068065],[18.449335,50.067844],[18.450023,50.067752],[18.450608,50.067705],[18.45121,50.067685],[18.452387,50.067722],[18.452983,50.06778],[18.458928,50.068411],[18.467065,50.069235],[18.480198,50.070155],[18.481517,50.070213],[18.482737,50.070211],[18.48359,50.070167],[18.484513,50.070088],[18.485992,50.069885],[18.487338,50.069612],[18.488798,50.069211],[18.490136,50.068742],[18.491344,50.068222],[18.492369,50.067694],[18.494605,50.06645],[18.495554,50.066006],[18.496521,50.06565],[18.497321,50.065422],[18.498171,50.065231],[18.499064,50.065083],[18.49999,50.064983],[18.50101,50.064929],[18.501774,50.064931],[18.502426,50.064968],[18.505997,50.065369],[18.51034,50.065973]]}},{"type":"Feature","properties":{"mode":"tram","n":8,"arr":["S7","S7/S17","S7/S72","S17","S71","S71/S72","S72/S71","S77"],"lines":"S7, S7/S17, S7/S72, S17, S71, S71/S72, S72/S71, S77"},"geometry":{"type":"LineString","coordinates":[[18.51034,50.065973],[18.512612,50.066274],[18.516695,50.066741],[18.517401,50.066838],[18.518026,50.066943],[18.519223,50.067191],[18.519971,50.067397]]}},{"type":"Feature","properties":{"mode":"tram","n":10,"arr":["S7","S7/S17","S7/S72","S17","S17/S7","S71","S71/S72","S72/S7","S72/S71","S77"],"lines":"S7, S7/S17, S7/S72, S17, S17/S7, S71, S71/S72, S72/S7, S72/S71, S77"},"geometry":{"type":"LineString","coordinates":[[18.519971,50.067397],[18.52062,50.067544],[18.521399,50.067775],[18.527811,50.06998],[18.528959,50.070416],[18.529559,50.070684],[18.531131,50.071491],[18.531703,50.071755],[18.532372,50.072034],[18.534658,50.072911],[18.535694,50.073376],[18.536457,50.073783],[18.537069,50.074157],[18.537788,50.074645],[18.538567,50.075217],[18.539537,50.076009],[18.540202,50.076652],[18.54073,50.077299],[18.541174,50.078039],[18.541493,50.078835],[18.541802,50.080004],[18.542512,50.083679],[18.54269,50.084334],[18.542939,50.084879],[18.543223,50.085324],[18.543579,50.08576],[18.544156,50.086351]]}},{"type":"Feature","properties":{"mode":"tram","n":5,"arr":["S7","S7/S17","S17","S17/S7","S71"],"lines":"S7, S7/S17, S17, S17/S7, S71"},"geometry":{"type":"LineString","coordinates":[[18.544156,50.086351],[18.545529,50.087712],[18.545926,50.088051],[18.546574,50.088489],[18.547339,50.088884]]}},{"type":"Feature","properties":{"mode":"tram","n":6,"arr":["S7","S7/S17","S17","S17/S7","S71","S74"],"lines":"S7, S7/S17, S17, S17/S7, S71, S74"},"geometry":{"type":"LineString","coordinates":[[18.547339,50.088884],[18.553769,50.091912],[18.554894,50.09251],[18.556818,50.093414]]}},{"type":"Feature","properties":{"mode":"tram","n":8,"arr":["S7","S7/S17","S17","S17/S7","S71","S74","S75","S76"],"lines":"S7, S7/S17, S17, S17/S7, S71, S74, S75, S76"},"geometry":{"type":"LineString","coordinates":[[18.556818,50.093414],[18.559137,50.094516],[18.559825,50.094895],[18.560216,50.095146],[18.560906,50.095678],[18.561259,50.096048],[18.561748,50.096656],[18.562115,50.09731],[18.563126,50.100115],[18.563334,50.100594],[18.563537,50.10095],[18.563864,50.101406],[18.564225,50.101811],[18.564777,50.102304],[18.565394,50.102738],[18.566392,50.103291],[18.602944,50.121862],[18.603521,50.122184],[18.604618,50.122913],[18.605508,50.123647],[18.605936,50.124072],[18.606328,50.124518],[18.612141,50.132026],[18.614385,50.135149],[18.615321,50.136648],[18.618291,50.140822]]}},{"type":"Feature","properties":{"mode":"tram","n":5,"arr":["S7/S17","S17","S17/S7","S75","S76"],"lines":"S7/S17, S17, S17/S7, S75, S76"},"geometry":{"type":"LineString","coordinates":[[18.618291,50.140822],[18.618602,50.141363],[18.619305,50.142356],[18.619648,50.142933],[18.619951,50.143349],[18.620221,50.143641],[18.62077,50.144123],[18.621389,50.144565],[18.622128,50.144998],[18.623755,50.145839],[18.624354,50.146215],[18.625035,50.146729],[18.625589,50.147255],[18.626044,50.147811],[18.626434,50.148448],[18.626783,50.149267],[18.626904,50.149942],[18.627715,50.163813],[18.62821,50.171431],[18.628264,50.171917],[18.628484,50.172866],[18.62884,50.173761],[18.629317,50.174608],[18.629932,50.175427],[18.63031,50.175836],[18.630809,50.176304],[18.631388,50.176789],[18.640907,50.183614],[18.641885,50.184385],[18.642752,50.185213],[18.651004,50.193634],[18.651933,50.194425],[18.652491,50.194792],[18.654491,50.196406],[18.659551,50.200344],[18.660879,50.201427],[18.661356,50.201892],[18.661916,50.202593],[18.662177,50.202997],[18.662569,50.203802],[18.662816,50.204631],[18.662905,50.20521],[18.663491,50.212574],[18.663553,50.213071],[18.663687,50.213605],[18.66383,50.21398],[18.664004,50.214325],[18.664258,50.214734],[18.66449,50.215035],[18.664793,50.215373],[18.665162,50.215723],[18.665924,50.216294],[18.666352,50.216557],[18.667103,50.216937],[18.667652,50.217163],[18.668488,50.217438],[18.669291,50.217631],[18.670127,50.217775],[18.670927,50.217861],[18.671731,50.217898],[18.672606,50.217892],[18.680973,50.217571],[18.683984,50.21741],[18.694147,50.217007],[18.701125,50.216686],[18.701627,50.216682],[18.7144,50.21722],[18.732583,50.217945],[18.733575,50.218017],[18.734374,50.218127],[18.735029,50.218257],[18.735581,50.218401],[18.7362,50.218599],[18.742564,50.221068],[18.743658,50.221523],[18.744132,50.22176],[18.7446,50.222031],[18.745021,50.222318],[18.745415,50.222627],[18.745775,50.222954],[18.746373,50.223649],[18.746807,50.224401],[18.746963,50.224791],[18.747091,50.225207],[18.747161,50.225566],[18.747187,50.225952],[18.747158,50.226328],[18.746982,50.226994],[18.746654,50.227613],[18.74641,50.227949],[18.745878,50.228493],[18.742891,50.231145],[18.740775,50.232916],[18.740361,50.233311],[18.737904,50.236025],[18.735856,50.238652],[18.735592,50.239028],[18.735361,50.239426],[18.735017,50.240244],[18.734909,50.240636],[18.734803,50.241492],[18.734859,50.242362],[18.734937,50.242771],[18.73507,50.243213],[18.737146,50.248652],[18.73769,50.250371],[18.737862,50.251329],[18.738246,50.255789],[18.738414,50.256608],[18.738564,50.25702],[18.738947,50.257754],[18.739411,50.258389],[18.739713,50.258724],[18.74035,50.259311],[18.741159,50.259869],[18.745503,50.262479],[18.748322,50.264061],[18.751777,50.266122],[18.753798,50.267426],[18.756283,50.268936],[18.756762,50.269281],[18.757573,50.269764],[18.758483,50.270445],[18.759018,50.270801],[18.759457,50.271029],[18.760959,50.271732],[18.761934,50.272143],[18.76365,50.272821],[18.764373,50.273224],[18.764709,50.273465],[18.765029,50.273741],[18.76529,50.274015],[18.765512,50.274298],[18.765744,50.274671],[18.765886,50.27501],[18.765971,50.275335],[18.765992,50.275652],[18.76594,50.276118],[18.765802,50.276489],[18.76531,50.277351],[18.765031,50.277958],[18.758516,50.2891],[18.758099,50.28973],[18.757741,50.290163],[18.75712,50.290796],[18.7562,50.291558],[18.755643,50.291942],[18.755097,50.292278],[18.75398,50.292862],[18.752719,50.293382],[18.748245,50.29496],[18.747663,50.295132],[18.74684,50.295277],[18.746081,50.295346],[18.732284,50.295881],[18.731003,50.295903],[18.730069,50.295859],[18.727768,50.295651],[18.726623,50.29558],[18.725906,50.295572],[18.723187,50.295616],[18.720101,50.295608],[18.717337,50.295648],[18.716457,50.295638],[18.71558,50.295598],[18.714547,50.295493],[18.713821,50.29538],[18.710885,50.294842],[18.709635,50.294634],[18.708899,50.294546],[18.707825,50.294475],[18.706909,50.29446],[18.704389,50.29447],[18.698131,50.294563],[18.69691,50.294615],[18.695397,50.294759],[18.693916,50.294999],[18.692382,50.295309],[18.690767,50.295669],[18.688964,50.296147],[18.687885,50.296498],[18.686393,50.297065],[18.683748,50.298133],[18.681981,50.298894],[18.680175,50.299635]]}},{"type":"Feature","properties":{"mode":"tram","n":5,"arr":["S7/S72","S71/S72","S72/S7","S72/S71","S77"],"lines":"S7/S72, S71/S72, S72/S7, S72/S71, S77"},"geometry":{"type":"LineString","coordinates":[[18.544156,50.086351],[18.544538,50.086651],[18.545547,50.08765],[18.545947,50.087977],[18.546509,50.088329],[18.547444,50.088781]]}},{"type":"Feature","properties":{"mode":"tram","n":7,"arr":["S7/S72","S71/S72","S72/S7","S72/S71","S75","S76","S77"],"lines":"S7/S72, S71/S72, S72/S7, S72/S71, S75, S76, S77"},"geometry":{"type":"LineString","coordinates":[[18.547444,50.088781],[18.551931,50.090899],[18.552173,50.091029],[18.552185,50.091035],[18.552192,50.091039],[18.552195,50.09104],[18.552193,50.091039],[18.552186,50.091035],[18.552174,50.091028],[18.551489,50.09064],[18.551477,50.090633],[18.551471,50.090629],[18.551469,50.090627],[18.551471,50.090628],[18.551479,50.090632],[18.551492,50.090638],[18.553609,50.091684]]}},{"type":"Feature","properties":{"mode":"tram","n":9,"arr":["S7/S72","S71/S72","S72","S72/S5","S72/S7","S72/S71","S75","S76","S77"],"lines":"S7/S72, S71/S72, S72, S72/S5, S72/S7, S72/S71, S75, S76, S77"},"geometry":{"type":"LineString","coordinates":[[18.553609,50.091684],[18.554639,50.092276],[18.560479,50.095037],[18.563036,50.09622],[18.564057,50.096651],[18.565415,50.097116],[18.566722,50.097465],[18.56806,50.097735],[18.56975,50.097977],[18.570845,50.098077],[18.572079,50.098134],[18.573416,50.098122],[18.574558,50.09805],[18.575486,50.09795],[18.584969,50.096659],[18.585895,50.096553],[18.586969,50.096472],[18.588066,50.096432],[18.589573,50.096448],[18.590626,50.096508],[18.592855,50.096705],[18.593621,50.096741],[18.594498,50.096726],[18.595466,50.096643],[18.596386,50.096495],[18.59723,50.096292],[18.598035,50.096028],[18.59862,50.095788],[18.599384,50.095412],[18.608065,50.090575],[18.608809,50.090225],[18.609885,50.0898],[18.610775,50.089505],[18.611947,50.089193],[18.613254,50.088936],[18.614704,50.08875],[18.620435,50.088268],[18.62309,50.088093],[18.626617,50.087801],[18.630416,50.087421],[18.645791,50.086109],[18.646534,50.08602],[18.647265,50.085899],[18.648709,50.085591],[18.686722,50.075762],[18.688193,50.075336],[18.689485,50.074846],[18.690709,50.074267],[18.691269,50.07395],[18.691818,50.073615],[18.692338,50.07325],[18.692815,50.072879],[18.693271,50.072481],[18.693952,50.071787],[18.694542,50.071041],[18.69479,50.07065],[18.695169,50.069882],[18.698692,50.060592],[18.699086,50.059576],[18.699282,50.059239],[18.699429,50.058875],[18.700209,50.056822],[18.700482,50.056231],[18.702899,50.051623]]}},{"type":"Feature","properties":{"mode":"tram","n":5,"arr":["S72","S72/S5","S75","S76","S77"],"lines":"S72, S72/S5, S75, S76, S77"},"geometry":{"type":"LineString","coordinates":[[18.702899,50.051623],[18.70327,50.050919]]}},{"type":"Feature","properties":{"mode":"tram","n":5,"arr":["S72/S7","S72/S71","S75","S76","S77"],"lines":"S72/S7, S72/S71, S75, S76, S77"},"geometry":{"type":"LineString","coordinates":[[18.551321,50.090557],[18.551447,50.090616]]}},{"type":"Feature","properties":{"mode":"tram","n":5,"arr":["S5","S6/S62","S7","S70","S71"],"lines":"S5, S6/S62, S7, S70, S71"},"geometry":{"type":"LineString","coordinates":[[18.978132,50.21722],[18.978126,50.217009]]}}]}